step,kind,ratio,dataset,stratum,kappa_s,alpha,progress
0,selected,1.0,drug,"D=0,Y=1",50,0.19307076976270496,0.0
0,candidate,1.0000000000000002,drug,"D=0,Y=1",50,0.19307076976270496,0.0
0,candidate,1.0,drug,"D=0,Y=1",50,0.19307076976270496,0.0
0,candidate,1.0,drug,"D=0,Y=1",50,0.19307076976270496,0.0
0,candidate,1.0000000000000002,drug,"D=0,Y=1",50,0.19307076976270496,0.0
0,candidate,1.0000000000000002,drug,"D=0,Y=1",50,0.19307076976270496,0.0
0,candidate,1.0,drug,"D=0,Y=1",50,0.19307076976270496,0.0
0,candidate,1.0000000000000002,drug,"D=0,Y=1",50,0.19307076976270496,0.0
0,candidate,1.0,drug,"D=0,Y=1",50,0.19307076976270496,0.0
0,candidate,1.0000000000000002,drug,"D=0,Y=1",50,0.19307076976270496,0.0
0,candidate,1.0000000000000002,drug,"D=0,Y=1",50,0.19307076976270496,0.0
0,candidate,1.0000000000000002,drug,"D=0,Y=1",50,0.19307076976270496,0.0
0,candidate,1.0,drug,"D=0,Y=1",50,0.19307076976270496,0.0
0,candidate,1.0,drug,"D=0,Y=1",50,0.19307076976270496,0.0
0,candidate,1.0000000000000002,drug,"D=0,Y=1",50,0.19307076976270496,0.0
0,candidate,1.0,drug,"D=0,Y=1",50,0.19307076976270496,0.0
0,candidate,1.0,drug,"D=0,Y=1",50,0.19307076976270496,0.0
0,candidate,1.0,drug,"D=0,Y=1",50,0.19307076976270496,0.0
0,candidate,1.0,drug,"D=0,Y=1",50,0.19307076976270496,0.0
0,candidate,1.0000000000000002,drug,"D=0,Y=1",50,0.19307076976270496,0.0
0,candidate,1.0000000000000002,drug,"D=0,Y=1",50,0.19307076976270496,0.0
1,selected,0.9994143731929114,drug,"D=0,Y=1",50,0.19307076976270496,0.02040816326530612
1,candidate,1.0000000000000002,drug,"D=0,Y=1",50,0.19307076976270496,0.02040816326530612
1,candidate,1.0000000000000002,drug,"D=0,Y=1",50,0.19307076976270496,0.02040816326530612
1,candidate,0.9999999999999998,drug,"D=0,Y=1",50,0.19307076976270496,0.02040816326530612
1,candidate,0.9996509772705708,drug,"D=0,Y=1",50,0.19307076976270496,0.02040816326530612
1,candidate,1.0,drug,"D=0,Y=1",50,0.19307076976270496,0.02040816326530612
1,candidate,0.9833173755769372,drug,"D=0,Y=1",50,0.19307076976270496,0.02040816326530612
1,candidate,0.9986974363355771,drug,"D=0,Y=1",50,0.19307076976270496,0.02040816326530612
1,candidate,1.0000000000000002,drug,"D=0,Y=1",50,0.19307076976270496,0.02040816326530612
1,candidate,0.997620235792476,drug,"D=0,Y=1",50,0.19307076976270496,0.02040816326530612
1,candidate,1.0000000000000002,drug,"D=0,Y=1",50,0.19307076976270496,0.02040816326530612
1,candidate,1.0000000000000002,drug,"D=0,Y=1",50,0.19307076976270496,0.02040816326530612
1,candidate,1.0,drug,"D=0,Y=1",50,0.19307076976270496,0.02040816326530612
1,candidate,1.0000000000000002,drug,"D=0,Y=1",50,0.19307076976270496,0.02040816326530612
1,candidate,0.9999999999999998,drug,"D=0,Y=1",50,0.19307076976270496,0.02040816326530612
1,candidate,1.0,drug,"D=0,Y=1",50,0.19307076976270496,0.02040816326530612
1,candidate,0.9999999999999998,drug,"D=0,Y=1",50,0.19307076976270496,0.02040816326530612
1,candidate,1.0000000000000002,drug,"D=0,Y=1",50,0.19307076976270496,0.02040816326530612
1,candidate,1.0000000000000002,drug,"D=0,Y=1",50,0.19307076976270496,0.02040816326530612
1,candidate,0.9993247942601288,drug,"D=0,Y=1",50,0.19307076976270496,0.02040816326530612
1,candidate,1.0000000000000002,drug,"D=0,Y=1",50,0.19307076976270496,0.02040816326530612
2,selected,0.9999999999999996,drug,"D=0,Y=1",50,0.19307076976270496,0.04081632653061224
2,candidate,0.997915977309589,drug,"D=0,Y=1",50,0.19307076976270496,0.04081632653061224
2,candidate,0.9999999999999996,drug,"D=0,Y=1",50,0.19307076976270496,0.04081632653061224
2,candidate,0.9999999999999998,drug,"D=0,Y=1",50,0.19307076976270496,0.04081632653061224
2,candidate,0.9980721611458478,drug,"D=0,Y=1",50,0.19307076976270496,0.04081632653061224
2,candidate,0.9999999999999996,drug,"D=0,Y=1",50,0.19307076976270496,0.04081632653061224
2,candidate,0.9946746938271083,drug,"D=0,Y=1",50,0.19307076976270496,0.04081632653061224
2,candidate,0.9999999999999996,drug,"D=0,Y=1",50,0.19307076976270496,0.04081632653061224
2,candidate,0.9967817177755992,drug,"D=0,Y=1",50,0.19307076976270496,0.04081632653061224
2,candidate,0.9999999999999998,drug,"D=0,Y=1",50,0.19307076976270496,0.04081632653061224
2,candidate,0.9999999999999998,drug,"D=0,Y=1",50,0.19307076976270496,0.04081632653061224
2,candidate,0.9999999999999996,drug,"D=0,Y=1",50,0.19307076976270496,0.04081632653061224
2,candidate,1.0,drug,"D=0,Y=1",50,0.19307076976270496,0.04081632653061224
2,candidate,1.0,drug,"D=0,Y=1",50,0.19307076976270496,0.04081632653061224
2,candidate,0.9999999999999998,drug,"D=0,Y=1",50,0.19307076976270496,0.04081632653061224
2,candidate,0.9999999999999998,drug,"D=0,Y=1",50,0.19307076976270496,0.04081632653061224
2,candidate,1.0,drug,"D=0,Y=1",50,0.19307076976270496,0.04081632653061224
2,candidate,0.9999999999999996,drug,"D=0,Y=1",50,0.19307076976270496,0.04081632653061224
2,candidate,0.9956663135311287,drug,"D=0,Y=1",50,0.19307076976270496,0.04081632653061224
2,candidate,0.9924900379609606,drug,"D=0,Y=1",50,0.19307076976270496,0.04081632653061224
2,candidate,0.9898243603546671,drug,"D=0,Y=1",50,0.19307076976270496,0.04081632653061224
3,selected,0.9952119043579049,drug,"D=0,Y=1",50,0.19307076976270496,0.061224489795918366
3,candidate,0.9989173847463344,drug,"D=0,Y=1",50,0.19307076976270496,0.061224489795918366
3,candidate,0.9946746938271096,drug,"D=0,Y=1",50,0.19307076976270496,0.061224489795918366
3,candidate,1.0,drug,"D=0,Y=1",50,0.19307076976270496,0.061224489795918366
3,candidate,0.9938677307832042,drug,"D=0,Y=1",50,0.19307076976270496,0.061224489795918366
3,candidate,0.995885811676231,drug,"D=0,Y=1",50,0.19307076976270496,0.061224489795918366
3,candidate,1.0000000000000004,drug,"D=0,Y=1",50,0.19307076976270496,0.061224489795918366
3,candidate,0.9999725073034086,drug,"D=0,Y=1",50,0.19307076976270496,0.061224489795918366
3,candidate,1.0000000000000002,drug,"D=0,Y=1",50,0.19307076976270496,0.061224489795918366
3,candidate,1.0000000000000007,drug,"D=0,Y=1",50,0.19307076976270496,0.061224489795918366
3,candidate,0.9960585371980987,drug,"D=0,Y=1",50,0.19307076976270496,0.061224489795918366
3,candidate,0.9960952443287181,drug,"D=0,Y=1",50,0.19307076976270496,0.061224489795918366
3,candidate,0.9994479817327123,drug,"D=0,Y=1",50,0.19307076976270496,0.061224489795918366
3,candidate,0.9967063313674098,drug,"D=0,Y=1",50,0.19307076976270496,0.061224489795918366
3,candidate,1.0000000000000002,drug,"D=0,Y=1",50,0.19307076976270496,0.061224489795918366
3,candidate,1.0000000000000004,drug,"D=0,Y=1",50,0.19307076976270496,0.061224489795918366
3,candidate,0.9963766281601746,drug,"D=0,Y=1",50,0.19307076976270496,0.061224489795918366
3,candidate,0.9999999999999999,drug,"D=0,Y=1",50,0.19307076976270496,0.061224489795918366
3,candidate,0.9996575358570341,drug,"D=0,Y=1",50,0.19307076976270496,0.061224489795918366
3,candidate,0.9966775872776643,drug,"D=0,Y=1",50,0.19307076976270496,0.061224489795918366
3,candidate,1.0000000000000004,drug,"D=0,Y=1",50,0.19307076976270496,0.061224489795918366
4,selected,0.9994654500652944,drug,"D=0,Y=1",50,0.19307076976270496,0.08163265306122448
4,candidate,0.9999999999999996,drug,"D=0,Y=1",50,0.19307076976270496,0.08163265306122448
4,candidate,0.9999999999999996,drug,"D=0,Y=1",50,0.19307076976270496,0.08163265306122448
4,candidate,0.9999999999999998,drug,"D=0,Y=1",50,0.19307076976270496,0.08163265306122448
4,candidate,0.9999985499670223,drug,"D=0,Y=1",50,0.19307076976270496,0.08163265306122448
4,candidate,0.9999999999999993,drug,"D=0,Y=1",50,0.19307076976270496,0.08163265306122448
4,candidate,1.0000000000000002,drug,"D=0,Y=1",50,0.19307076976270496,0.08163265306122448
4,candidate,1.0,drug,"D=0,Y=1",50,0.19307076976270496,0.08163265306122448
4,candidate,0.9983328282932842,drug,"D=0,Y=1",50,0.19307076976270496,0.08163265306122448
4,candidate,0.9999999999999996,drug,"D=0,Y=1",50,0.19307076976270496,0.08163265306122448
4,candidate,0.9966234151055953,drug,"D=0,Y=1",50,0.19307076976270496,0.08163265306122448
4,candidate,0.9999011836262612,drug,"D=0,Y=1",50,0.19307076976270496,0.08163265306122448
4,candidate,0.9858608026650667,drug,"D=0,Y=1",50,0.19307076976270496,0.08163265306122448
4,candidate,0.9999999999999991,drug,"D=0,Y=1",50,0.19307076976270496,0.08163265306122448
4,candidate,0.9989886726644015,drug,"D=0,Y=1",50,0.19307076976270496,0.08163265306122448
4,candidate,0.9999999999999996,drug,"D=0,Y=1",50,0.19307076976270496,0.08163265306122448
4,candidate,0.9994046101140739,drug,"D=0,Y=1",50,0.19307076976270496,0.08163265306122448
4,candidate,0.9999999999999996,drug,"D=0,Y=1",50,0.19307076976270496,0.08163265306122448
4,candidate,1.0,drug,"D=0,Y=1",50,0.19307076976270496,0.08163265306122448
4,candidate,0.9992715798174462,drug,"D=0,Y=1",50,0.19307076976270496,0.08163265306122448
4,candidate,0.9960722531847512,drug,"D=0,Y=1",50,0.19307076976270496,0.08163265306122448
5,selected,0.9986260253084884,drug,"D=0,Y=1",50,0.19307076976270496,0.10204081632653061
5,candidate,0.9999975428283885,drug,"D=0,Y=1",50,0.19307076976270496,0.10204081632653061
5,candidate,0.979337010525535,drug,"D=0,Y=1",50,0.19307076976270496,0.10204081632653061
5,candidate,0.9978388735837795,drug,"D=0,Y=1",50,0.19307076976270496,0.10204081632653061
5,candidate,0.9797011055373254,drug,"D=0,Y=1",50,0.19307076976270496,0.10204081632653061
5,candidate,0.9953783384389393,drug,"D=0,Y=1",50,0.19307076976270496,0.10204081632653061
5,candidate,0.9944643765729387,drug,"D=0,Y=1",50,0.19307076976270496,0.10204081632653061
5,candidate,1.0000000000000007,drug,"D=0,Y=1",50,0.19307076976270496,0.10204081632653061
5,candidate,1.0000000000000009,drug,"D=0,Y=1",50,0.19307076976270496,0.10204081632653061
5,candidate,1.0,drug,"D=0,Y=1",50,0.19307076976270496,0.10204081632653061
5,candidate,0.9993790074382027,drug,"D=0,Y=1",50,0.19307076976270496,0.10204081632653061
5,candidate,0.9981877577464985,drug,"D=0,Y=1",50,0.19307076976270496,0.10204081632653061
5,candidate,0.9800985563222007,drug,"D=0,Y=1",50,0.19307076976270496,0.10204081632653061
5,candidate,1.0000000000000004,drug,"D=0,Y=1",50,0.19307076976270496,0.10204081632653061
5,candidate,0.9950261035860939,drug,"D=0,Y=1",50,0.19307076976270496,0.10204081632653061
5,candidate,1.0,drug,"D=0,Y=1",50,0.19307076976270496,0.10204081632653061
5,candidate,0.9998497877279536,drug,"D=0,Y=1",50,0.19307076976270496,0.10204081632653061
5,candidate,1.0000000000000004,drug,"D=0,Y=1",50,0.19307076976270496,0.10204081632653061
5,candidate,1.0000000000000007,drug,"D=0,Y=1",50,0.19307076976270496,0.10204081632653061
5,candidate,0.9845830454330872,drug,"D=0,Y=1",50,0.19307076976270496,0.10204081632653061
5,candidate,0.988971507417197,drug,"D=0,Y=1",50,0.19307076976270496,0.10204081632653061
6,selected,0.9997815645183162,drug,"D=0,Y=1",50,0.19307076976270496,0.12244897959183673
6,candidate,0.9999369557073239,drug,"D=0,Y=1",50,0.19307076976270496,0.12244897959183673
6,candidate,0.9966881327220024,drug,"D=0,Y=1",50,0.19307076976270496,0.12244897959183673
6,candidate,1.0000000000000007,drug,"D=0,Y=1",50,0.19307076976270496,0.12244897959183673
6,candidate,0.998733560331277,drug,"D=0,Y=1",50,0.19307076976270496,0.12244897959183673
6,candidate,0.9811222567226758,drug,"D=0,Y=1",50,0.19307076976270496,0.12244897959183673
6,candidate,0.9997417868060788,drug,"D=0,Y=1",50,0.19307076976270496,0.12244897959183673
6,candidate,0.9999694992555032,drug,"D=0,Y=1",50,0.19307076976270496,0.12244897959183673
6,candidate,1.0,drug,"D=0,Y=1",50,0.19307076976270496,0.12244897959183673
6,candidate,0.9868620829160218,drug,"D=0,Y=1",50,0.19307076976270496,0.12244897959183673
6,candidate,0.9973886915202428,drug,"D=0,Y=1",50,0.19307076976270496,0.12244897959183673
6,candidate,0.9959398123543503,drug,"D=0,Y=1",50,0.19307076976270496,0.12244897959183673
6,candidate,0.9919374796929872,drug,"D=0,Y=1",50,0.19307076976270496,0.12244897959183673
6,candidate,1.0000000000000002,drug,"D=0,Y=1",50,0.19307076976270496,0.12244897959183673
6,candidate,0.9873704429097085,drug,"D=0,Y=1",50,0.19307076976270496,0.12244897959183673
6,candidate,0.9993124106326131,drug,"D=0,Y=1",50,0.19307076976270496,0.12244897959183673
6,candidate,1.0000000000000007,drug,"D=0,Y=1",50,0.19307076976270496,0.12244897959183673
6,candidate,0.996558742056568,drug,"D=0,Y=1",50,0.19307076976270496,0.12244897959183673
6,candidate,0.9962166732354834,drug,"D=0,Y=1",50,0.19307076976270496,0.12244897959183673
6,candidate,1.0,drug,"D=0,Y=1",50,0.19307076976270496,0.12244897959183673
6,candidate,1.0000000000000002,drug,"D=0,Y=1",50,0.19307076976270496,0.12244897959183673
7,selected,0.9998508654293567,drug,"D=0,Y=1",50,0.19307076976270496,0.14285714285714285
7,candidate,0.9997040092068916,drug,"D=0,Y=1",50,0.19307076976270496,0.14285714285714285
7,candidate,0.9945613684569056,drug,"D=0,Y=1",50,0.19307076976270496,0.14285714285714285
7,candidate,0.9999999999999996,drug,"D=0,Y=1",50,0.19307076976270496,0.14285714285714285
7,candidate,0.9993098653964928,drug,"D=0,Y=1",50,0.19307076976270496,0.14285714285714285
7,candidate,0.9975492931351935,drug,"D=0,Y=1",50,0.19307076976270496,0.14285714285714285
7,candidate,0.9773554367609497,drug,"D=0,Y=1",50,0.19307076976270496,0.14285714285714285
7,candidate,0.9999011836262621,drug,"D=0,Y=1",50,0.19307076976270496,0.14285714285714285
7,candidate,0.9928600437060171,drug,"D=0,Y=1",50,0.19307076976270496,0.14285714285714285
7,candidate,0.9992756032217788,drug,"D=0,Y=1",50,0.19307076976270496,0.14285714285714285
7,candidate,0.9972905160454096,drug,"D=0,Y=1",50,0.19307076976270496,0.14285714285714285
7,candidate,0.9943539891494636,drug,"D=0,Y=1",50,0.19307076976270496,0.14285714285714285
7,candidate,0.9999999999999993,drug,"D=0,Y=1",50,0.19307076976270496,0.14285714285714285
7,candidate,0.9867139549114655,drug,"D=0,Y=1",50,0.19307076976270496,0.14285714285714285
7,candidate,1.0000000000000002,drug,"D=0,Y=1",50,0.19307076976270496,0.14285714285714285
7,candidate,0.9806027430080819,drug,"D=0,Y=1",50,0.19307076976270496,0.14285714285714285
7,candidate,0.9994504521556996,drug,"D=0,Y=1",50,0.19307076976270496,0.14285714285714285
7,candidate,0.997529592357474,drug,"D=0,Y=1",50,0.19307076976270496,0.14285714285714285
7,candidate,0.9922943161586354,drug,"D=0,Y=1",50,0.19307076976270496,0.14285714285714285
7,candidate,0.9840226971813734,drug,"D=0,Y=1",50,0.19307076976270496,0.14285714285714285
7,candidate,0.9944018831924102,drug,"D=0,Y=1",50,0.19307076976270496,0.14285714285714285
8,selected,0.9988317461057614,drug,"D=0,Y=1",50,0.19307076976270496,0.16326530612244897
8,candidate,0.9999999999999991,drug,"D=0,Y=1",50,0.19307076976270496,0.16326530612244897
8,candidate,0.9999999999999996,drug,"D=0,Y=1",50,0.19307076976270496,0.16326530612244897
8,candidate,0.9984310297089392,drug,"D=0,Y=1",50,0.19307076976270496,0.16326530612244897
8,candidate,0.9926760514685005,drug,"D=0,Y=1",50,0.19307076976270496,0.16326530612244897
8,candidate,0.9999999999999998,drug,"D=0,Y=1",50,0.19307076976270496,0.16326530612244897
8,candidate,0.992972154924111,drug,"D=0,Y=1",50,0.19307076976270496,0.16326530612244897
8,candidate,0.9972905160454089,drug,"D=0,Y=1",50,0.19307076976270496,0.16326530612244897
8,candidate,0.9979191129190809,drug,"D=0,Y=1",50,0.19307076976270496,0.16326530612244897
8,candidate,0.992898239406514,drug,"D=0,Y=1",50,0.19307076976270496,0.16326530612244897
8,candidate,0.993190178565649,drug,"D=0,Y=1",50,0.19307076976270496,0.16326530612244897
8,candidate,0.9813643993969864,drug,"D=0,Y=1",50,0.19307076976270496,0.16326530612244897
8,candidate,0.9807019847338966,drug,"D=0,Y=1",50,0.19307076976270496,0.16326530612244897
8,candidate,0.9881890627269894,drug,"D=0,Y=1",50,0.19307076976270496,0.16326530612244897
8,candidate,0.9999999999999989,drug,"D=0,Y=1",50,0.19307076976270496,0.16326530612244897
8,candidate,0.9991429772523295,drug,"D=0,Y=1",50,0.19307076976270496,0.16326530612244897
8,candidate,0.9999999999999996,drug,"D=0,Y=1",50,0.19307076976270496,0.16326530612244897
8,candidate,0.9964625439275653,drug,"D=0,Y=1",50,0.19307076976270496,0.16326530612244897
8,candidate,0.9999999999999998,drug,"D=0,Y=1",50,0.19307076976270496,0.16326530612244897
8,candidate,0.9999806314849012,drug,"D=0,Y=1",50,0.19307076976270496,0.16326530612244897
8,candidate,0.9993224954143708,drug,"D=0,Y=1",50,0.19307076976270496,0.16326530612244897
9,selected,0.9959803128830684,drug,"D=0,Y=1",50,0.19307076976270496,0.1836734693877551
9,candidate,1.0000000000000013,drug,"D=0,Y=1",50,0.19307076976270496,0.1836734693877551
9,candidate,0.9998607183362016,drug,"D=0,Y=1",50,0.19307076976270496,0.1836734693877551
9,candidate,1.0000000000000016,drug,"D=0,Y=1",50,0.19307076976270496,0.1836734693877551
9,candidate,0.9844081611375999,drug,"D=0,Y=1",50,0.19307076976270496,0.1836734693877551
9,candidate,1.0000000000000018,drug,"D=0,Y=1",50,0.19307076976270496,0.1836734693877551
9,candidate,0.9975469652522052,drug,"D=0,Y=1",50,0.19307076976270496,0.1836734693877551
9,candidate,1.000000000000001,drug,"D=0,Y=1",50,0.19307076976270496,0.1836734693877551
9,candidate,1.0000000000000004,drug,"D=0,Y=1",50,0.19307076976270496,0.1836734693877551
9,candidate,0.9993007788508982,drug,"D=0,Y=1",50,0.19307076976270496,0.1836734693877551
9,candidate,0.9986540556604254,drug,"D=0,Y=1",50,0.19307076976270496,0.1836734693877551
9,candidate,0.9912366429920796,drug,"D=0,Y=1",50,0.19307076976270496,0.1836734693877551
9,candidate,0.9959229126958046,drug,"D=0,Y=1",50,0.19307076976270496,0.1836734693877551
9,candidate,0.9936914672577821,drug,"D=0,Y=1",50,0.19307076976270496,0.1836734693877551
9,candidate,0.9985869085983304,drug,"D=0,Y=1",50,0.19307076976270496,0.1836734693877551
9,candidate,0.9906393307997199,drug,"D=0,Y=1",50,0.19307076976270496,0.1836734693877551
9,candidate,1.0000000000000004,drug,"D=0,Y=1",50,0.19307076976270496,0.1836734693877551
9,candidate,1.0000000000000018,drug,"D=0,Y=1",50,0.19307076976270496,0.1836734693877551
9,candidate,0.9980386629127324,drug,"D=0,Y=1",50,0.19307076976270496,0.1836734693877551
9,candidate,0.9941894368903014,drug,"D=0,Y=1",50,0.19307076976270496,0.1836734693877551
9,candidate,0.9984539520052709,drug,"D=0,Y=1",50,0.19307076976270496,0.1836734693877551
10,selected,0.9924267529344107,drug,"D=0,Y=1",50,0.19307076976270496,0.20408163265306123
10,candidate,0.9975140411005294,drug,"D=0,Y=1",50,0.19307076976270496,0.20408163265306123
10,candidate,0.9872028638755371,drug,"D=0,Y=1",50,0.19307076976270496,0.20408163265306123
10,candidate,0.9835086146774127,drug,"D=0,Y=1",50,0.19307076976270496,0.20408163265306123
10,candidate,0.9780421904456995,drug,"D=0,Y=1",50,0.19307076976270496,0.20408163265306123
10,candidate,0.9997360289941253,drug,"D=0,Y=1",50,0.19307076976270496,0.20408163265306123
10,candidate,0.9941005344766913,drug,"D=0,Y=1",50,0.19307076976270496,0.20408163265306123
10,candidate,0.9847828244392732,drug,"D=0,Y=1",50,0.19307076976270496,0.20408163265306123
10,candidate,0.9967010007976358,drug,"D=0,Y=1",50,0.19307076976270496,0.20408163265306123
10,candidate,0.997041852228764,drug,"D=0,Y=1",50,0.19307076976270496,0.20408163265306123
10,candidate,0.9972292538949583,drug,"D=0,Y=1",50,0.19307076976270496,0.20408163265306123
10,candidate,0.9939811953203738,drug,"D=0,Y=1",50,0.19307076976270496,0.20408163265306123
10,candidate,0.9968735664413046,drug,"D=0,Y=1",50,0.19307076976270496,0.20408163265306123
10,candidate,1.0000000000000007,drug,"D=0,Y=1",50,0.19307076976270496,0.20408163265306123
10,candidate,1.0,drug,"D=0,Y=1",50,0.19307076976270496,0.20408163265306123
10,candidate,0.9967259634070788,drug,"D=0,Y=1",50,0.19307076976270496,0.20408163265306123
10,candidate,0.9828866488798527,drug,"D=0,Y=1",50,0.19307076976270496,0.20408163265306123
10,candidate,0.9767859906494653,drug,"D=0,Y=1",50,0.19307076976270496,0.20408163265306123
10,candidate,0.9967967757601686,drug,"D=0,Y=1",50,0.19307076976270496,0.20408163265306123
10,candidate,1.000000000000003,drug,"D=0,Y=1",50,0.19307076976270496,0.20408163265306123
10,candidate,0.9975852709028258,drug,"D=0,Y=1",50,0.19307076976270496,0.20408163265306123
11,selected,0.9999999999999981,drug,"D=0,Y=1",50,0.19307076976270496,0.22448979591836735
11,candidate,0.9925887880787281,drug,"D=0,Y=1",50,0.19307076976270496,0.22448979591836735
11,candidate,0.9972234233676732,drug,"D=0,Y=1",50,0.19307076976270496,0.22448979591836735
11,candidate,0.9777446183584757,drug,"D=0,Y=1",50,0.19307076976270496,0.22448979591836735
11,candidate,0.998967131567122,drug,"D=0,Y=1",50,0.19307076976270496,0.22448979591836735
11,candidate,0.9760495211052731,drug,"D=0,Y=1",50,0.19307076976270496,0.22448979591836735
11,candidate,0.9993383687283846,drug,"D=0,Y=1",50,0.19307076976270496,0.22448979591836735
11,candidate,0.9996742351083839,drug,"D=0,Y=1",50,0.19307076976270496,0.22448979591836735
11,candidate,0.9999402479937736,drug,"D=0,Y=1",50,0.19307076976270496,0.22448979591836735
11,candidate,0.986205555140893,drug,"D=0,Y=1",50,0.19307076976270496,0.22448979591836735
11,candidate,0.9974084982229335,drug,"D=0,Y=1",50,0.19307076976270496,0.22448979591836735
11,candidate,0.99739503389305,drug,"D=0,Y=1",50,0.19307076976270496,0.22448979591836735
11,candidate,0.9965260181042885,drug,"D=0,Y=1",50,0.19307076976270496,0.22448979591836735
11,candidate,0.9999999999999992,drug,"D=0,Y=1",50,0.19307076976270496,0.22448979591836735
11,candidate,0.999999999999998,drug,"D=0,Y=1",50,0.19307076976270496,0.22448979591836735
11,candidate,0.9999948610288149,drug,"D=0,Y=1",50,0.19307076976270496,0.22448979591836735
11,candidate,0.9963391156539225,drug,"D=0,Y=1",50,0.19307076976270496,0.22448979591836735
11,candidate,0.9966265124206481,drug,"D=0,Y=1",50,0.19307076976270496,0.22448979591836735
11,candidate,0.9958915567224146,drug,"D=0,Y=1",50,0.19307076976270496,0.22448979591836735
11,candidate,0.9999999999999983,drug,"D=0,Y=1",50,0.19307076976270496,0.22448979591836735
11,candidate,0.9903850125990659,drug,"D=0,Y=1",50,0.19307076976270496,0.22448979591836735
12,selected,0.9974446216218708,drug,"D=0,Y=1",50,0.19307076976270496,0.24489795918367346
12,candidate,1.0000000000000013,drug,"D=0,Y=1",50,0.19307076976270496,0.24489795918367346
12,candidate,0.9974533787897556,drug,"D=0,Y=1",50,0.19307076976270496,0.24489795918367346
12,candidate,0.9897035924396589,drug,"D=0,Y=1",50,0.19307076976270496,0.24489795918367346
12,candidate,0.9998355194751583,drug,"D=0,Y=1",50,0.19307076976270496,0.24489795918367346
12,candidate,0.9999999999999996,drug,"D=0,Y=1",50,0.19307076976270496,0.24489795918367346
12,candidate,0.9807159233759284,drug,"D=0,Y=1",50,0.19307076976270496,0.24489795918367346
12,candidate,0.99890711250223,drug,"D=0,Y=1",50,0.19307076976270496,0.24489795918367346
12,candidate,0.9998185587793849,drug,"D=0,Y=1",50,0.19307076976270496,0.24489795918367346
12,candidate,0.996676887431275,drug,"D=0,Y=1",50,0.19307076976270496,0.24489795918367346
12,candidate,0.9997134588658938,drug,"D=0,Y=1",50,0.19307076976270496,0.24489795918367346
12,candidate,0.9970574761276388,drug,"D=0,Y=1",50,0.19307076976270496,0.24489795918367346
12,candidate,0.9899390089376907,drug,"D=0,Y=1",50,0.19307076976270496,0.24489795918367346
12,candidate,0.9798495762619104,drug,"D=0,Y=1",50,0.19307076976270496,0.24489795918367346
12,candidate,0.9962611867854863,drug,"D=0,Y=1",50,0.19307076976270496,0.24489795918367346
12,candidate,0.9997795658278315,drug,"D=0,Y=1",50,0.19307076976270496,0.24489795918367346
12,candidate,0.9988751173837911,drug,"D=0,Y=1",50,0.19307076976270496,0.24489795918367346
12,candidate,1.0000000000000022,drug,"D=0,Y=1",50,0.19307076976270496,0.24489795918367346
12,candidate,0.9934375100010023,drug,"D=0,Y=1",50,0.19307076976270496,0.24489795918367346
12,candidate,0.9836574470045308,drug,"D=0,Y=1",50,0.19307076976270496,0.24489795918367346
12,candidate,0.9925879076920029,drug,"D=0,Y=1",50,0.19307076976270496,0.24489795918367346
13,selected,0.9978220832862689,drug,"D=0,Y=1",50,0.19307076976270496,0.2653061224489796
13,candidate,0.9864515895123541,drug,"D=0,Y=1",50,0.19307076976270496,0.2653061224489796
13,candidate,0.9970088831300964,drug,"D=0,Y=1",50,0.19307076976270496,0.2653061224489796
13,candidate,0.9999999999999991,drug,"D=0,Y=1",50,0.19307076976270496,0.2653061224489796
13,candidate,0.9894563671418691,drug,"D=0,Y=1",50,0.19307076976270496,0.2653061224489796
13,candidate,0.9999999999999981,drug,"D=0,Y=1",50,0.19307076976270496,0.2653061224489796
13,candidate,0.9945196101698685,drug,"D=0,Y=1",50,0.19307076976270496,0.2653061224489796
13,candidate,0.9785724018194186,drug,"D=0,Y=1",50,0.19307076976270496,0.2653061224489796
13,candidate,0.9946596809836585,drug,"D=0,Y=1",50,0.19307076976270496,0.2653061224489796
13,candidate,0.9997446684996326,drug,"D=0,Y=1",50,0.19307076976270496,0.2653061224489796
13,candidate,0.9983813500240865,drug,"D=0,Y=1",50,0.19307076976270496,0.2653061224489796
13,candidate,0.9997502626220216,drug,"D=0,Y=1",50,0.19307076976270496,0.2653061224489796
13,candidate,1.0000000000000009,drug,"D=0,Y=1",50,0.19307076976270496,0.2653061224489796
13,candidate,0.9977568318319209,drug,"D=0,Y=1",50,0.19307076976270496,0.2653061224489796
13,candidate,1.000000000000001,drug,"D=0,Y=1",50,0.19307076976270496,0.2653061224489796
13,candidate,0.9835164567892775,drug,"D=0,Y=1",50,0.19307076976270496,0.2653061224489796
13,candidate,0.997686100962793,drug,"D=0,Y=1",50,0.19307076976270496,0.2653061224489796
13,candidate,0.9808341393137201,drug,"D=0,Y=1",50,0.19307076976270496,0.2653061224489796
13,candidate,0.9949030282521706,drug,"D=0,Y=1",50,0.19307076976270496,0.2653061224489796
13,candidate,0.9853550753107798,drug,"D=0,Y=1",50,0.19307076976270496,0.2653061224489796
13,candidate,1.0000000000000009,drug,"D=0,Y=1",50,0.19307076976270496,0.2653061224489796
14,selected,0.9973219364950502,drug,"D=0,Y=1",50,0.19307076976270496,0.2857142857142857
14,candidate,0.9978352142970975,drug,"D=0,Y=1",50,0.19307076976270496,0.2857142857142857
14,candidate,0.9963176517982468,drug,"D=0,Y=1",50,0.19307076976270496,0.2857142857142857
14,candidate,0.9861515488366814,drug,"D=0,Y=1",50,0.19307076976270496,0.2857142857142857
14,candidate,0.9930333519145866,drug,"D=0,Y=1",50,0.19307076976270496,0.2857142857142857
14,candidate,1.0000000000000009,drug,"D=0,Y=1",50,0.19307076976270496,0.2857142857142857
14,candidate,0.9991257207744153,drug,"D=0,Y=1",50,0.19307076976270496,0.2857142857142857
14,candidate,0.9954553707268038,drug,"D=0,Y=1",50,0.19307076976270496,0.2857142857142857
14,candidate,0.9880277264740688,drug,"D=0,Y=1",50,0.19307076976270496,0.2857142857142857
14,candidate,0.9909024423158306,drug,"D=0,Y=1",50,0.19307076976270496,0.2857142857142857
14,candidate,0.9705540929948218,drug,"D=0,Y=1",50,0.19307076976270496,0.2857142857142857
14,candidate,0.9804161129404789,drug,"D=0,Y=1",50,0.19307076976270496,0.2857142857142857
14,candidate,0.9928649154985548,drug,"D=0,Y=1",50,0.19307076976270496,0.2857142857142857
14,candidate,0.985380699140472,drug,"D=0,Y=1",50,0.19307076976270496,0.2857142857142857
14,candidate,0.9998185587793866,drug,"D=0,Y=1",50,0.19307076976270496,0.2857142857142857
14,candidate,0.9964271965236973,drug,"D=0,Y=1",50,0.19307076976270496,0.2857142857142857
14,candidate,1.0000000000000018,drug,"D=0,Y=1",50,0.19307076976270496,0.2857142857142857
14,candidate,1.0000000000000009,drug,"D=0,Y=1",50,0.19307076976270496,0.2857142857142857
14,candidate,0.9791536616948187,drug,"D=0,Y=1",50,0.19307076976270496,0.2857142857142857
14,candidate,0.9964550376130747,drug,"D=0,Y=1",50,0.19307076976270496,0.2857142857142857
14,candidate,0.9966152096494678,drug,"D=0,Y=1",50,0.19307076976270496,0.2857142857142857
15,selected,1.0000000000000009,drug,"D=0,Y=1",50,0.19307076976270496,0.30612244897959184
15,candidate,0.990989733362136,drug,"D=0,Y=1",50,0.19307076976270496,0.30612244897959184
15,candidate,0.9817656612928248,drug,"D=0,Y=1",50,0.19307076976270496,0.30612244897959184
15,candidate,0.982962949500629,drug,"D=0,Y=1",50,0.19307076976270496,0.30612244897959184
15,candidate,0.9806906284612895,drug,"D=0,Y=1",50,0.19307076976270496,0.30612244897959184
15,candidate,0.9820213536578901,drug,"D=0,Y=1",50,0.19307076976270496,0.30612244897959184
15,candidate,0.9938572673940606,drug,"D=0,Y=1",50,0.19307076976270496,0.30612244897959184
15,candidate,0.9999676073355039,drug,"D=0,Y=1",50,0.19307076976270496,0.30612244897959184
15,candidate,1.0000000000000004,drug,"D=0,Y=1",50,0.19307076976270496,0.30612244897959184
15,candidate,0.983807627510091,drug,"D=0,Y=1",50,0.19307076976270496,0.30612244897959184
15,candidate,0.9761162757308366,drug,"D=0,Y=1",50,0.19307076976270496,0.30612244897959184
15,candidate,0.9912033828188674,drug,"D=0,Y=1",50,0.19307076976270496,0.30612244897959184
15,candidate,0.9994583631720456,drug,"D=0,Y=1",50,0.19307076976270496,0.30612244897959184
15,candidate,0.9884433857723789,drug,"D=0,Y=1",50,0.19307076976270496,0.30612244897959184
15,candidate,0.9829713031791083,drug,"D=0,Y=1",50,0.19307076976270496,0.30612244897959184
15,candidate,0.9808008364982831,drug,"D=0,Y=1",50,0.19307076976270496,0.30612244897959184
15,candidate,0.9759422422031675,drug,"D=0,Y=1",50,0.19307076976270496,0.30612244897959184
15,candidate,0.9874810597521367,drug,"D=0,Y=1",50,0.19307076976270496,0.30612244897959184
15,candidate,0.9931363730299125,drug,"D=0,Y=1",50,0.19307076976270496,0.30612244897959184
15,candidate,0.9964550376130714,drug,"D=0,Y=1",50,0.19307076976270496,0.30612244897959184
15,candidate,0.9867963587446931,drug,"D=0,Y=1",50,0.19307076976270496,0.30612244897959184
16,selected,0.9979569685607999,drug,"D=0,Y=1",50,0.19307076976270496,0.32653061224489793
16,candidate,0.9928525425164728,drug,"D=0,Y=1",50,0.19307076976270496,0.32653061224489793
16,candidate,0.9897488852318989,drug,"D=0,Y=1",50,0.19307076976270496,0.32653061224489793
16,candidate,0.9762719461797986,drug,"D=0,Y=1",50,0.19307076976270496,0.32653061224489793
16,candidate,0.9926187811682922,drug,"D=0,Y=1",50,0.19307076976270496,0.32653061224489793
16,candidate,0.98355069858388,drug,"D=0,Y=1",50,0.19307076976270496,0.32653061224489793
16,candidate,0.9743256209013449,drug,"D=0,Y=1",50,0.19307076976270496,0.32653061224489793
16,candidate,0.9975727365420429,drug,"D=0,Y=1",50,0.19307076976270496,0.32653061224489793
16,candidate,0.9864140827696387,drug,"D=0,Y=1",50,0.19307076976270496,0.32653061224489793
16,candidate,0.9976918495828008,drug,"D=0,Y=1",50,0.19307076976270496,0.32653061224489793
16,candidate,0.97611036683327,drug,"D=0,Y=1",50,0.19307076976270496,0.32653061224489793
16,candidate,0.9804678847500079,drug,"D=0,Y=1",50,0.19307076976270496,0.32653061224489793
16,candidate,0.9719321029130508,drug,"D=0,Y=1",50,0.19307076976270496,0.32653061224489793
16,candidate,0.9956665359498432,drug,"D=0,Y=1",50,0.19307076976270496,0.32653061224489793
16,candidate,0.9742249983144059,drug,"D=0,Y=1",50,0.19307076976270496,0.32653061224489793
16,candidate,0.9945664133588774,drug,"D=0,Y=1",50,0.19307076976270496,0.32653061224489793
16,candidate,0.979420143322008,drug,"D=0,Y=1",50,0.19307076976270496,0.32653061224489793
16,candidate,1.0000000000000013,drug,"D=0,Y=1",50,0.19307076976270496,0.32653061224489793
16,candidate,0.9966621222440906,drug,"D=0,Y=1",50,0.19307076976270496,0.32653061224489793
16,candidate,0.9971274234326962,drug,"D=0,Y=1",50,0.19307076976270496,0.32653061224489793
16,candidate,0.9946343587454737,drug,"D=0,Y=1",50,0.19307076976270496,0.32653061224489793
17,selected,0.9962980549633046,drug,"D=0,Y=1",50,0.19307076976270496,0.3469387755102041
17,candidate,0.9754729790444965,drug,"D=0,Y=1",50,0.19307076976270496,0.3469387755102041
17,candidate,0.9915669952903509,drug,"D=0,Y=1",50,0.19307076976270496,0.3469387755102041
17,candidate,0.9997651395650209,drug,"D=0,Y=1",50,0.19307076976270496,0.3469387755102041
17,candidate,0.99299390556663,drug,"D=0,Y=1",50,0.19307076976270496,0.3469387755102041
17,candidate,0.996138523517011,drug,"D=0,Y=1",50,0.19307076976270496,0.3469387755102041
17,candidate,0.997590180378668,drug,"D=0,Y=1",50,0.19307076976270496,0.3469387755102041
17,candidate,0.9951556270900853,drug,"D=0,Y=1",50,0.19307076976270496,0.3469387755102041
17,candidate,0.9861781174023538,drug,"D=0,Y=1",50,0.19307076976270496,0.3469387755102041
17,candidate,0.9835709477460662,drug,"D=0,Y=1",50,0.19307076976270496,0.3469387755102041
17,candidate,0.999704783823326,drug,"D=0,Y=1",50,0.19307076976270496,0.3469387755102041
17,candidate,0.9999798112240148,drug,"D=0,Y=1",50,0.19307076976270496,0.3469387755102041
17,candidate,0.9998175647307656,drug,"D=0,Y=1",50,0.19307076976270496,0.3469387755102041
17,candidate,0.9973554965383921,drug,"D=0,Y=1",50,0.19307076976270496,0.3469387755102041
17,candidate,0.9726935236789424,drug,"D=0,Y=1",50,0.19307076976270496,0.3469387755102041
17,candidate,0.9956540018970191,drug,"D=0,Y=1",50,0.19307076976270496,0.3469387755102041
17,candidate,0.9660543193357737,drug,"D=0,Y=1",50,0.19307076976270496,0.3469387755102041
17,candidate,0.9769955039799431,drug,"D=0,Y=1",50,0.19307076976270496,0.3469387755102041
17,candidate,0.9916686525108028,drug,"D=0,Y=1",50,0.19307076976270496,0.3469387755102041
17,candidate,0.9944817661694664,drug,"D=0,Y=1",50,0.19307076976270496,0.3469387755102041
17,candidate,0.9985997589588066,drug,"D=0,Y=1",50,0.19307076976270496,0.3469387755102041
18,selected,0.9909341502463966,drug,"D=0,Y=1",50,0.19307076976270496,0.3673469387755102
18,candidate,0.9958487805686091,drug,"D=0,Y=1",50,0.19307076976270496,0.3673469387755102
18,candidate,0.9912095514601845,drug,"D=0,Y=1",50,0.19307076976270496,0.3673469387755102
18,candidate,0.974578461641402,drug,"D=0,Y=1",50,0.19307076976270496,0.3673469387755102
18,candidate,0.9941102686371369,drug,"D=0,Y=1",50,0.19307076976270496,0.3673469387755102
18,candidate,0.9771888935602587,drug,"D=0,Y=1",50,0.19307076976270496,0.3673469387755102
18,candidate,0.970303128997246,drug,"D=0,Y=1",50,0.19307076976270496,0.3673469387755102
18,candidate,0.9901391227163838,drug,"D=0,Y=1",50,0.19307076976270496,0.3673469387755102
18,candidate,0.9883787014741592,drug,"D=0,Y=1",50,0.19307076976270496,0.3673469387755102
18,candidate,0.9778650066730397,drug,"D=0,Y=1",50,0.19307076976270496,0.3673469387755102
18,candidate,0.9859839925616333,drug,"D=0,Y=1",50,0.19307076976270496,0.3673469387755102
18,candidate,0.9719706007993485,drug,"D=0,Y=1",50,0.19307076976270496,0.3673469387755102
18,candidate,0.9958181792616523,drug,"D=0,Y=1",50,0.19307076976270496,0.3673469387755102
18,candidate,0.9838804536049145,drug,"D=0,Y=1",50,0.19307076976270496,0.3673469387755102
18,candidate,0.9743944858645232,drug,"D=0,Y=1",50,0.19307076976270496,0.3673469387755102
18,candidate,0.9773780566814415,drug,"D=0,Y=1",50,0.19307076976270496,0.3673469387755102
18,candidate,0.9765452468872835,drug,"D=0,Y=1",50,0.19307076976270496,0.3673469387755102
18,candidate,0.9981528573965562,drug,"D=0,Y=1",50,0.19307076976270496,0.3673469387755102
18,candidate,0.9999999999999966,drug,"D=0,Y=1",50,0.19307076976270496,0.3673469387755102
18,candidate,0.990050461292602,drug,"D=0,Y=1",50,0.19307076976270496,0.3673469387755102
18,candidate,0.9991597811237886,drug,"D=0,Y=1",50,0.19307076976270496,0.3673469387755102
19,selected,0.9955784073065475,drug,"D=0,Y=1",50,0.19307076976270496,0.3877551020408163
19,candidate,0.9984002455317699,drug,"D=0,Y=1",50,0.19307076976270496,0.3877551020408163
19,candidate,0.9966441748920373,drug,"D=0,Y=1",50,0.19307076976270496,0.3877551020408163
19,candidate,0.9924951678876289,drug,"D=0,Y=1",50,0.19307076976270496,0.3877551020408163
19,candidate,0.9640231703660248,drug,"D=0,Y=1",50,0.19307076976270496,0.3877551020408163
19,candidate,0.9916418046291257,drug,"D=0,Y=1",50,0.19307076976270496,0.3877551020408163
19,candidate,0.9980707165363797,drug,"D=0,Y=1",50,0.19307076976270496,0.3877551020408163
19,candidate,0.9943356772348836,drug,"D=0,Y=1",50,0.19307076976270496,0.3877551020408163
19,candidate,0.9950012615176205,drug,"D=0,Y=1",50,0.19307076976270496,0.3877551020408163
19,candidate,0.9997370386140811,drug,"D=0,Y=1",50,0.19307076976270496,0.3877551020408163
19,candidate,0.9844865117743673,drug,"D=0,Y=1",50,0.19307076976270496,0.3877551020408163
19,candidate,0.9955419667895223,drug,"D=0,Y=1",50,0.19307076976270496,0.3877551020408163
19,candidate,0.9903445463901636,drug,"D=0,Y=1",50,0.19307076976270496,0.3877551020408163
19,candidate,0.9991268441491932,drug,"D=0,Y=1",50,0.19307076976270496,0.3877551020408163
19,candidate,0.9700305299450177,drug,"D=0,Y=1",50,0.19307076976270496,0.3877551020408163
19,candidate,0.9947920348112155,drug,"D=0,Y=1",50,0.19307076976270496,0.3877551020408163
19,candidate,0.9999999999999998,drug,"D=0,Y=1",50,0.19307076976270496,0.3877551020408163
19,candidate,0.9939078287298081,drug,"D=0,Y=1",50,0.19307076976270496,0.3877551020408163
19,candidate,0.9766484433481507,drug,"D=0,Y=1",50,0.19307076976270496,0.3877551020408163
19,candidate,0.9880929508990555,drug,"D=0,Y=1",50,0.19307076976270496,0.3877551020408163
19,candidate,0.9648856413035029,drug,"D=0,Y=1",50,0.19307076976270496,0.3877551020408163
20,selected,0.9967826690247866,drug,"D=0,Y=1",50,0.19307076976270496,0.40816326530612246
20,candidate,0.9966720934322943,drug,"D=0,Y=1",50,0.19307076976270496,0.40816326530612246
20,candidate,0.9900802031662372,drug,"D=0,Y=1",50,0.19307076976270496,0.40816326530612246
20,candidate,0.9630130299680134,drug,"D=0,Y=1",50,0.19307076976270496,0.40816326530612246
20,candidate,0.9981787788501469,drug,"D=0,Y=1",50,0.19307076976270496,0.40816326530612246
20,candidate,0.9999748646876124,drug,"D=0,Y=1",50,0.19307076976270496,0.40816326530612246
20,candidate,0.9964831693558299,drug,"D=0,Y=1",50,0.19307076976270496,0.40816326530612246
20,candidate,0.9868532820166805,drug,"D=0,Y=1",50,0.19307076976270496,0.40816326530612246
20,candidate,0.9939754297376192,drug,"D=0,Y=1",50,0.19307076976270496,0.40816326530612246
20,candidate,0.9982900348242743,drug,"D=0,Y=1",50,0.19307076976270496,0.40816326530612246
20,candidate,0.9939507167983627,drug,"D=0,Y=1",50,0.19307076976270496,0.40816326530612246
20,candidate,0.9896151586054868,drug,"D=0,Y=1",50,0.19307076976270496,0.40816326530612246
20,candidate,0.9662891149975614,drug,"D=0,Y=1",50,0.19307076976270496,0.40816326530612246
20,candidate,0.9675811794575305,drug,"D=0,Y=1",50,0.19307076976270496,0.40816326530612246
20,candidate,0.9908406575703573,drug,"D=0,Y=1",50,0.19307076976270496,0.40816326530612246
20,candidate,0.9927953730125756,drug,"D=0,Y=1",50,0.19307076976270496,0.40816326530612246
20,candidate,0.9752857717515967,drug,"D=0,Y=1",50,0.19307076976270496,0.40816326530612246
20,candidate,1.0000000000000018,drug,"D=0,Y=1",50,0.19307076976270496,0.40816326530612246
20,candidate,0.9999999999999999,drug,"D=0,Y=1",50,0.19307076976270496,0.40816326530612246
20,candidate,0.9761364210617266,drug,"D=0,Y=1",50,0.19307076976270496,0.40816326530612246
20,candidate,0.9959808864899755,drug,"D=0,Y=1",50,0.19307076976270496,0.40816326530612246
21,selected,0.9921805846591264,drug,"D=0,Y=1",50,0.19307076976270496,0.42857142857142855
21,candidate,0.9780451714972318,drug,"D=0,Y=1",50,0.19307076976270496,0.42857142857142855
21,candidate,0.9664905513997724,drug,"D=0,Y=1",50,0.19307076976270496,0.42857142857142855
21,candidate,0.986853565819218,drug,"D=0,Y=1",50,0.19307076976270496,0.42857142857142855
21,candidate,0.9994747434997908,drug,"D=0,Y=1",50,0.19307076976270496,0.42857142857142855
21,candidate,0.9819600853413247,drug,"D=0,Y=1",50,0.19307076976270496,0.42857142857142855
21,candidate,0.9990460529049003,drug,"D=0,Y=1",50,0.19307076976270496,0.42857142857142855
21,candidate,0.9820880000148141,drug,"D=0,Y=1",50,0.19307076976270496,0.42857142857142855
21,candidate,0.9917683465080027,drug,"D=0,Y=1",50,0.19307076976270496,0.42857142857142855
21,candidate,0.9979021416593243,drug,"D=0,Y=1",50,0.19307076976270496,0.42857142857142855
21,candidate,0.9984439672113465,drug,"D=0,Y=1",50,0.19307076976270496,0.42857142857142855
21,candidate,0.9710271429209406,drug,"D=0,Y=1",50,0.19307076976270496,0.42857142857142855
21,candidate,0.9893134876363784,drug,"D=0,Y=1",50,0.19307076976270496,0.42857142857142855
21,candidate,0.9874186340959548,drug,"D=0,Y=1",50,0.19307076976270496,0.42857142857142855
21,candidate,0.9649263861638275,drug,"D=0,Y=1",50,0.19307076976270496,0.42857142857142855
21,candidate,0.9847489493035011,drug,"D=0,Y=1",50,0.19307076976270496,0.42857142857142855
21,candidate,0.9975002002580071,drug,"D=0,Y=1",50,0.19307076976270496,0.42857142857142855
21,candidate,0.9930471079529236,drug,"D=0,Y=1",50,0.19307076976270496,0.42857142857142855
21,candidate,0.9971635433701913,drug,"D=0,Y=1",50,0.19307076976270496,0.42857142857142855
21,candidate,0.9898756789407454,drug,"D=0,Y=1",50,0.19307076976270496,0.42857142857142855
21,candidate,0.9943592665050772,drug,"D=0,Y=1",50,0.19307076976270496,0.42857142857142855
22,selected,0.9980705943053461,drug,"D=0,Y=1",50,0.19307076976270496,0.4489795918367347
22,candidate,0.9972017986549402,drug,"D=0,Y=1",50,0.19307076976270496,0.4489795918367347
22,candidate,0.9751154393611396,drug,"D=0,Y=1",50,0.19307076976270496,0.4489795918367347
22,candidate,0.970073044747112,drug,"D=0,Y=1",50,0.19307076976270496,0.4489795918367347
22,candidate,0.9812678080026656,drug,"D=0,Y=1",50,0.19307076976270496,0.4489795918367347
22,candidate,0.9732732738625273,drug,"D=0,Y=1",50,0.19307076976270496,0.4489795918367347
22,candidate,0.999997541674944,drug,"D=0,Y=1",50,0.19307076976270496,0.4489795918367347
22,candidate,0.9994222401828083,drug,"D=0,Y=1",50,0.19307076976270496,0.4489795918367347
22,candidate,0.9906949012634849,drug,"D=0,Y=1",50,0.19307076976270496,0.4489795918367347
22,candidate,0.9964294018219574,drug,"D=0,Y=1",50,0.19307076976270496,0.4489795918367347
22,candidate,0.9947664640774179,drug,"D=0,Y=1",50,0.19307076976270496,0.4489795918367347
22,candidate,0.9685788112554728,drug,"D=0,Y=1",50,0.19307076976270496,0.4489795918367347
22,candidate,0.9766574146524296,drug,"D=0,Y=1",50,0.19307076976270496,0.4489795918367347
22,candidate,0.9531763108229806,drug,"D=0,Y=1",50,0.19307076976270496,0.4489795918367347
22,candidate,0.9812406310955916,drug,"D=0,Y=1",50,0.19307076976270496,0.4489795918367347
22,candidate,0.9892025404140236,drug,"D=0,Y=1",50,0.19307076976270496,0.4489795918367347
22,candidate,0.9856195901361174,drug,"D=0,Y=1",50,0.19307076976270496,0.4489795918367347
22,candidate,0.9825515771372386,drug,"D=0,Y=1",50,0.19307076976270496,0.4489795918367347
22,candidate,0.9722976989538417,drug,"D=0,Y=1",50,0.19307076976270496,0.4489795918367347
22,candidate,0.9819021982298796,drug,"D=0,Y=1",50,0.19307076976270496,0.4489795918367347
22,candidate,0.9855584977891761,drug,"D=0,Y=1",50,0.19307076976270496,0.4489795918367347
23,selected,0.9967882436488443,drug,"D=0,Y=1",50,0.19307076976270496,0.46938775510204084
23,candidate,0.9676701165408688,drug,"D=0,Y=1",50,0.19307076976270496,0.46938775510204084
23,candidate,0.9981024040490026,drug,"D=0,Y=1",50,0.19307076976270496,0.46938775510204084
23,candidate,0.9745377604173348,drug,"D=0,Y=1",50,0.19307076976270496,0.46938775510204084
23,candidate,0.9770121373576597,drug,"D=0,Y=1",50,0.19307076976270496,0.46938775510204084
23,candidate,0.9958753992781735,drug,"D=0,Y=1",50,0.19307076976270496,0.46938775510204084
23,candidate,0.9713467223940607,drug,"D=0,Y=1",50,0.19307076976270496,0.46938775510204084
23,candidate,0.9955034366845991,drug,"D=0,Y=1",50,0.19307076976270496,0.46938775510204084
23,candidate,0.993055971929568,drug,"D=0,Y=1",50,0.19307076976270496,0.46938775510204084
23,candidate,0.9703118950594763,drug,"D=0,Y=1",50,0.19307076976270496,0.46938775510204084
23,candidate,0.9806414085130538,drug,"D=0,Y=1",50,0.19307076976270496,0.46938775510204084
23,candidate,0.9848235515627026,drug,"D=0,Y=1",50,0.19307076976270496,0.46938775510204084
23,candidate,0.969687953101129,drug,"D=0,Y=1",50,0.19307076976270496,0.46938775510204084
23,candidate,0.9900084395564539,drug,"D=0,Y=1",50,0.19307076976270496,0.46938775510204084
23,candidate,0.9990633557620419,drug,"D=0,Y=1",50,0.19307076976270496,0.46938775510204084
23,candidate,0.965644896343891,drug,"D=0,Y=1",50,0.19307076976270496,0.46938775510204084
23,candidate,0.9557250384684627,drug,"D=0,Y=1",50,0.19307076976270496,0.46938775510204084
23,candidate,0.979723330758732,drug,"D=0,Y=1",50,0.19307076976270496,0.46938775510204084
23,candidate,0.9962577025414369,drug,"D=0,Y=1",50,0.19307076976270496,0.46938775510204084
23,candidate,0.9861216764969739,drug,"D=0,Y=1",50,0.19307076976270496,0.46938775510204084
23,candidate,0.9606109350549691,drug,"D=0,Y=1",50,0.19307076976270496,0.46938775510204084
24,selected,0.9909879837857997,drug,"D=0,Y=1",50,0.19307076976270496,0.4897959183673469
24,candidate,0.9859232803720261,drug,"D=0,Y=1",50,0.19307076976270496,0.4897959183673469
24,candidate,0.9731647816514954,drug,"D=0,Y=1",50,0.19307076976270496,0.4897959183673469
24,candidate,0.9938279807361965,drug,"D=0,Y=1",50,0.19307076976270496,0.4897959183673469
24,candidate,0.9741947315498348,drug,"D=0,Y=1",50,0.19307076976270496,0.4897959183673469
24,candidate,0.9932974591477453,drug,"D=0,Y=1",50,0.19307076976270496,0.4897959183673469
24,candidate,0.9681627965022719,drug,"D=0,Y=1",50,0.19307076976270496,0.4897959183673469
24,candidate,0.9804318632768092,drug,"D=0,Y=1",50,0.19307076976270496,0.4897959183673469
24,candidate,0.9829894895757062,drug,"D=0,Y=1",50,0.19307076976270496,0.4897959183673469
24,candidate,0.9966426230777325,drug,"D=0,Y=1",50,0.19307076976270496,0.4897959183673469
24,candidate,0.9927683331327473,drug,"D=0,Y=1",50,0.19307076976270496,0.4897959183673469
24,candidate,0.9887642615530493,drug,"D=0,Y=1",50,0.19307076976270496,0.4897959183673469
24,candidate,0.9975998805154273,drug,"D=0,Y=1",50,0.19307076976270496,0.4897959183673469
24,candidate,0.9872756451149871,drug,"D=0,Y=1",50,0.19307076976270496,0.4897959183673469
24,candidate,0.9659842853488833,drug,"D=0,Y=1",50,0.19307076976270496,0.4897959183673469
24,candidate,0.9863274035532266,drug,"D=0,Y=1",50,0.19307076976270496,0.4897959183673469
24,candidate,0.9991294167019472,drug,"D=0,Y=1",50,0.19307076976270496,0.4897959183673469
24,candidate,0.9993805666787278,drug,"D=0,Y=1",50,0.19307076976270496,0.4897959183673469
24,candidate,0.9993022822903586,drug,"D=0,Y=1",50,0.19307076976270496,0.4897959183673469
24,candidate,0.9843067911231915,drug,"D=0,Y=1",50,0.19307076976270496,0.4897959183673469
24,candidate,0.9858743591148063,drug,"D=0,Y=1",50,0.19307076976270496,0.4897959183673469
25,selected,0.9883221430291081,drug,"D=0,Y=1",50,0.19307076976270496,0.5102040816326531
25,candidate,0.98156131247644,drug,"D=0,Y=1",50,0.19307076976270496,0.5102040816326531
25,candidate,0.9624251343220493,drug,"D=0,Y=1",50,0.19307076976270496,0.5102040816326531
25,candidate,0.9546151030828577,drug,"D=0,Y=1",50,0.19307076976270496,0.5102040816326531
25,candidate,0.971203405312807,drug,"D=0,Y=1",50,0.19307076976270496,0.5102040816326531
25,candidate,0.9783629738900564,drug,"D=0,Y=1",50,0.19307076976270496,0.5102040816326531
25,candidate,0.9990424750681344,drug,"D=0,Y=1",50,0.19307076976270496,0.5102040816326531
25,candidate,0.9683624296040805,drug,"D=0,Y=1",50,0.19307076976270496,0.5102040816326531
25,candidate,0.9656815323930003,drug,"D=0,Y=1",50,0.19307076976270496,0.5102040816326531
25,candidate,0.9828479264039498,drug,"D=0,Y=1",50,0.19307076976270496,0.5102040816326531
25,candidate,0.9753126739380683,drug,"D=0,Y=1",50,0.19307076976270496,0.5102040816326531
25,candidate,0.9922087973385156,drug,"D=0,Y=1",50,0.19307076976270496,0.5102040816326531
25,candidate,0.954032269648728,drug,"D=0,Y=1",50,0.19307076976270496,0.5102040816326531
25,candidate,0.9710677788259597,drug,"D=0,Y=1",50,0.19307076976270496,0.5102040816326531
25,candidate,0.9723835899588791,drug,"D=0,Y=1",50,0.19307076976270496,0.5102040816326531
25,candidate,0.9710366304324457,drug,"D=0,Y=1",50,0.19307076976270496,0.5102040816326531
25,candidate,0.9553500919032225,drug,"D=0,Y=1",50,0.19307076976270496,0.5102040816326531
25,candidate,0.962051279112633,drug,"D=0,Y=1",50,0.19307076976270496,0.5102040816326531
25,candidate,0.9842734230592091,drug,"D=0,Y=1",50,0.19307076976270496,0.5102040816326531
25,candidate,0.9776465353491683,drug,"D=0,Y=1",50,0.19307076976270496,0.5102040816326531
25,candidate,0.9971014187517843,drug,"D=0,Y=1",50,0.19307076976270496,0.5102040816326531
26,selected,0.9811120219567122,drug,"D=0,Y=1",50,0.19307076976270496,0.5306122448979592
26,candidate,0.9618702278406055,drug,"D=0,Y=1",50,0.19307076976270496,0.5306122448979592
26,candidate,0.9696718924161735,drug,"D=0,Y=1",50,0.19307076976270496,0.5306122448979592
26,candidate,0.9596837639829656,drug,"D=0,Y=1",50,0.19307076976270496,0.5306122448979592
26,candidate,0.9842882755344776,drug,"D=0,Y=1",50,0.19307076976270496,0.5306122448979592
26,candidate,0.9773585757085728,drug,"D=0,Y=1",50,0.19307076976270496,0.5306122448979592
26,candidate,0.9735924608767542,drug,"D=0,Y=1",50,0.19307076976270496,0.5306122448979592
26,candidate,0.9739702466603143,drug,"D=0,Y=1",50,0.19307076976270496,0.5306122448979592
26,candidate,0.9725080764443422,drug,"D=0,Y=1",50,0.19307076976270496,0.5306122448979592
26,candidate,0.9548541601658233,drug,"D=0,Y=1",50,0.19307076976270496,0.5306122448979592
26,candidate,0.9918640101572792,drug,"D=0,Y=1",50,0.19307076976270496,0.5306122448979592
26,candidate,0.9748266843532295,drug,"D=0,Y=1",50,0.19307076976270496,0.5306122448979592
26,candidate,0.9858007325293754,drug,"D=0,Y=1",50,0.19307076976270496,0.5306122448979592
26,candidate,0.9895557054197158,drug,"D=0,Y=1",50,0.19307076976270496,0.5306122448979592
26,candidate,0.9843294405735724,drug,"D=0,Y=1",50,0.19307076976270496,0.5306122448979592
26,candidate,0.9866863413729906,drug,"D=0,Y=1",50,0.19307076976270496,0.5306122448979592
26,candidate,0.997294713913199,drug,"D=0,Y=1",50,0.19307076976270496,0.5306122448979592
26,candidate,0.9819500595417976,drug,"D=0,Y=1",50,0.19307076976270496,0.5306122448979592
26,candidate,0.9754227858553546,drug,"D=0,Y=1",50,0.19307076976270496,0.5306122448979592
26,candidate,0.9537303403854476,drug,"D=0,Y=1",50,0.19307076976270496,0.5306122448979592
26,candidate,0.96166782704918,drug,"D=0,Y=1",50,0.19307076976270496,0.5306122448979592
27,selected,0.9962027639226517,drug,"D=0,Y=1",50,0.19307076976270496,0.5510204081632653
27,candidate,0.9768882077012989,drug,"D=0,Y=1",50,0.19307076976270496,0.5510204081632653
27,candidate,0.9703158269717149,drug,"D=0,Y=1",50,0.19307076976270496,0.5510204081632653
27,candidate,0.9961011632576301,drug,"D=0,Y=1",50,0.19307076976270496,0.5510204081632653
27,candidate,0.9619819673057293,drug,"D=0,Y=1",50,0.19307076976270496,0.5510204081632653
27,candidate,0.9772051002414431,drug,"D=0,Y=1",50,0.19307076976270496,0.5510204081632653
27,candidate,0.9766492449322401,drug,"D=0,Y=1",50,0.19307076976270496,0.5510204081632653
27,candidate,0.958021954619253,drug,"D=0,Y=1",50,0.19307076976270496,0.5510204081632653
27,candidate,0.9829330636198859,drug,"D=0,Y=1",50,0.19307076976270496,0.5510204081632653
27,candidate,0.981257766578014,drug,"D=0,Y=1",50,0.19307076976270496,0.5510204081632653
27,candidate,0.9673075230076968,drug,"D=0,Y=1",50,0.19307076976270496,0.5510204081632653
27,candidate,0.9919327960270939,drug,"D=0,Y=1",50,0.19307076976270496,0.5510204081632653
27,candidate,0.9691982833297302,drug,"D=0,Y=1",50,0.19307076976270496,0.5510204081632653
27,candidate,0.9655289857458352,drug,"D=0,Y=1",50,0.19307076976270496,0.5510204081632653
27,candidate,0.9797278778017425,drug,"D=0,Y=1",50,0.19307076976270496,0.5510204081632653
27,candidate,0.996962262798858,drug,"D=0,Y=1",50,0.19307076976270496,0.5510204081632653
27,candidate,0.9926402114099016,drug,"D=0,Y=1",50,0.19307076976270496,0.5510204081632653
27,candidate,0.9547900004099366,drug,"D=0,Y=1",50,0.19307076976270496,0.5510204081632653
27,candidate,0.9736386512187839,drug,"D=0,Y=1",50,0.19307076976270496,0.5510204081632653
27,candidate,0.987371234121005,drug,"D=0,Y=1",50,0.19307076976270496,0.5510204081632653
27,candidate,0.9778425480530505,drug,"D=0,Y=1",50,0.19307076976270496,0.5510204081632653
28,selected,0.9946411437743686,drug,"D=0,Y=1",50,0.19307076976270496,0.5714285714285714
28,candidate,0.9901792027420624,drug,"D=0,Y=1",50,0.19307076976270496,0.5714285714285714
28,candidate,0.981460847367891,drug,"D=0,Y=1",50,0.19307076976270496,0.5714285714285714
28,candidate,0.9546822622507306,drug,"D=0,Y=1",50,0.19307076976270496,0.5714285714285714
28,candidate,0.9711198994116232,drug,"D=0,Y=1",50,0.19307076976270496,0.5714285714285714
28,candidate,0.984340045455645,drug,"D=0,Y=1",50,0.19307076976270496,0.5714285714285714
28,candidate,0.9913438612068403,drug,"D=0,Y=1",50,0.19307076976270496,0.5714285714285714
28,candidate,0.9859183833212269,drug,"D=0,Y=1",50,0.19307076976270496,0.5714285714285714
28,candidate,0.9936400001356994,drug,"D=0,Y=1",50,0.19307076976270496,0.5714285714285714
28,candidate,0.9681496041124154,drug,"D=0,Y=1",50,0.19307076976270496,0.5714285714285714
28,candidate,0.9901068675339756,drug,"D=0,Y=1",50,0.19307076976270496,0.5714285714285714
28,candidate,0.9828892205275792,drug,"D=0,Y=1",50,0.19307076976270496,0.5714285714285714
28,candidate,0.9583155932236418,drug,"D=0,Y=1",50,0.19307076976270496,0.5714285714285714
28,candidate,0.9904910926474637,drug,"D=0,Y=1",50,0.19307076976270496,0.5714285714285714
28,candidate,0.9661618603792753,drug,"D=0,Y=1",50,0.19307076976270496,0.5714285714285714
28,candidate,0.9846655379418215,drug,"D=0,Y=1",50,0.19307076976270496,0.5714285714285714
28,candidate,0.9899665529225893,drug,"D=0,Y=1",50,0.19307076976270496,0.5714285714285714
28,candidate,0.9863222585730138,drug,"D=0,Y=1",50,0.19307076976270496,0.5714285714285714
28,candidate,0.9729057761317824,drug,"D=0,Y=1",50,0.19307076976270496,0.5714285714285714
28,candidate,0.967104000733441,drug,"D=0,Y=1",50,0.19307076976270496,0.5714285714285714
28,candidate,0.9953915486454664,drug,"D=0,Y=1",50,0.19307076976270496,0.5714285714285714
29,selected,0.9944900859438442,drug,"D=0,Y=1",50,0.19307076976270496,0.5918367346938775
29,candidate,0.9906464467033472,drug,"D=0,Y=1",50,0.19307076976270496,0.5918367346938775
29,candidate,0.9570990936131352,drug,"D=0,Y=1",50,0.19307076976270496,0.5918367346938775
29,candidate,0.9855403252382513,drug,"D=0,Y=1",50,0.19307076976270496,0.5918367346938775
29,candidate,0.9874238369454573,drug,"D=0,Y=1",50,0.19307076976270496,0.5918367346938775
29,candidate,0.968621837589407,drug,"D=0,Y=1",50,0.19307076976270496,0.5918367346938775
29,candidate,0.9870283428457904,drug,"D=0,Y=1",50,0.19307076976270496,0.5918367346938775
29,candidate,0.9626010613489095,drug,"D=0,Y=1",50,0.19307076976270496,0.5918367346938775
29,candidate,0.9725520442857677,drug,"D=0,Y=1",50,0.19307076976270496,0.5918367346938775
29,candidate,0.979108267274198,drug,"D=0,Y=1",50,0.19307076976270496,0.5918367346938775
29,candidate,0.9842675961576715,drug,"D=0,Y=1",50,0.19307076976270496,0.5918367346938775
29,candidate,0.9620230575395184,drug,"D=0,Y=1",50,0.19307076976270496,0.5918367346938775
29,candidate,0.9513704776679885,drug,"D=0,Y=1",50,0.19307076976270496,0.5918367346938775
29,candidate,0.9924579223467221,drug,"D=0,Y=1",50,0.19307076976270496,0.5918367346938775
29,candidate,0.9772092180244825,drug,"D=0,Y=1",50,0.19307076976270496,0.5918367346938775
29,candidate,0.9603948852568757,drug,"D=0,Y=1",50,0.19307076976270496,0.5918367346938775
29,candidate,0.9684942623041731,drug,"D=0,Y=1",50,0.19307076976270496,0.5918367346938775
29,candidate,0.987419457114774,drug,"D=0,Y=1",50,0.19307076976270496,0.5918367346938775
29,candidate,0.9722323112044416,drug,"D=0,Y=1",50,0.19307076976270496,0.5918367346938775
29,candidate,0.9535905828286486,drug,"D=0,Y=1",50,0.19307076976270496,0.5918367346938775
29,candidate,0.9637793289018739,drug,"D=0,Y=1",50,0.19307076976270496,0.5918367346938775
30,selected,0.985732673874319,drug,"D=0,Y=1",50,0.19307076976270496,0.6122448979591837
30,candidate,0.9457055266735062,drug,"D=0,Y=1",50,0.19307076976270496,0.6122448979591837
30,candidate,0.9919618401965237,drug,"D=0,Y=1",50,0.19307076976270496,0.6122448979591837
30,candidate,0.960140802012437,drug,"D=0,Y=1",50,0.19307076976270496,0.6122448979591837
30,candidate,0.9680809255480284,drug,"D=0,Y=1",50,0.19307076976270496,0.6122448979591837
30,candidate,0.9703453119457884,drug,"D=0,Y=1",50,0.19307076976270496,0.6122448979591837
30,candidate,0.9843593313949007,drug,"D=0,Y=1",50,0.19307076976270496,0.6122448979591837
30,candidate,0.9713994887523579,drug,"D=0,Y=1",50,0.19307076976270496,0.6122448979591837
30,candidate,0.9694138466967527,drug,"D=0,Y=1",50,0.19307076976270496,0.6122448979591837
30,candidate,0.9660551633888406,drug,"D=0,Y=1",50,0.19307076976270496,0.6122448979591837
30,candidate,0.9690517373091677,drug,"D=0,Y=1",50,0.19307076976270496,0.6122448979591837
30,candidate,0.9890225664351396,drug,"D=0,Y=1",50,0.19307076976270496,0.6122448979591837
30,candidate,0.970590891423568,drug,"D=0,Y=1",50,0.19307076976270496,0.6122448979591837
30,candidate,0.9926965781111113,drug,"D=0,Y=1",50,0.19307076976270496,0.6122448979591837
30,candidate,0.9676301928803068,drug,"D=0,Y=1",50,0.19307076976270496,0.6122448979591837
30,candidate,0.9584328023375619,drug,"D=0,Y=1",50,0.19307076976270496,0.6122448979591837
30,candidate,0.9915443557944169,drug,"D=0,Y=1",50,0.19307076976270496,0.6122448979591837
30,candidate,0.9839062088059469,drug,"D=0,Y=1",50,0.19307076976270496,0.6122448979591837
30,candidate,0.9533671063870085,drug,"D=0,Y=1",50,0.19307076976270496,0.6122448979591837
30,candidate,0.9839537423955297,drug,"D=0,Y=1",50,0.19307076976270496,0.6122448979591837
30,candidate,0.9598164707267525,drug,"D=0,Y=1",50,0.19307076976270496,0.6122448979591837
31,selected,0.9769574575330937,drug,"D=0,Y=1",50,0.19307076976270496,0.6326530612244898
31,candidate,0.9687786750009392,drug,"D=0,Y=1",50,0.19307076976270496,0.6326530612244898
31,candidate,0.9563845465878713,drug,"D=0,Y=1",50,0.19307076976270496,0.6326530612244898
31,candidate,0.9603031644697637,drug,"D=0,Y=1",50,0.19307076976270496,0.6326530612244898
31,candidate,0.9632729781426107,drug,"D=0,Y=1",50,0.19307076976270496,0.6326530612244898
31,candidate,0.9517339466604171,drug,"D=0,Y=1",50,0.19307076976270496,0.6326530612244898
31,candidate,0.9860153103003636,drug,"D=0,Y=1",50,0.19307076976270496,0.6326530612244898
31,candidate,0.9860274707147196,drug,"D=0,Y=1",50,0.19307076976270496,0.6326530612244898
31,candidate,0.9671235038930236,drug,"D=0,Y=1",50,0.19307076976270496,0.6326530612244898
31,candidate,0.9673371126228268,drug,"D=0,Y=1",50,0.19307076976270496,0.6326530612244898
31,candidate,0.993949358455137,drug,"D=0,Y=1",50,0.19307076976270496,0.6326530612244898
31,candidate,0.9609436546889184,drug,"D=0,Y=1",50,0.19307076976270496,0.6326530612244898
31,candidate,0.9897708654550937,drug,"D=0,Y=1",50,0.19307076976270496,0.6326530612244898
31,candidate,0.9697508947336405,drug,"D=0,Y=1",50,0.19307076976270496,0.6326530612244898
31,candidate,0.9602189224783246,drug,"D=0,Y=1",50,0.19307076976270496,0.6326530612244898
31,candidate,0.9936383470652539,drug,"D=0,Y=1",50,0.19307076976270496,0.6326530612244898
31,candidate,0.9696804014770674,drug,"D=0,Y=1",50,0.19307076976270496,0.6326530612244898
31,candidate,0.9521291780385337,drug,"D=0,Y=1",50,0.19307076976270496,0.6326530612244898
31,candidate,0.9757837515804768,drug,"D=0,Y=1",50,0.19307076976270496,0.6326530612244898
31,candidate,0.9804072837956332,drug,"D=0,Y=1",50,0.19307076976270496,0.6326530612244898
31,candidate,0.965867764892162,drug,"D=0,Y=1",50,0.19307076976270496,0.6326530612244898
32,selected,0.9853886690302163,drug,"D=0,Y=1",50,0.19307076976270496,0.6530612244897959
32,candidate,0.9696804014770674,drug,"D=0,Y=1",50,0.19307076976270496,0.6530612244897959
32,candidate,0.9911182576907648,drug,"D=0,Y=1",50,0.19307076976270496,0.6530612244897959
32,candidate,0.9672493397660678,drug,"D=0,Y=1",50,0.19307076976270496,0.6530612244897959
32,candidate,0.9751156290870806,drug,"D=0,Y=1",50,0.19307076976270496,0.6530612244897959
32,candidate,0.9698423335106454,drug,"D=0,Y=1",50,0.19307076976270496,0.6530612244897959
32,candidate,0.9833976280012459,drug,"D=0,Y=1",50,0.19307076976270496,0.6530612244897959
32,candidate,0.9724455559903193,drug,"D=0,Y=1",50,0.19307076976270496,0.6530612244897959
32,candidate,0.9670400217259317,drug,"D=0,Y=1",50,0.19307076976270496,0.6530612244897959
32,candidate,0.9621868621112584,drug,"D=0,Y=1",50,0.19307076976270496,0.6530612244897959
32,candidate,0.9777903212940523,drug,"D=0,Y=1",50,0.19307076976270496,0.6530612244897959
32,candidate,0.9678321968957857,drug,"D=0,Y=1",50,0.19307076976270496,0.6530612244897959
32,candidate,0.9852369715749537,drug,"D=0,Y=1",50,0.19307076976270496,0.6530612244897959
32,candidate,0.970473041548248,drug,"D=0,Y=1",50,0.19307076976270496,0.6530612244897959
32,candidate,0.9529055022617083,drug,"D=0,Y=1",50,0.19307076976270496,0.6530612244897959
32,candidate,0.9919549154791766,drug,"D=0,Y=1",50,0.19307076976270496,0.6530612244897959
32,candidate,0.9824858649579039,drug,"D=0,Y=1",50,0.19307076976270496,0.6530612244897959
32,candidate,0.9719831564971233,drug,"D=0,Y=1",50,0.19307076976270496,0.6530612244897959
32,candidate,0.969314605803889,drug,"D=0,Y=1",50,0.19307076976270496,0.6530612244897959
32,candidate,0.978223803561321,drug,"D=0,Y=1",50,0.19307076976270496,0.6530612244897959
32,candidate,0.9947594919371339,drug,"D=0,Y=1",50,0.19307076976270496,0.6530612244897959
33,selected,0.9895687049135051,drug,"D=0,Y=1",50,0.19307076976270496,0.673469387755102
33,candidate,0.9669648867909921,drug,"D=0,Y=1",50,0.19307076976270496,0.673469387755102
33,candidate,0.9913464933009024,drug,"D=0,Y=1",50,0.19307076976270496,0.673469387755102
33,candidate,0.98200825719903,drug,"D=0,Y=1",50,0.19307076976270496,0.673469387755102
33,candidate,0.970190814442855,drug,"D=0,Y=1",50,0.19307076976270496,0.673469387755102
33,candidate,0.9553533438300797,drug,"D=0,Y=1",50,0.19307076976270496,0.673469387755102
33,candidate,0.9849817014087039,drug,"D=0,Y=1",50,0.19307076976270496,0.673469387755102
33,candidate,0.9637700815274657,drug,"D=0,Y=1",50,0.19307076976270496,0.673469387755102
33,candidate,0.9723271083813764,drug,"D=0,Y=1",50,0.19307076976270496,0.673469387755102
33,candidate,0.9811367841445723,drug,"D=0,Y=1",50,0.19307076976270496,0.673469387755102
33,candidate,0.9677883157175574,drug,"D=0,Y=1",50,0.19307076976270496,0.673469387755102
33,candidate,0.9492977540356368,drug,"D=0,Y=1",50,0.19307076976270496,0.673469387755102
33,candidate,0.9399383828430927,drug,"D=0,Y=1",50,0.19307076976270496,0.673469387755102
33,candidate,0.9591804786990514,drug,"D=0,Y=1",50,0.19307076976270496,0.673469387755102
33,candidate,0.9529909035776437,drug,"D=0,Y=1",50,0.19307076976270496,0.673469387755102
33,candidate,0.9770115346420732,drug,"D=0,Y=1",50,0.19307076976270496,0.673469387755102
33,candidate,0.9872876723079862,drug,"D=0,Y=1",50,0.19307076976270496,0.673469387755102
33,candidate,0.9900750791935536,drug,"D=0,Y=1",50,0.19307076976270496,0.673469387755102
33,candidate,0.9746693162473459,drug,"D=0,Y=1",50,0.19307076976270496,0.673469387755102
33,candidate,0.9971788993686163,drug,"D=0,Y=1",50,0.19307076976270496,0.673469387755102
33,candidate,0.9706418983276909,drug,"D=0,Y=1",50,0.19307076976270496,0.673469387755102
34,selected,0.980205323650027,drug,"D=0,Y=1",50,0.19307076976270496,0.6938775510204082
34,candidate,0.9466892154185431,drug,"D=0,Y=1",50,0.19307076976270496,0.6938775510204082
34,candidate,0.9660743055294655,drug,"D=0,Y=1",50,0.19307076976270496,0.6938775510204082
34,candidate,0.951835563539656,drug,"D=0,Y=1",50,0.19307076976270496,0.6938775510204082
34,candidate,0.9840880086439162,drug,"D=0,Y=1",50,0.19307076976270496,0.6938775510204082
34,candidate,0.9905594611142257,drug,"D=0,Y=1",50,0.19307076976270496,0.6938775510204082
34,candidate,0.9800111349673928,drug,"D=0,Y=1",50,0.19307076976270496,0.6938775510204082
34,candidate,0.968449472840935,drug,"D=0,Y=1",50,0.19307076976270496,0.6938775510204082
34,candidate,0.948872072571621,drug,"D=0,Y=1",50,0.19307076976270496,0.6938775510204082
34,candidate,0.9440898421386661,drug,"D=0,Y=1",50,0.19307076976270496,0.6938775510204082
34,candidate,0.9599550557471257,drug,"D=0,Y=1",50,0.19307076976270496,0.6938775510204082
34,candidate,0.960214592050609,drug,"D=0,Y=1",50,0.19307076976270496,0.6938775510204082
34,candidate,0.9644664764777822,drug,"D=0,Y=1",50,0.19307076976270496,0.6938775510204082
34,candidate,0.9686361512373539,drug,"D=0,Y=1",50,0.19307076976270496,0.6938775510204082
34,candidate,0.9418088652517926,drug,"D=0,Y=1",50,0.19307076976270496,0.6938775510204082
34,candidate,0.9555811466400524,drug,"D=0,Y=1",50,0.19307076976270496,0.6938775510204082
34,candidate,0.972290091733831,drug,"D=0,Y=1",50,0.19307076976270496,0.6938775510204082
34,candidate,0.958954711121201,drug,"D=0,Y=1",50,0.19307076976270496,0.6938775510204082
34,candidate,0.9444962148081228,drug,"D=0,Y=1",50,0.19307076976270496,0.6938775510204082
34,candidate,0.9886733333892753,drug,"D=0,Y=1",50,0.19307076976270496,0.6938775510204082
34,candidate,0.9480368245140335,drug,"D=0,Y=1",50,0.19307076976270496,0.6938775510204082
35,selected,0.9713186289029127,drug,"D=0,Y=1",50,0.19307076976270496,0.7142857142857143
35,candidate,0.9627476206615804,drug,"D=0,Y=1",50,0.19307076976270496,0.7142857142857143
35,candidate,0.9749321065677172,drug,"D=0,Y=1",50,0.19307076976270496,0.7142857142857143
35,candidate,0.9772074309459314,drug,"D=0,Y=1",50,0.19307076976270496,0.7142857142857143
35,candidate,0.9617067773926455,drug,"D=0,Y=1",50,0.19307076976270496,0.7142857142857143
35,candidate,0.9728132150497459,drug,"D=0,Y=1",50,0.19307076976270496,0.7142857142857143
35,candidate,0.9842802274338143,drug,"D=0,Y=1",50,0.19307076976270496,0.7142857142857143
35,candidate,0.9918446051377274,drug,"D=0,Y=1",50,0.19307076976270496,0.7142857142857143
35,candidate,0.957052452074624,drug,"D=0,Y=1",50,0.19307076976270496,0.7142857142857143
35,candidate,0.9698394476391131,drug,"D=0,Y=1",50,0.19307076976270496,0.7142857142857143
35,candidate,0.9606471264626851,drug,"D=0,Y=1",50,0.19307076976270496,0.7142857142857143
35,candidate,0.9577249510609432,drug,"D=0,Y=1",50,0.19307076976270496,0.7142857142857143
35,candidate,0.9852357523777917,drug,"D=0,Y=1",50,0.19307076976270496,0.7142857142857143
35,candidate,0.9904646065150138,drug,"D=0,Y=1",50,0.19307076976270496,0.7142857142857143
35,candidate,0.9664998518879736,drug,"D=0,Y=1",50,0.19307076976270496,0.7142857142857143
35,candidate,0.9727506281516943,drug,"D=0,Y=1",50,0.19307076976270496,0.7142857142857143
35,candidate,0.9562002114630092,drug,"D=0,Y=1",50,0.19307076976270496,0.7142857142857143
35,candidate,0.9532227409736361,drug,"D=0,Y=1",50,0.19307076976270496,0.7142857142857143
35,candidate,0.9473023129844708,drug,"D=0,Y=1",50,0.19307076976270496,0.7142857142857143
35,candidate,0.9534459879084479,drug,"D=0,Y=1",50,0.19307076976270496,0.7142857142857143
35,candidate,0.9719154549961161,drug,"D=0,Y=1",50,0.19307076976270496,0.7142857142857143
36,selected,0.9735481970208651,drug,"D=0,Y=1",50,0.19307076976270496,0.7346938775510204
36,candidate,0.9701085887216429,drug,"D=0,Y=1",50,0.19307076976270496,0.7346938775510204
36,candidate,0.9479752463396716,drug,"D=0,Y=1",50,0.19307076976270496,0.7346938775510204
36,candidate,0.9456515570300665,drug,"D=0,Y=1",50,0.19307076976270496,0.7346938775510204
36,candidate,0.9509409926122077,drug,"D=0,Y=1",50,0.19307076976270496,0.7346938775510204
36,candidate,0.9475637940992713,drug,"D=0,Y=1",50,0.19307076976270496,0.7346938775510204
36,candidate,0.947116379618889,drug,"D=0,Y=1",50,0.19307076976270496,0.7346938775510204
36,candidate,0.9889291750850895,drug,"D=0,Y=1",50,0.19307076976270496,0.7346938775510204
36,candidate,0.9571738353805467,drug,"D=0,Y=1",50,0.19307076976270496,0.7346938775510204
36,candidate,0.9778315948257728,drug,"D=0,Y=1",50,0.19307076976270496,0.7346938775510204
36,candidate,0.9672788642944357,drug,"D=0,Y=1",50,0.19307076976270496,0.7346938775510204
36,candidate,0.958781040302057,drug,"D=0,Y=1",50,0.19307076976270496,0.7346938775510204
36,candidate,0.9377397899873637,drug,"D=0,Y=1",50,0.19307076976270496,0.7346938775510204
36,candidate,0.9806555261405657,drug,"D=0,Y=1",50,0.19307076976270496,0.7346938775510204
36,candidate,0.9631755668135199,drug,"D=0,Y=1",50,0.19307076976270496,0.7346938775510204
36,candidate,0.963781359337849,drug,"D=0,Y=1",50,0.19307076976270496,0.7346938775510204
36,candidate,0.9514385642735342,drug,"D=0,Y=1",50,0.19307076976270496,0.7346938775510204
36,candidate,0.9551046507750455,drug,"D=0,Y=1",50,0.19307076976270496,0.7346938775510204
36,candidate,0.9721446392734018,drug,"D=0,Y=1",50,0.19307076976270496,0.7346938775510204
36,candidate,0.980587469868863,drug,"D=0,Y=1",50,0.19307076976270496,0.7346938775510204
36,candidate,0.9431899484211284,drug,"D=0,Y=1",50,0.19307076976270496,0.7346938775510204
37,selected,0.9866936640444111,drug,"D=0,Y=1",50,0.19307076976270496,0.7551020408163265
37,candidate,0.9957543788114315,drug,"D=0,Y=1",50,0.19307076976270496,0.7551020408163265
37,candidate,0.937022320278205,drug,"D=0,Y=1",50,0.19307076976270496,0.7551020408163265
37,candidate,0.9576861254068804,drug,"D=0,Y=1",50,0.19307076976270496,0.7551020408163265
37,candidate,0.9466573665114785,drug,"D=0,Y=1",50,0.19307076976270496,0.7551020408163265
37,candidate,0.9518689471070945,drug,"D=0,Y=1",50,0.19307076976270496,0.7551020408163265
37,candidate,0.9678594041928534,drug,"D=0,Y=1",50,0.19307076976270496,0.7551020408163265
37,candidate,0.9515054042067296,drug,"D=0,Y=1",50,0.19307076976270496,0.7551020408163265
37,candidate,0.9520935310138267,drug,"D=0,Y=1",50,0.19307076976270496,0.7551020408163265
37,candidate,0.9615003553057735,drug,"D=0,Y=1",50,0.19307076976270496,0.7551020408163265
37,candidate,0.9710825511707573,drug,"D=0,Y=1",50,0.19307076976270496,0.7551020408163265
37,candidate,0.9541194265262998,drug,"D=0,Y=1",50,0.19307076976270496,0.7551020408163265
37,candidate,0.9744982037052008,drug,"D=0,Y=1",50,0.19307076976270496,0.7551020408163265
37,candidate,0.9589437876641015,drug,"D=0,Y=1",50,0.19307076976270496,0.7551020408163265
37,candidate,0.9408688104677541,drug,"D=0,Y=1",50,0.19307076976270496,0.7551020408163265
37,candidate,0.9382294539804509,drug,"D=0,Y=1",50,0.19307076976270496,0.7551020408163265
37,candidate,0.9571897392612624,drug,"D=0,Y=1",50,0.19307076976270496,0.7551020408163265
37,candidate,0.9504486150811995,drug,"D=0,Y=1",50,0.19307076976270496,0.7551020408163265
37,candidate,0.9568081175271151,drug,"D=0,Y=1",50,0.19307076976270496,0.7551020408163265
37,candidate,0.9822553206222403,drug,"D=0,Y=1",50,0.19307076976270496,0.7551020408163265
37,candidate,0.9548203493222264,drug,"D=0,Y=1",50,0.19307076976270496,0.7551020408163265
38,selected,0.9722576859464164,drug,"D=0,Y=1",50,0.19307076976270496,0.7755102040816326
38,candidate,0.9552531763198392,drug,"D=0,Y=1",50,0.19307076976270496,0.7755102040816326
38,candidate,0.9431711368610288,drug,"D=0,Y=1",50,0.19307076976270496,0.7755102040816326
38,candidate,0.9585688775138049,drug,"D=0,Y=1",50,0.19307076976270496,0.7755102040816326
38,candidate,0.9387408986815993,drug,"D=0,Y=1",50,0.19307076976270496,0.7755102040816326
38,candidate,0.9298299259537791,drug,"D=0,Y=1",50,0.19307076976270496,0.7755102040816326
38,candidate,0.9224783538952808,drug,"D=0,Y=1",50,0.19307076976270496,0.7755102040816326
38,candidate,0.9519954964581502,drug,"D=0,Y=1",50,0.19307076976270496,0.7755102040816326
38,candidate,0.9679273239187605,drug,"D=0,Y=1",50,0.19307076976270496,0.7755102040816326
38,candidate,0.9538224435910525,drug,"D=0,Y=1",50,0.19307076976270496,0.7755102040816326
38,candidate,0.9393590586816538,drug,"D=0,Y=1",50,0.19307076976270496,0.7755102040816326
38,candidate,0.9708660175838532,drug,"D=0,Y=1",50,0.19307076976270496,0.7755102040816326
38,candidate,0.9794163706820304,drug,"D=0,Y=1",50,0.19307076976270496,0.7755102040816326
38,candidate,0.9628528678323994,drug,"D=0,Y=1",50,0.19307076976270496,0.7755102040816326
38,candidate,0.9806711638989767,drug,"D=0,Y=1",50,0.19307076976270496,0.7755102040816326
38,candidate,0.9553103863130686,drug,"D=0,Y=1",50,0.19307076976270496,0.7755102040816326
38,candidate,0.9549866949473456,drug,"D=0,Y=1",50,0.19307076976270496,0.7755102040816326
38,candidate,0.9582840939065759,drug,"D=0,Y=1",50,0.19307076976270496,0.7755102040816326
38,candidate,0.9102640654306723,drug,"D=0,Y=1",50,0.19307076976270496,0.7755102040816326
38,candidate,0.9510068814775823,drug,"D=0,Y=1",50,0.19307076976270496,0.7755102040816326
38,candidate,0.9380325732977927,drug,"D=0,Y=1",50,0.19307076976270496,0.7755102040816326
39,selected,0.9851957724757113,drug,"D=0,Y=1",50,0.19307076976270496,0.7959183673469388
39,candidate,0.936079749202462,drug,"D=0,Y=1",50,0.19307076976270496,0.7959183673469388
39,candidate,0.9345830630981768,drug,"D=0,Y=1",50,0.19307076976270496,0.7959183673469388
39,candidate,0.9497796306662861,drug,"D=0,Y=1",50,0.19307076976270496,0.7959183673469388
39,candidate,0.9380973880200737,drug,"D=0,Y=1",50,0.19307076976270496,0.7959183673469388
39,candidate,0.9514605384827742,drug,"D=0,Y=1",50,0.19307076976270496,0.7959183673469388
39,candidate,0.9124112289095271,drug,"D=0,Y=1",50,0.19307076976270496,0.7959183673469388
39,candidate,0.9651216879265884,drug,"D=0,Y=1",50,0.19307076976270496,0.7959183673469388
39,candidate,0.9543611735493265,drug,"D=0,Y=1",50,0.19307076976270496,0.7959183673469388
39,candidate,0.9611951685237491,drug,"D=0,Y=1",50,0.19307076976270496,0.7959183673469388
39,candidate,0.9797526329239912,drug,"D=0,Y=1",50,0.19307076976270496,0.7959183673469388
39,candidate,0.9638116319577859,drug,"D=0,Y=1",50,0.19307076976270496,0.7959183673469388
39,candidate,0.9708700059556333,drug,"D=0,Y=1",50,0.19307076976270496,0.7959183673469388
39,candidate,0.9464247667051403,drug,"D=0,Y=1",50,0.19307076976270496,0.7959183673469388
39,candidate,0.9612810499739606,drug,"D=0,Y=1",50,0.19307076976270496,0.7959183673469388
39,candidate,0.9833898922758798,drug,"D=0,Y=1",50,0.19307076976270496,0.7959183673469388
39,candidate,0.9316784176287664,drug,"D=0,Y=1",50,0.19307076976270496,0.7959183673469388
39,candidate,0.9649942047784293,drug,"D=0,Y=1",50,0.19307076976270496,0.7959183673469388
39,candidate,0.9217200215863026,drug,"D=0,Y=1",50,0.19307076976270496,0.7959183673469388
39,candidate,0.9846462284770106,drug,"D=0,Y=1",50,0.19307076976270496,0.7959183673469388
39,candidate,0.9425035752061234,drug,"D=0,Y=1",50,0.19307076976270496,0.7959183673469388
40,selected,0.9604269037352222,drug,"D=0,Y=1",50,0.19307076976270496,0.8163265306122449
40,candidate,0.9712254736060255,drug,"D=0,Y=1",50,0.19307076976270496,0.8163265306122449
40,candidate,0.9416985728567282,drug,"D=0,Y=1",50,0.19307076976270496,0.8163265306122449
40,candidate,0.9223449981632191,drug,"D=0,Y=1",50,0.19307076976270496,0.8163265306122449
40,candidate,0.9156793448081014,drug,"D=0,Y=1",50,0.19307076976270496,0.8163265306122449
40,candidate,0.9541750859421368,drug,"D=0,Y=1",50,0.19307076976270496,0.8163265306122449
40,candidate,0.9477686184346148,drug,"D=0,Y=1",50,0.19307076976270496,0.8163265306122449
40,candidate,0.9255437328658951,drug,"D=0,Y=1",50,0.19307076976270496,0.8163265306122449
40,candidate,0.9423610737927608,drug,"D=0,Y=1",50,0.19307076976270496,0.8163265306122449
40,candidate,0.955816933815898,drug,"D=0,Y=1",50,0.19307076976270496,0.8163265306122449
40,candidate,0.9421526812711257,drug,"D=0,Y=1",50,0.19307076976270496,0.8163265306122449
40,candidate,0.9391993923475596,drug,"D=0,Y=1",50,0.19307076976270496,0.8163265306122449
40,candidate,0.9497188121568713,drug,"D=0,Y=1",50,0.19307076976270496,0.8163265306122449
40,candidate,0.9669805145436969,drug,"D=0,Y=1",50,0.19307076976270496,0.8163265306122449
40,candidate,0.9635064520341717,drug,"D=0,Y=1",50,0.19307076976270496,0.8163265306122449
40,candidate,0.9523731093646476,drug,"D=0,Y=1",50,0.19307076976270496,0.8163265306122449
40,candidate,0.9630757117072563,drug,"D=0,Y=1",50,0.19307076976270496,0.8163265306122449
40,candidate,0.9687419361587466,drug,"D=0,Y=1",50,0.19307076976270496,0.8163265306122449
40,candidate,0.9432233008603225,drug,"D=0,Y=1",50,0.19307076976270496,0.8163265306122449
40,candidate,0.9366109719583098,drug,"D=0,Y=1",50,0.19307076976270496,0.8163265306122449
40,candidate,0.9322570433800439,drug,"D=0,Y=1",50,0.19307076976270496,0.8163265306122449
41,selected,0.9588930508755438,drug,"D=0,Y=1",50,0.19307076976270496,0.8367346938775511
41,candidate,0.9507811206027619,drug,"D=0,Y=1",50,0.19307076976270496,0.8367346938775511
41,candidate,0.9623430381261943,drug,"D=0,Y=1",50,0.19307076976270496,0.8367346938775511
41,candidate,0.9396085781685155,drug,"D=0,Y=1",50,0.19307076976270496,0.8367346938775511
41,candidate,0.9272286651993001,drug,"D=0,Y=1",50,0.19307076976270496,0.8367346938775511
41,candidate,0.9206496211269427,drug,"D=0,Y=1",50,0.19307076976270496,0.8367346938775511
41,candidate,0.9678689952921096,drug,"D=0,Y=1",50,0.19307076976270496,0.8367346938775511
41,candidate,0.9092349430250218,drug,"D=0,Y=1",50,0.19307076976270496,0.8367346938775511
41,candidate,0.9452082515506535,drug,"D=0,Y=1",50,0.19307076976270496,0.8367346938775511
41,candidate,0.9367711314220921,drug,"D=0,Y=1",50,0.19307076976270496,0.8367346938775511
41,candidate,0.9513738433309662,drug,"D=0,Y=1",50,0.19307076976270496,0.8367346938775511
41,candidate,0.9515724985196619,drug,"D=0,Y=1",50,0.19307076976270496,0.8367346938775511
41,candidate,0.9412825266250185,drug,"D=0,Y=1",50,0.19307076976270496,0.8367346938775511
41,candidate,0.9452688622808973,drug,"D=0,Y=1",50,0.19307076976270496,0.8367346938775511
41,candidate,0.9306583580167931,drug,"D=0,Y=1",50,0.19307076976270496,0.8367346938775511
41,candidate,0.9202842796638807,drug,"D=0,Y=1",50,0.19307076976270496,0.8367346938775511
41,candidate,0.946582054060392,drug,"D=0,Y=1",50,0.19307076976270496,0.8367346938775511
41,candidate,0.9551343455258368,drug,"D=0,Y=1",50,0.19307076976270496,0.8367346938775511
41,candidate,0.9329278815796958,drug,"D=0,Y=1",50,0.19307076976270496,0.8367346938775511
41,candidate,0.9297356164208127,drug,"D=0,Y=1",50,0.19307076976270496,0.8367346938775511
41,candidate,0.9323914518354911,drug,"D=0,Y=1",50,0.19307076976270496,0.8367346938775511
42,selected,0.9609094772627225,drug,"D=0,Y=1",50,0.19307076976270496,0.8571428571428571
42,candidate,0.9395975447714474,drug,"D=0,Y=1",50,0.19307076976270496,0.8571428571428571
42,candidate,0.9284551329732026,drug,"D=0,Y=1",50,0.19307076976270496,0.8571428571428571
42,candidate,0.9434802493664877,drug,"D=0,Y=1",50,0.19307076976270496,0.8571428571428571
42,candidate,0.9582872664613405,drug,"D=0,Y=1",50,0.19307076976270496,0.8571428571428571
42,candidate,0.941270993396618,drug,"D=0,Y=1",50,0.19307076976270496,0.8571428571428571
42,candidate,0.9295527818475617,drug,"D=0,Y=1",50,0.19307076976270496,0.8571428571428571
42,candidate,0.9250237855718079,drug,"D=0,Y=1",50,0.19307076976270496,0.8571428571428571
42,candidate,0.9134910143626446,drug,"D=0,Y=1",50,0.19307076976270496,0.8571428571428571
42,candidate,0.9326547794363089,drug,"D=0,Y=1",50,0.19307076976270496,0.8571428571428571
42,candidate,0.933653054035366,drug,"D=0,Y=1",50,0.19307076976270496,0.8571428571428571
42,candidate,0.9193762407005759,drug,"D=0,Y=1",50,0.19307076976270496,0.8571428571428571
42,candidate,0.9238426261959602,drug,"D=0,Y=1",50,0.19307076976270496,0.8571428571428571
42,candidate,0.9513161704085304,drug,"D=0,Y=1",50,0.19307076976270496,0.8571428571428571
42,candidate,0.9496617705590232,drug,"D=0,Y=1",50,0.19307076976270496,0.8571428571428571
42,candidate,0.919089796799305,drug,"D=0,Y=1",50,0.19307076976270496,0.8571428571428571
42,candidate,0.9139866544248391,drug,"D=0,Y=1",50,0.19307076976270496,0.8571428571428571
42,candidate,0.9381615431567005,drug,"D=0,Y=1",50,0.19307076976270496,0.8571428571428571
42,candidate,0.9688697886644885,drug,"D=0,Y=1",50,0.19307076976270496,0.8571428571428571
42,candidate,0.8947462853453872,drug,"D=0,Y=1",50,0.19307076976270496,0.8571428571428571
42,candidate,0.9489174828612654,drug,"D=0,Y=1",50,0.19307076976270496,0.8571428571428571
43,selected,0.9883082732840156,drug,"D=0,Y=1",50,0.19307076976270496,0.8775510204081632
43,candidate,0.9408033946699876,drug,"D=0,Y=1",50,0.19307076976270496,0.8775510204081632
43,candidate,0.9761980106913589,drug,"D=0,Y=1",50,0.19307076976270496,0.8775510204081632
43,candidate,0.9262884514761741,drug,"D=0,Y=1",50,0.19307076976270496,0.8775510204081632
43,candidate,0.9088172393942615,drug,"D=0,Y=1",50,0.19307076976270496,0.8775510204081632
43,candidate,0.9450541308400229,drug,"D=0,Y=1",50,0.19307076976270496,0.8775510204081632
43,candidate,0.9140022474184191,drug,"D=0,Y=1",50,0.19307076976270496,0.8775510204081632
43,candidate,0.964055964271879,drug,"D=0,Y=1",50,0.19307076976270496,0.8775510204081632
43,candidate,0.9399645347066149,drug,"D=0,Y=1",50,0.19307076976270496,0.8775510204081632
43,candidate,0.9502592848219329,drug,"D=0,Y=1",50,0.19307076976270496,0.8775510204081632
43,candidate,0.9425755540575345,drug,"D=0,Y=1",50,0.19307076976270496,0.8775510204081632
43,candidate,0.989874721386043,drug,"D=0,Y=1",50,0.19307076976270496,0.8775510204081632
43,candidate,0.9444144526701269,drug,"D=0,Y=1",50,0.19307076976270496,0.8775510204081632
43,candidate,0.928661209878227,drug,"D=0,Y=1",50,0.19307076976270496,0.8775510204081632
43,candidate,0.9204719221165673,drug,"D=0,Y=1",50,0.19307076976270496,0.8775510204081632
43,candidate,0.9240275846713008,drug,"D=0,Y=1",50,0.19307076976270496,0.8775510204081632
43,candidate,0.9258896809480519,drug,"D=0,Y=1",50,0.19307076976270496,0.8775510204081632
43,candidate,0.9068989199362107,drug,"D=0,Y=1",50,0.19307076976270496,0.8775510204081632
43,candidate,0.9407376925059658,drug,"D=0,Y=1",50,0.19307076976270496,0.8775510204081632
43,candidate,0.9088850942615637,drug,"D=0,Y=1",50,0.19307076976270496,0.8775510204081632
43,candidate,0.9135613975220673,drug,"D=0,Y=1",50,0.19307076976270496,0.8775510204081632
44,selected,0.940140445266125,drug,"D=0,Y=1",50,0.19307076976270496,0.8979591836734694
44,candidate,0.9232171479004143,drug,"D=0,Y=1",50,0.19307076976270496,0.8979591836734694
44,candidate,0.94227559639256,drug,"D=0,Y=1",50,0.19307076976270496,0.8979591836734694
44,candidate,0.929729493232964,drug,"D=0,Y=1",50,0.19307076976270496,0.8979591836734694
44,candidate,0.9020841373276939,drug,"D=0,Y=1",50,0.19307076976270496,0.8979591836734694
44,candidate,0.9379552064254518,drug,"D=0,Y=1",50,0.19307076976270496,0.8979591836734694
44,candidate,0.9382055427649723,drug,"D=0,Y=1",50,0.19307076976270496,0.8979591836734694
44,candidate,0.9102247374805655,drug,"D=0,Y=1",50,0.19307076976270496,0.8979591836734694
44,candidate,0.919089252229767,drug,"D=0,Y=1",50,0.19307076976270496,0.8979591836734694
44,candidate,0.9289471018663514,drug,"D=0,Y=1",50,0.19307076976270496,0.8979591836734694
44,candidate,0.9290694728037875,drug,"D=0,Y=1",50,0.19307076976270496,0.8979591836734694
44,candidate,0.9218146162878853,drug,"D=0,Y=1",50,0.19307076976270496,0.8979591836734694
44,candidate,0.9389122523691679,drug,"D=0,Y=1",50,0.19307076976270496,0.8979591836734694
44,candidate,0.9160247521616282,drug,"D=0,Y=1",50,0.19307076976270496,0.8979591836734694
44,candidate,0.9355981103575887,drug,"D=0,Y=1",50,0.19307076976270496,0.8979591836734694
44,candidate,0.9249171447675975,drug,"D=0,Y=1",50,0.19307076976270496,0.8979591836734694
44,candidate,0.8972897488445071,drug,"D=0,Y=1",50,0.19307076976270496,0.8979591836734694
44,candidate,0.9447314553875705,drug,"D=0,Y=1",50,0.19307076976270496,0.8979591836734694
44,candidate,0.9446592657761437,drug,"D=0,Y=1",50,0.19307076976270496,0.8979591836734694
44,candidate,0.9348328845034648,drug,"D=0,Y=1",50,0.19307076976270496,0.8979591836734694
44,candidate,0.9557740367677929,drug,"D=0,Y=1",50,0.19307076976270496,0.8979591836734694
45,selected,0.9545561294864063,drug,"D=0,Y=1",50,0.19307076976270496,0.9183673469387755
45,candidate,0.930032557731371,drug,"D=0,Y=1",50,0.19307076976270496,0.9183673469387755
45,candidate,0.9345019372255801,drug,"D=0,Y=1",50,0.19307076976270496,0.9183673469387755
45,candidate,0.9051576443196043,drug,"D=0,Y=1",50,0.19307076976270496,0.9183673469387755
45,candidate,0.9298578040108547,drug,"D=0,Y=1",50,0.19307076976270496,0.9183673469387755
45,candidate,0.9219062480711103,drug,"D=0,Y=1",50,0.19307076976270496,0.9183673469387755
45,candidate,0.9114928289544098,drug,"D=0,Y=1",50,0.19307076976270496,0.9183673469387755
45,candidate,0.953434873188135,drug,"D=0,Y=1",50,0.19307076976270496,0.9183673469387755
45,candidate,0.9188634820306008,drug,"D=0,Y=1",50,0.19307076976270496,0.9183673469387755
45,candidate,0.9483795453707435,drug,"D=0,Y=1",50,0.19307076976270496,0.9183673469387755
45,candidate,0.9275619978407955,drug,"D=0,Y=1",50,0.19307076976270496,0.9183673469387755
45,candidate,0.9271222456161,drug,"D=0,Y=1",50,0.19307076976270496,0.9183673469387755
45,candidate,0.9339240631908445,drug,"D=0,Y=1",50,0.19307076976270496,0.9183673469387755
45,candidate,0.906515062243107,drug,"D=0,Y=1",50,0.19307076976270496,0.9183673469387755
45,candidate,0.8869102802203612,drug,"D=0,Y=1",50,0.19307076976270496,0.9183673469387755
45,candidate,0.9314696145298071,drug,"D=0,Y=1",50,0.19307076976270496,0.9183673469387755
45,candidate,0.9049533943205488,drug,"D=0,Y=1",50,0.19307076976270496,0.9183673469387755
45,candidate,0.8960460350333631,drug,"D=0,Y=1",50,0.19307076976270496,0.9183673469387755
45,candidate,0.9079131094794801,drug,"D=0,Y=1",50,0.19307076976270496,0.9183673469387755
45,candidate,0.9043929063070034,drug,"D=0,Y=1",50,0.19307076976270496,0.9183673469387755
45,candidate,0.9225518888460298,drug,"D=0,Y=1",50,0.19307076976270496,0.9183673469387755
46,selected,0.9256759183252834,drug,"D=0,Y=1",50,0.19307076976270496,0.9387755102040817
46,candidate,0.8771611531809599,drug,"D=0,Y=1",50,0.19307076976270496,0.9387755102040817
46,candidate,0.9189092615980666,drug,"D=0,Y=1",50,0.19307076976270496,0.9387755102040817
46,candidate,0.8763896841927944,drug,"D=0,Y=1",50,0.19307076976270496,0.9387755102040817
46,candidate,0.9008031164792549,drug,"D=0,Y=1",50,0.19307076976270496,0.9387755102040817
46,candidate,0.8792252609490671,drug,"D=0,Y=1",50,0.19307076976270496,0.9387755102040817
46,candidate,0.8934797997490895,drug,"D=0,Y=1",50,0.19307076976270496,0.9387755102040817
46,candidate,0.8798172845352324,drug,"D=0,Y=1",50,0.19307076976270496,0.9387755102040817
46,candidate,0.861995647307621,drug,"D=0,Y=1",50,0.19307076976270496,0.9387755102040817
46,candidate,0.907167811998826,drug,"D=0,Y=1",50,0.19307076976270496,0.9387755102040817
46,candidate,0.9240108231762895,drug,"D=0,Y=1",50,0.19307076976270496,0.9387755102040817
46,candidate,0.9247223967233077,drug,"D=0,Y=1",50,0.19307076976270496,0.9387755102040817
46,candidate,0.8935591385068604,drug,"D=0,Y=1",50,0.19307076976270496,0.9387755102040817
46,candidate,0.8846949314227721,drug,"D=0,Y=1",50,0.19307076976270496,0.9387755102040817
46,candidate,0.8753746658415726,drug,"D=0,Y=1",50,0.19307076976270496,0.9387755102040817
46,candidate,0.892901707637848,drug,"D=0,Y=1",50,0.19307076976270496,0.9387755102040817
46,candidate,0.880373569742547,drug,"D=0,Y=1",50,0.19307076976270496,0.9387755102040817
46,candidate,0.8823250739700143,drug,"D=0,Y=1",50,0.19307076976270496,0.9387755102040817
46,candidate,0.9297168181636247,drug,"D=0,Y=1",50,0.19307076976270496,0.9387755102040817
46,candidate,0.8968022315533534,drug,"D=0,Y=1",50,0.19307076976270496,0.9387755102040817
46,candidate,0.9194912692728573,drug,"D=0,Y=1",50,0.19307076976270496,0.9387755102040817
47,selected,0.9602306342621889,drug,"D=0,Y=1",50,0.19307076976270496,0.9591836734693877
47,candidate,0.8857382533600066,drug,"D=0,Y=1",50,0.19307076976270496,0.9591836734693877
47,candidate,0.9056235779685569,drug,"D=0,Y=1",50,0.19307076976270496,0.9591836734693877
47,candidate,0.9190425100072428,drug,"D=0,Y=1",50,0.19307076976270496,0.9591836734693877
47,candidate,0.9159194167510993,drug,"D=0,Y=1",50,0.19307076976270496,0.9591836734693877
47,candidate,0.8633256319232142,drug,"D=0,Y=1",50,0.19307076976270496,0.9591836734693877
47,candidate,0.8697402262828623,drug,"D=0,Y=1",50,0.19307076976270496,0.9591836734693877
47,candidate,0.8977758484665223,drug,"D=0,Y=1",50,0.19307076976270496,0.9591836734693877
47,candidate,0.8535223637160226,drug,"D=0,Y=1",50,0.19307076976270496,0.9591836734693877
47,candidate,0.8816312126198255,drug,"D=0,Y=1",50,0.19307076976270496,0.9591836734693877
47,candidate,0.8775160553438067,drug,"D=0,Y=1",50,0.19307076976270496,0.9591836734693877
47,candidate,0.8980418311112703,drug,"D=0,Y=1",50,0.19307076976270496,0.9591836734693877
47,candidate,0.8704147935109028,drug,"D=0,Y=1",50,0.19307076976270496,0.9591836734693877
47,candidate,0.9096206200551922,drug,"D=0,Y=1",50,0.19307076976270496,0.9591836734693877
47,candidate,0.8838555312922535,drug,"D=0,Y=1",50,0.19307076976270496,0.9591836734693877
47,candidate,0.874691995794042,drug,"D=0,Y=1",50,0.19307076976270496,0.9591836734693877
47,candidate,0.8659351633964947,drug,"D=0,Y=1",50,0.19307076976270496,0.9591836734693877
47,candidate,0.8871912852136596,drug,"D=0,Y=1",50,0.19307076976270496,0.9591836734693877
47,candidate,0.903152250381854,drug,"D=0,Y=1",50,0.19307076976270496,0.9591836734693877
47,candidate,0.8373582805741439,drug,"D=0,Y=1",50,0.19307076976270496,0.9591836734693877
47,candidate,0.8716902562731451,drug,"D=0,Y=1",50,0.19307076976270496,0.9591836734693877
48,selected,0.9041514627172297,drug,"D=0,Y=1",50,0.19307076976270496,0.9795918367346939
48,candidate,0.8520692761131973,drug,"D=0,Y=1",50,0.19307076976270496,0.9795918367346939
48,candidate,0.8573987901701482,drug,"D=0,Y=1",50,0.19307076976270496,0.9795918367346939
48,candidate,0.8454705938467076,drug,"D=0,Y=1",50,0.19307076976270496,0.9795918367346939
48,candidate,0.8600007380293054,drug,"D=0,Y=1",50,0.19307076976270496,0.9795918367346939
48,candidate,0.8433783840508237,drug,"D=0,Y=1",50,0.19307076976270496,0.9795918367346939
48,candidate,0.8628900204424476,drug,"D=0,Y=1",50,0.19307076976270496,0.9795918367346939
48,candidate,0.8465542968381593,drug,"D=0,Y=1",50,0.19307076976270496,0.9795918367346939
48,candidate,0.8424064781492906,drug,"D=0,Y=1",50,0.19307076976270496,0.9795918367346939
48,candidate,0.8796885290429701,drug,"D=0,Y=1",50,0.19307076976270496,0.9795918367346939
48,candidate,0.8531822849955278,drug,"D=0,Y=1",50,0.19307076976270496,0.9795918367346939
48,candidate,0.8916520641530004,drug,"D=0,Y=1",50,0.19307076976270496,0.9795918367346939
48,candidate,0.8914174081076831,drug,"D=0,Y=1",50,0.19307076976270496,0.9795918367346939
48,candidate,0.8550053645500005,drug,"D=0,Y=1",50,0.19307076976270496,0.9795918367346939
48,candidate,0.8675506836254414,drug,"D=0,Y=1",50,0.19307076976270496,0.9795918367346939
48,candidate,0.8739250661458233,drug,"D=0,Y=1",50,0.19307076976270496,0.9795918367346939
48,candidate,0.8698964314707304,drug,"D=0,Y=1",50,0.19307076976270496,0.9795918367346939
48,candidate,0.8657682343553983,drug,"D=0,Y=1",50,0.19307076976270496,0.9795918367346939
48,candidate,0.8612288027862325,drug,"D=0,Y=1",50,0.19307076976270496,0.9795918367346939
48,candidate,0.8795192361685594,drug,"D=0,Y=1",50,0.19307076976270496,0.9795918367346939
48,candidate,0.8510644466514903,drug,"D=0,Y=1",50,0.19307076976270496,0.9795918367346939
49,selected,0.8773694126482865,drug,"D=0,Y=1",50,0.19307076976270496,1.0
49,candidate,0.781019843058976,drug,"D=0,Y=1",50,0.19307076976270496,1.0
49,candidate,0.7536611569368392,drug,"D=0,Y=1",50,0.19307076976270496,1.0
49,candidate,0.7846692640040607,drug,"D=0,Y=1",50,0.19307076976270496,1.0
49,candidate,0.8406382290120858,drug,"D=0,Y=1",50,0.19307076976270496,1.0
49,candidate,0.714161251065084,drug,"D=0,Y=1",50,0.19307076976270496,1.0
49,candidate,0.7861026907929511,drug,"D=0,Y=1",50,0.19307076976270496,1.0
49,candidate,0.7483951179428391,drug,"D=0,Y=1",50,0.19307076976270496,1.0
49,candidate,0.8273242370770082,drug,"D=0,Y=1",50,0.19307076976270496,1.0
49,candidate,0.8601144109903313,drug,"D=0,Y=1",50,0.19307076976270496,1.0
49,candidate,0.7330610253649654,drug,"D=0,Y=1",50,0.19307076976270496,1.0
49,candidate,0.782003160611615,drug,"D=0,Y=1",50,0.19307076976270496,1.0
49,candidate,0.7852585250647631,drug,"D=0,Y=1",50,0.19307076976270496,1.0
49,candidate,0.8040145343975968,drug,"D=0,Y=1",50,0.19307076976270496,1.0
49,candidate,0.824662519479438,drug,"D=0,Y=1",50,0.19307076976270496,1.0
49,candidate,0.7485197792949448,drug,"D=0,Y=1",50,0.19307076976270496,1.0
49,candidate,0.7737808810936753,drug,"D=0,Y=1",50,0.19307076976270496,1.0
49,candidate,0.7772658187395369,drug,"D=0,Y=1",50,0.19307076976270496,1.0
49,candidate,0.7851098608160095,drug,"D=0,Y=1",50,0.19307076976270496,1.0
49,candidate,0.7920404131379094,drug,"D=0,Y=1",50,0.19307076976270496,1.0
49,candidate,0.8151222220266625,drug,"D=0,Y=1",50,0.19307076976270496,1.0
0,selected,1.0,drug,"D=0,Y=0",14,0.17289705808882996,0.0
0,candidate,0.9999999999999998,drug,"D=0,Y=0",14,0.17289705808882996,0.0
0,candidate,1.0,drug,"D=0,Y=0",14,0.17289705808882996,0.0
0,candidate,1.0,drug,"D=0,Y=0",14,0.17289705808882996,0.0
0,candidate,1.0,drug,"D=0,Y=0",14,0.17289705808882996,0.0
0,candidate,1.0,drug,"D=0,Y=0",14,0.17289705808882996,0.0
0,candidate,1.0,drug,"D=0,Y=0",14,0.17289705808882996,0.0
0,candidate,1.0000000000000002,drug,"D=0,Y=0",14,0.17289705808882996,0.0
0,candidate,1.0,drug,"D=0,Y=0",14,0.17289705808882996,0.0
0,candidate,1.0,drug,"D=0,Y=0",14,0.17289705808882996,0.0
0,candidate,1.0000000000000002,drug,"D=0,Y=0",14,0.17289705808882996,0.0
0,candidate,1.0,drug,"D=0,Y=0",14,0.17289705808882996,0.0
0,candidate,1.0,drug,"D=0,Y=0",14,0.17289705808882996,0.0
0,candidate,1.0,drug,"D=0,Y=0",14,0.17289705808882996,0.0
0,candidate,1.0,drug,"D=0,Y=0",14,0.17289705808882996,0.0
0,candidate,1.0000000000000002,drug,"D=0,Y=0",14,0.17289705808882996,0.0
0,candidate,1.0000000000000002,drug,"D=0,Y=0",14,0.17289705808882996,0.0
0,candidate,1.0000000000000002,drug,"D=0,Y=0",14,0.17289705808882996,0.0
0,candidate,1.0,drug,"D=0,Y=0",14,0.17289705808882996,0.0
0,candidate,1.0,drug,"D=0,Y=0",14,0.17289705808882996,0.0
0,candidate,1.0,drug,"D=0,Y=0",14,0.17289705808882996,0.0
1,selected,0.9999999999999999,drug,"D=0,Y=0",14,0.17289705808882996,0.07692307692307693
1,candidate,1.0000000000000002,drug,"D=0,Y=0",14,0.17289705808882996,0.07692307692307693
1,candidate,0.9999999999999998,drug,"D=0,Y=0",14,0.17289705808882996,0.07692307692307693
1,candidate,0.992215944201585,drug,"D=0,Y=0",14,0.17289705808882996,0.07692307692307693
1,candidate,1.0000000000000002,drug,"D=0,Y=0",14,0.17289705808882996,0.07692307692307693
1,candidate,0.9932059892944644,drug,"D=0,Y=0",14,0.17289705808882996,0.07692307692307693
1,candidate,1.0000000000000002,drug,"D=0,Y=0",14,0.17289705808882996,0.07692307692307693
1,candidate,1.0000000000000002,drug,"D=0,Y=0",14,0.17289705808882996,0.07692307692307693
1,candidate,1.0000000000000002,drug,"D=0,Y=0",14,0.17289705808882996,0.07692307692307693
1,candidate,0.9999999999999998,drug,"D=0,Y=0",14,0.17289705808882996,0.07692307692307693
1,candidate,1.0000000000000002,drug,"D=0,Y=0",14,0.17289705808882996,0.07692307692307693
1,candidate,0.9919487572345094,drug,"D=0,Y=0",14,0.17289705808882996,0.07692307692307693
1,candidate,0.9999999999999998,drug,"D=0,Y=0",14,0.17289705808882996,0.07692307692307693
1,candidate,0.9975148986117726,drug,"D=0,Y=0",14,0.17289705808882996,0.07692307692307693
1,candidate,0.9510133582718573,drug,"D=0,Y=0",14,0.17289705808882996,0.07692307692307693
1,candidate,1.0000000000000002,drug,"D=0,Y=0",14,0.17289705808882996,0.07692307692307693
1,candidate,0.9868366171603371,drug,"D=0,Y=0",14,0.17289705808882996,0.07692307692307693
1,candidate,0.9999999999999998,drug,"D=0,Y=0",14,0.17289705808882996,0.07692307692307693
1,candidate,1.0,drug,"D=0,Y=0",14,0.17289705808882996,0.07692307692307693
1,candidate,1.0000000000000002,drug,"D=0,Y=0",14,0.17289705808882996,0.07692307692307693
1,candidate,0.9999999999999942,drug,"D=0,Y=0",14,0.17289705808882996,0.07692307692307693
2,selected,0.9922159442015858,drug,"D=0,Y=0",14,0.17289705808882996,0.15384615384615385
2,candidate,1.0,drug,"D=0,Y=0",14,0.17289705808882996,0.15384615384615385
2,candidate,0.9900171189874547,drug,"D=0,Y=0",14,0.17289705808882996,0.15384615384615385
2,candidate,1.0,drug,"D=0,Y=0",14,0.17289705808882996,0.15384615384615385
2,candidate,0.9610637421186283,drug,"D=0,Y=0",14,0.17289705808882996,0.15384615384615385
2,candidate,0.9984487671222938,drug,"D=0,Y=0",14,0.17289705808882996,0.15384615384615385
2,candidate,0.9999999999999971,drug,"D=0,Y=0",14,0.17289705808882996,0.15384615384615385
2,candidate,1.0,drug,"D=0,Y=0",14,0.17289705808882996,0.15384615384615385
2,candidate,0.9999999999999987,drug,"D=0,Y=0",14,0.17289705808882996,0.15384615384615385
2,candidate,1.0,drug,"D=0,Y=0",14,0.17289705808882996,0.15384615384615385
2,candidate,1.0,drug,"D=0,Y=0",14,0.17289705808882996,0.15384615384615385
2,candidate,0.9524525120367882,drug,"D=0,Y=0",14,0.17289705808882996,0.15384615384615385
2,candidate,0.9963339068987179,drug,"D=0,Y=0",14,0.17289705808882996,0.15384615384615385
2,candidate,0.9816845332949011,drug,"D=0,Y=0",14,0.17289705808882996,0.15384615384615385
2,candidate,0.9576791723868721,drug,"D=0,Y=0",14,0.17289705808882996,0.15384615384615385
2,candidate,1.0000000000000002,drug,"D=0,Y=0",14,0.17289705808882996,0.15384615384615385
2,candidate,1.0,drug,"D=0,Y=0",14,0.17289705808882996,0.15384615384615385
2,candidate,0.9919487572345093,drug,"D=0,Y=0",14,0.17289705808882996,0.15384615384615385
2,candidate,1.0,drug,"D=0,Y=0",14,0.17289705808882996,0.15384615384615385
2,candidate,0.9898887054094317,drug,"D=0,Y=0",14,0.17289705808882996,0.15384615384615385
2,candidate,0.9999999999999998,drug,"D=0,Y=0",14,0.17289705808882996,0.15384615384615385
3,selected,0.9956897333531668,drug,"D=0,Y=0",14,0.17289705808882996,0.23076923076923078
3,candidate,0.99979648494499,drug,"D=0,Y=0",14,0.17289705808882996,0.23076923076923078
3,candidate,0.998405884090401,drug,"D=0,Y=0",14,0.17289705808882996,0.23076923076923078
3,candidate,0.9950743018504754,drug,"D=0,Y=0",14,0.17289705808882996,0.23076923076923078
3,candidate,0.9819932849981414,drug,"D=0,Y=0",14,0.17289705808882996,0.23076923076923078
3,candidate,0.9468052644403766,drug,"D=0,Y=0",14,0.17289705808882996,0.23076923076923078
3,candidate,0.9578773078804241,drug,"D=0,Y=0",14,0.17289705808882996,0.23076923076923078
3,candidate,0.9999999999999989,drug,"D=0,Y=0",14,0.17289705808882996,0.23076923076923078
3,candidate,0.9964189482661189,drug,"D=0,Y=0",14,0.17289705808882996,0.23076923076923078
3,candidate,0.9999999999999998,drug,"D=0,Y=0",14,0.17289705808882996,0.23076923076923078
3,candidate,0.9999999999999998,drug,"D=0,Y=0",14,0.17289705808882996,0.23076923076923078
3,candidate,0.983530951041912,drug,"D=0,Y=0",14,0.17289705808882996,0.23076923076923078
3,candidate,0.9999999999999992,drug,"D=0,Y=0",14,0.17289705808882996,0.23076923076923078
3,candidate,0.9486729078539632,drug,"D=0,Y=0",14,0.17289705808882996,0.23076923076923078
3,candidate,0.9576697895394598,drug,"D=0,Y=0",14,0.17289705808882996,0.23076923076923078
3,candidate,0.9914528844288852,drug,"D=0,Y=0",14,0.17289705808882996,0.23076923076923078
3,candidate,0.9999999999999992,drug,"D=0,Y=0",14,0.17289705808882996,0.23076923076923078
3,candidate,0.9982417247646421,drug,"D=0,Y=0",14,0.17289705808882996,0.23076923076923078
3,candidate,0.9900171189874535,drug,"D=0,Y=0",14,0.17289705808882996,0.23076923076923078
3,candidate,0.9925947589757735,drug,"D=0,Y=0",14,0.17289705808882996,0.23076923076923078
3,candidate,0.9999999999999989,drug,"D=0,Y=0",14,0.17289705808882996,0.23076923076923078
4,selected,1.0,drug,"D=0,Y=0",14,0.17289705808882996,0.3076923076923077
4,candidate,0.9966685205070341,drug,"D=0,Y=0",14,0.17289705808882996,0.3076923076923077
4,candidate,0.9982417247646429,drug,"D=0,Y=0",14,0.17289705808882996,0.3076923076923077
4,candidate,0.9984235263622802,drug,"D=0,Y=0",14,0.17289705808882996,0.3076923076923077
4,candidate,0.9828363281939854,drug,"D=0,Y=0",14,0.17289705808882996,0.3076923076923077
4,candidate,0.9584669569699027,drug,"D=0,Y=0",14,0.17289705808882996,0.3076923076923077
4,candidate,0.9775856854341258,drug,"D=0,Y=0",14,0.17289705808882996,0.3076923076923077
4,candidate,0.9979754120613544,drug,"D=0,Y=0",14,0.17289705808882996,0.3076923076923077
4,candidate,0.9967002206198631,drug,"D=0,Y=0",14,0.17289705808882996,0.3076923076923077
4,candidate,0.9114286555039721,drug,"D=0,Y=0",14,0.17289705808882996,0.3076923076923077
4,candidate,0.9950743018504762,drug,"D=0,Y=0",14,0.17289705808882996,0.3076923076923077
4,candidate,0.9239137368852344,drug,"D=0,Y=0",14,0.17289705808882996,0.3076923076923077
4,candidate,0.943285000289697,drug,"D=0,Y=0",14,0.17289705808882996,0.3076923076923077
4,candidate,0.976055250837284,drug,"D=0,Y=0",14,0.17289705808882996,0.3076923076923077
4,candidate,0.9840179004487436,drug,"D=0,Y=0",14,0.17289705808882996,0.3076923076923077
4,candidate,0.9982842618770204,drug,"D=0,Y=0",14,0.17289705808882996,0.3076923076923077
4,candidate,1.0000000000000004,drug,"D=0,Y=0",14,0.17289705808882996,0.3076923076923077
4,candidate,0.9240526315247534,drug,"D=0,Y=0",14,0.17289705808882996,0.3076923076923077
4,candidate,0.9492525811183391,drug,"D=0,Y=0",14,0.17289705808882996,0.3076923076923077
4,candidate,0.9997828463344876,drug,"D=0,Y=0",14,0.17289705808882996,0.3076923076923077
4,candidate,0.99658767323261,drug,"D=0,Y=0",14,0.17289705808882996,0.3076923076923077
5,selected,0.9642526039179153,drug,"D=0,Y=0",14,0.17289705808882996,0.38461538461538464
5,candidate,1.0000000000000004,drug,"D=0,Y=0",14,0.17289705808882996,0.38461538461538464
5,candidate,1.000000000000001,drug,"D=0,Y=0",14,0.17289705808882996,0.38461538461538464
5,candidate,0.9119821124289986,drug,"D=0,Y=0",14,0.17289705808882996,0.38461538461538464
5,candidate,1.0000000000000004,drug,"D=0,Y=0",14,0.17289705808882996,0.38461538461538464
5,candidate,0.9240526315247534,drug,"D=0,Y=0",14,0.17289705808882996,0.38461538461538464
5,candidate,0.9562770634646872,drug,"D=0,Y=0",14,0.17289705808882996,0.38461538461538464
5,candidate,0.9984235263622816,drug,"D=0,Y=0",14,0.17289705808882996,0.38461538461538464
5,candidate,0.9859841783581562,drug,"D=0,Y=0",14,0.17289705808882996,0.38461538461538464
5,candidate,0.9215752777846363,drug,"D=0,Y=0",14,0.17289705808882996,0.38461538461538464
5,candidate,0.90594382467557,drug,"D=0,Y=0",14,0.17289705808882996,0.38461538461538464
5,candidate,1.0000000000000004,drug,"D=0,Y=0",14,0.17289705808882996,0.38461538461538464
5,candidate,0.9133499191623579,drug,"D=0,Y=0",14,0.17289705808882996,0.38461538461538464
5,candidate,0.9398576790061337,drug,"D=0,Y=0",14,0.17289705808882996,0.38461538461538464
5,candidate,0.9942110204984721,drug,"D=0,Y=0",14,0.17289705808882996,0.38461538461538464
5,candidate,1.0000000000000007,drug,"D=0,Y=0",14,0.17289705808882996,0.38461538461538464
5,candidate,0.9585307504679389,drug,"D=0,Y=0",14,0.17289705808882996,0.38461538461538464
5,candidate,1.0000000000000007,drug,"D=0,Y=0",14,0.17289705808882996,0.38461538461538464
5,candidate,0.9207238022054255,drug,"D=0,Y=0",14,0.17289705808882996,0.38461538461538464
5,candidate,0.9997828463344876,drug,"D=0,Y=0",14,0.17289705808882996,0.38461538461538464
5,candidate,0.9840179004487465,drug,"D=0,Y=0",14,0.17289705808882996,0.38461538461538464
6,selected,1.0000000000000007,drug,"D=0,Y=0",14,0.17289705808882996,0.46153846153846156
6,candidate,0.9991144042943931,drug,"D=0,Y=0",14,0.17289705808882996,0.46153846153846156
6,candidate,0.9945670592882979,drug,"D=0,Y=0",14,0.17289705808882996,0.46153846153846156
6,candidate,0.9870658253418123,drug,"D=0,Y=0",14,0.17289705808882996,0.46153846153846156
6,candidate,0.9250529927165564,drug,"D=0,Y=0",14,0.17289705808882996,0.46153846153846156
6,candidate,0.9942110204984729,drug,"D=0,Y=0",14,0.17289705808882996,0.46153846153846156
6,candidate,1.0000000000000004,drug,"D=0,Y=0",14,0.17289705808882996,0.46153846153846156
6,candidate,0.8974738964911226,drug,"D=0,Y=0",14,0.17289705808882996,0.46153846153846156
6,candidate,0.9153629596085576,drug,"D=0,Y=0",14,0.17289705808882996,0.46153846153846156
6,candidate,0.9240962512634638,drug,"D=0,Y=0",14,0.17289705808882996,0.46153846153846156
6,candidate,0.9867094588247414,drug,"D=0,Y=0",14,0.17289705808882996,0.46153846153846156
6,candidate,0.9572758317917732,drug,"D=0,Y=0",14,0.17289705808882996,0.46153846153846156
6,candidate,0.9737743499341319,drug,"D=0,Y=0",14,0.17289705808882996,0.46153846153846156
6,candidate,1.0000000000000007,drug,"D=0,Y=0",14,0.17289705808882996,0.46153846153846156
6,candidate,0.9984235263622809,drug,"D=0,Y=0",14,0.17289705808882996,0.46153846153846156
6,candidate,0.9930679525468475,drug,"D=0,Y=0",14,0.17289705808882996,0.46153846153846156
6,candidate,0.9492827195040064,drug,"D=0,Y=0",14,0.17289705808882996,0.46153846153846156
6,candidate,0.9077576725143056,drug,"D=0,Y=0",14,0.17289705808882996,0.46153846153846156
6,candidate,1.0000000000000004,drug,"D=0,Y=0",14,0.17289705808882996,0.46153846153846156
6,candidate,0.922155186717013,drug,"D=0,Y=0",14,0.17289705808882996,0.46153846153846156
6,candidate,0.8965361820053707,drug,"D=0,Y=0",14,0.17289705808882996,0.46153846153846156
7,selected,0.9999999999999984,drug,"D=0,Y=0",14,0.17289705808882996,0.5384615384615384
7,candidate,0.9999999999999981,drug,"D=0,Y=0",14,0.17289705808882996,0.5384615384615384
7,candidate,0.9908483941181875,drug,"D=0,Y=0",14,0.17289705808882996,0.5384615384615384
7,candidate,0.9411125196514933,drug,"D=0,Y=0",14,0.17289705808882996,0.5384615384615384
7,candidate,0.9959206836128439,drug,"D=0,Y=0",14,0.17289705808882996,0.5384615384615384
7,candidate,0.9999999999999987,drug,"D=0,Y=0",14,0.17289705808882996,0.5384615384615384
7,candidate,0.8994156307141433,drug,"D=0,Y=0",14,0.17289705808882996,0.5384615384615384
7,candidate,0.9102377169637136,drug,"D=0,Y=0",14,0.17289705808882996,0.5384615384615384
7,candidate,0.9909226868117615,drug,"D=0,Y=0",14,0.17289705808882996,0.5384615384615384
7,candidate,0.9435318408455542,drug,"D=0,Y=0",14,0.17289705808882996,0.5384615384615384
7,candidate,0.9840208376212397,drug,"D=0,Y=0",14,0.17289705808882996,0.5384615384615384
7,candidate,0.8906674710430624,drug,"D=0,Y=0",14,0.17289705808882996,0.5384615384615384
7,candidate,0.9999999999999989,drug,"D=0,Y=0",14,0.17289705808882996,0.5384615384615384
7,candidate,0.9999999999999992,drug,"D=0,Y=0",14,0.17289705808882996,0.5384615384615384
7,candidate,0.9297326703225252,drug,"D=0,Y=0",14,0.17289705808882996,0.5384615384615384
7,candidate,0.9456566270254069,drug,"D=0,Y=0",14,0.17289705808882996,0.5384615384615384
7,candidate,0.9887676265731544,drug,"D=0,Y=0",14,0.17289705808882996,0.5384615384615384
7,candidate,0.923258483656939,drug,"D=0,Y=0",14,0.17289705808882996,0.5384615384615384
7,candidate,0.9346404154226393,drug,"D=0,Y=0",14,0.17289705808882996,0.5384615384615384
7,candidate,0.9003280447274444,drug,"D=0,Y=0",14,0.17289705808882996,0.5384615384615384
7,candidate,0.9999999999999989,drug,"D=0,Y=0",14,0.17289705808882996,0.5384615384615384
8,selected,0.9866087483009979,drug,"D=0,Y=0",14,0.17289705808882996,0.6153846153846154
8,candidate,0.9574755892688528,drug,"D=0,Y=0",14,0.17289705808882996,0.6153846153846154
8,candidate,0.8804712996211268,drug,"D=0,Y=0",14,0.17289705808882996,0.6153846153846154
8,candidate,0.9557702795887066,drug,"D=0,Y=0",14,0.17289705808882996,0.6153846153846154
8,candidate,0.9395951887978746,drug,"D=0,Y=0",14,0.17289705808882996,0.6153846153846154
8,candidate,0.990354792671932,drug,"D=0,Y=0",14,0.17289705808882996,0.6153846153846154
8,candidate,0.9053350282145253,drug,"D=0,Y=0",14,0.17289705808882996,0.6153846153846154
8,candidate,0.8370514094763262,drug,"D=0,Y=0",14,0.17289705808882996,0.6153846153846154
8,candidate,1.0000000000000004,drug,"D=0,Y=0",14,0.17289705808882996,0.6153846153846154
8,candidate,0.9124249115334793,drug,"D=0,Y=0",14,0.17289705808882996,0.6153846153846154
8,candidate,0.9265366103844266,drug,"D=0,Y=0",14,0.17289705808882996,0.6153846153846154
8,candidate,0.9558309527357334,drug,"D=0,Y=0",14,0.17289705808882996,0.6153846153846154
8,candidate,1.0000000000000007,drug,"D=0,Y=0",14,0.17289705808882996,0.6153846153846154
8,candidate,0.9818639232422104,drug,"D=0,Y=0",14,0.17289705808882996,0.6153846153846154
8,candidate,0.9008772863160134,drug,"D=0,Y=0",14,0.17289705808882996,0.6153846153846154
8,candidate,0.9019433311677701,drug,"D=0,Y=0",14,0.17289705808882996,0.6153846153846154
8,candidate,0.9284223520483522,drug,"D=0,Y=0",14,0.17289705808882996,0.6153846153846154
8,candidate,0.9434700847313429,drug,"D=0,Y=0",14,0.17289705808882996,0.6153846153846154
8,candidate,0.8775881762687703,drug,"D=0,Y=0",14,0.17289705808882996,0.6153846153846154
8,candidate,0.9928389073185119,drug,"D=0,Y=0",14,0.17289705808882996,0.6153846153846154
8,candidate,0.9061937281703871,drug,"D=0,Y=0",14,0.17289705808882996,0.6153846153846154
9,selected,1.0000000000000016,drug,"D=0,Y=0",14,0.17289705808882996,0.6923076923076923
9,candidate,0.9274975618434551,drug,"D=0,Y=0",14,0.17289705808882996,0.6923076923076923
9,candidate,0.976382303831601,drug,"D=0,Y=0",14,0.17289705808882996,0.6923076923076923
9,candidate,0.9129418074726012,drug,"D=0,Y=0",14,0.17289705808882996,0.6923076923076923
9,candidate,0.9262660691246203,drug,"D=0,Y=0",14,0.17289705808882996,0.6923076923076923
9,candidate,0.7553195224041505,drug,"D=0,Y=0",14,0.17289705808882996,0.6923076923076923
9,candidate,0.9190352379174609,drug,"D=0,Y=0",14,0.17289705808882996,0.6923076923076923
9,candidate,0.9209505799257814,drug,"D=0,Y=0",14,0.17289705808882996,0.6923076923076923
9,candidate,0.9941656010283281,drug,"D=0,Y=0",14,0.17289705808882996,0.6923076923076923
9,candidate,0.7771971346275416,drug,"D=0,Y=0",14,0.17289705808882996,0.6923076923076923
9,candidate,0.8979487497489246,drug,"D=0,Y=0",14,0.17289705808882996,0.6923076923076923
9,candidate,0.9113520297684131,drug,"D=0,Y=0",14,0.17289705808882996,0.6923076923076923
9,candidate,0.9119590452567589,drug,"D=0,Y=0",14,0.17289705808882996,0.6923076923076923
9,candidate,0.9494541242101048,drug,"D=0,Y=0",14,0.17289705808882996,0.6923076923076923
9,candidate,0.9856859060261891,drug,"D=0,Y=0",14,0.17289705808882996,0.6923076923076923
9,candidate,0.9129663454483283,drug,"D=0,Y=0",14,0.17289705808882996,0.6923076923076923
9,candidate,0.9911830377189647,drug,"D=0,Y=0",14,0.17289705808882996,0.6923076923076923
9,candidate,1.0000000000000007,drug,"D=0,Y=0",14,0.17289705808882996,0.6923076923076923
9,candidate,0.902749978299943,drug,"D=0,Y=0",14,0.17289705808882996,0.6923076923076923
9,candidate,0.9846639577808003,drug,"D=0,Y=0",14,0.17289705808882996,0.6923076923076923
9,candidate,0.8880389555394622,drug,"D=0,Y=0",14,0.17289705808882996,0.6923076923076923
10,selected,0.968224606223012,drug,"D=0,Y=0",14,0.17289705808882996,0.7692307692307693
10,candidate,0.9069211720745936,drug,"D=0,Y=0",14,0.17289705808882996,0.7692307692307693
10,candidate,0.921079016492337,drug,"D=0,Y=0",14,0.17289705808882996,0.7692307692307693
10,candidate,0.8420963377687467,drug,"D=0,Y=0",14,0.17289705808882996,0.7692307692307693
10,candidate,0.9190352379174596,drug,"D=0,Y=0",14,0.17289705808882996,0.7692307692307693
10,candidate,0.9806378850322339,drug,"D=0,Y=0",14,0.17289705808882996,0.7692307692307693
10,candidate,0.8735111679712869,drug,"D=0,Y=0",14,0.17289705808882996,0.7692307692307693
10,candidate,0.9217490369859889,drug,"D=0,Y=0",14,0.17289705808882996,0.7692307692307693
10,candidate,0.9009968503017337,drug,"D=0,Y=0",14,0.17289705808882996,0.7692307692307693
10,candidate,0.9212568641151634,drug,"D=0,Y=0",14,0.17289705808882996,0.7692307692307693
10,candidate,0.9225410963970874,drug,"D=0,Y=0",14,0.17289705808882996,0.7692307692307693
10,candidate,0.8949218532627852,drug,"D=0,Y=0",14,0.17289705808882996,0.7692307692307693
10,candidate,0.9931934954571054,drug,"D=0,Y=0",14,0.17289705808882996,0.7692307692307693
10,candidate,0.9347745134482567,drug,"D=0,Y=0",14,0.17289705808882996,0.7692307692307693
10,candidate,0.9494541242101034,drug,"D=0,Y=0",14,0.17289705808882996,0.7692307692307693
10,candidate,0.8748182169685627,drug,"D=0,Y=0",14,0.17289705808882996,0.7692307692307693
10,candidate,0.8824996246419035,drug,"D=0,Y=0",14,0.17289705808882996,0.7692307692307693
10,candidate,0.7552352894916078,drug,"D=0,Y=0",14,0.17289705808882996,0.7692307692307693
10,candidate,0.9046478295650314,drug,"D=0,Y=0",14,0.17289705808882996,0.7692307692307693
10,candidate,0.9262660691246203,drug,"D=0,Y=0",14,0.17289705808882996,0.7692307692307693
10,candidate,0.9190483388839074,drug,"D=0,Y=0",14,0.17289705808882996,0.7692307692307693
11,selected,0.9538017564659964,drug,"D=0,Y=0",14,0.17289705808882996,0.8461538461538461
11,candidate,0.8310480977370104,drug,"D=0,Y=0",14,0.17289705808882996,0.8461538461538461
11,candidate,0.907548166907718,drug,"D=0,Y=0",14,0.17289705808882996,0.8461538461538461
11,candidate,0.8473483703555023,drug,"D=0,Y=0",14,0.17289705808882996,0.8461538461538461
11,candidate,0.8291034843671257,drug,"D=0,Y=0",14,0.17289705808882996,0.8461538461538461
11,candidate,0.8834426825051436,drug,"D=0,Y=0",14,0.17289705808882996,0.8461538461538461
11,candidate,0.8747457149240747,drug,"D=0,Y=0",14,0.17289705808882996,0.8461538461538461
11,candidate,0.9203352472460786,drug,"D=0,Y=0",14,0.17289705808882996,0.8461538461538461
11,candidate,0.8921031872703677,drug,"D=0,Y=0",14,0.17289705808882996,0.8461538461538461
11,candidate,0.8178550344777631,drug,"D=0,Y=0",14,0.17289705808882996,0.8461538461538461
11,candidate,0.8916349751018693,drug,"D=0,Y=0",14,0.17289705808882996,0.8461538461538461
11,candidate,0.9139094370017898,drug,"D=0,Y=0",14,0.17289705808882996,0.8461538461538461
11,candidate,0.9062518089493647,drug,"D=0,Y=0",14,0.17289705808882996,0.8461538461538461
11,candidate,0.9573127757149396,drug,"D=0,Y=0",14,0.17289705808882996,0.8461538461538461
11,candidate,0.743526768936027,drug,"D=0,Y=0",14,0.17289705808882996,0.8461538461538461
11,candidate,0.8034650719383278,drug,"D=0,Y=0",14,0.17289705808882996,0.8461538461538461
11,candidate,0.8873138397016059,drug,"D=0,Y=0",14,0.17289705808882996,0.8461538461538461
11,candidate,0.8751207424908,drug,"D=0,Y=0",14,0.17289705808882996,0.8461538461538461
11,candidate,0.8290431364879891,drug,"D=0,Y=0",14,0.17289705808882996,0.8461538461538461
11,candidate,0.881011585852676,drug,"D=0,Y=0",14,0.17289705808882996,0.8461538461538461
11,candidate,0.904531336283724,drug,"D=0,Y=0",14,0.17289705808882996,0.8461538461538461
12,selected,0.95851656270375,drug,"D=0,Y=0",14,0.17289705808882996,0.9230769230769231
12,candidate,0.8289302121578421,drug,"D=0,Y=0",14,0.17289705808882996,0.9230769230769231
12,candidate,0.8441292237508482,drug,"D=0,Y=0",14,0.17289705808882996,0.9230769230769231
12,candidate,0.8378664708559588,drug,"D=0,Y=0",14,0.17289705808882996,0.9230769230769231
12,candidate,0.7286866713632242,drug,"D=0,Y=0",14,0.17289705808882996,0.9230769230769231
12,candidate,0.6183249343134548,drug,"D=0,Y=0",14,0.17289705808882996,0.9230769230769231
12,candidate,0.9111627246458206,drug,"D=0,Y=0",14,0.17289705808882996,0.9230769230769231
12,candidate,0.7826182751196492,drug,"D=0,Y=0",14,0.17289705808882996,0.9230769230769231
12,candidate,0.793543177637789,drug,"D=0,Y=0",14,0.17289705808882996,0.9230769230769231
12,candidate,0.8321764983364285,drug,"D=0,Y=0",14,0.17289705808882996,0.9230769230769231
12,candidate,0.7804526839112834,drug,"D=0,Y=0",14,0.17289705808882996,0.9230769230769231
12,candidate,0.6682056849249473,drug,"D=0,Y=0",14,0.17289705808882996,0.9230769230769231
12,candidate,0.8077808218514563,drug,"D=0,Y=0",14,0.17289705808882996,0.9230769230769231
12,candidate,0.8327596902456973,drug,"D=0,Y=0",14,0.17289705808882996,0.9230769230769231
12,candidate,0.9161623230394508,drug,"D=0,Y=0",14,0.17289705808882996,0.9230769230769231
12,candidate,0.7976563879812105,drug,"D=0,Y=0",14,0.17289705808882996,0.9230769230769231
12,candidate,0.8499551560865402,drug,"D=0,Y=0",14,0.17289705808882996,0.9230769230769231
12,candidate,0.8133229875610939,drug,"D=0,Y=0",14,0.17289705808882996,0.9230769230769231
12,candidate,0.7342402605030771,drug,"D=0,Y=0",14,0.17289705808882996,0.9230769230769231
12,candidate,0.8279346421906292,drug,"D=0,Y=0",14,0.17289705808882996,0.9230769230769231
12,candidate,0.7825890137146531,drug,"D=0,Y=0",14,0.17289705808882996,0.9230769230769231
13,selected,0.8317274078015722,drug,"D=0,Y=0",14,0.17289705808882996,1.0
13,candidate,0.7024533724145735,drug,"D=0,Y=0",14,0.17289705808882996,1.0
13,candidate,0.7900246001009884,drug,"D=0,Y=0",14,0.17289705808882996,1.0
13,candidate,0.7925919122945841,drug,"D=0,Y=0",14,0.17289705808882996,1.0
13,candidate,0.7135243534623527,drug,"D=0,Y=0",14,0.17289705808882996,1.0
13,candidate,0.750772359053825,drug,"D=0,Y=0",14,0.17289705808882996,1.0
13,candidate,0.7448839904071849,drug,"D=0,Y=0",14,0.17289705808882996,1.0
13,candidate,0.7290225363303207,drug,"D=0,Y=0",14,0.17289705808882996,1.0
13,candidate,0.8389642574593518,drug,"D=0,Y=0",14,0.17289705808882996,1.0
13,candidate,0.751990841199656,drug,"D=0,Y=0",14,0.17289705808882996,1.0
13,candidate,0.6802545506089589,drug,"D=0,Y=0",14,0.17289705808882996,1.0
13,candidate,0.7224016277379537,drug,"D=0,Y=0",14,0.17289705808882996,1.0
13,candidate,0.7979837814531195,drug,"D=0,Y=0",14,0.17289705808882996,1.0
13,candidate,0.711172369426215,drug,"D=0,Y=0",14,0.17289705808882996,1.0
13,candidate,0.7020324198789216,drug,"D=0,Y=0",14,0.17289705808882996,1.0
13,candidate,0.7479353224284494,drug,"D=0,Y=0",14,0.17289705808882996,1.0
13,candidate,0.7010872648026645,drug,"D=0,Y=0",14,0.17289705808882996,1.0
13,candidate,0.7347543674222952,drug,"D=0,Y=0",14,0.17289705808882996,1.0
13,candidate,0.5204206302977635,drug,"D=0,Y=0",14,0.17289705808882996,1.0
13,candidate,0.7943035708953617,drug,"D=0,Y=0",14,0.17289705808882996,1.0
13,candidate,0.7530484867696268,drug,"D=0,Y=0",14,0.17289705808882996,1.0
0,selected,1.0,drug,"D=1,Y=1",50,0.083260768699307,0.0
0,candidate,1.0,drug,"D=1,Y=1",50,0.083260768699307,0.0
0,candidate,1.0,drug,"D=1,Y=1",50,0.083260768699307,0.0
0,candidate,0.9999999999999999,drug,"D=1,Y=1",50,0.083260768699307,0.0
0,candidate,1.0,drug,"D=1,Y=1",50,0.083260768699307,0.0
0,candidate,1.0,drug,"D=1,Y=1",50,0.083260768699307,0.0
0,candidate,1.0,drug,"D=1,Y=1",50,0.083260768699307,0.0
0,candidate,1.0,drug,"D=1,Y=1",50,0.083260768699307,0.0
0,candidate,1.0,drug,"D=1,Y=1",50,0.083260768699307,0.0
0,candidate,0.9999999999999999,drug,"D=1,Y=1",50,0.083260768699307,0.0
0,candidate,1.0000000000000002,drug,"D=1,Y=1",50,0.083260768699307,0.0
0,candidate,0.9999999999999999,drug,"D=1,Y=1",50,0.083260768699307,0.0
0,candidate,1.0,drug,"D=1,Y=1",50,0.083260768699307,0.0
0,candidate,1.0,drug,"D=1,Y=1",50,0.083260768699307,0.0
0,candidate,1.0,drug,"D=1,Y=1",50,0.083260768699307,0.0
0,candidate,1.0000000000000002,drug,"D=1,Y=1",50,0.083260768699307,0.0
0,candidate,1.0000000000000002,drug,"D=1,Y=1",50,0.083260768699307,0.0
0,candidate,1.0,drug,"D=1,Y=1",50,0.083260768699307,0.0
0,candidate,1.0,drug,"D=1,Y=1",50,0.083260768699307,0.0
0,candidate,1.0,drug,"D=1,Y=1",50,0.083260768699307,0.0
0,candidate,1.0,drug,"D=1,Y=1",50,0.083260768699307,0.0
1,selected,1.0,drug,"D=1,Y=1",50,0.083260768699307,0.02040816326530612
1,candidate,0.9999999999999999,drug,"D=1,Y=1",50,0.083260768699307,0.02040816326530612
1,candidate,1.0,drug,"D=1,Y=1",50,0.083260768699307,0.02040816326530612
1,candidate,1.0,drug,"D=1,Y=1",50,0.083260768699307,0.02040816326530612
1,candidate,0.9974847568496318,drug,"D=1,Y=1",50,0.083260768699307,0.02040816326530612
1,candidate,0.9805099432731127,drug,"D=1,Y=1",50,0.083260768699307,0.02040816326530612
1,candidate,0.9999999999999998,drug,"D=1,Y=1",50,0.083260768699307,0.02040816326530612
1,candidate,1.0,drug,"D=1,Y=1",50,0.083260768699307,0.02040816326530612
1,candidate,1.0,drug,"D=1,Y=1",50,0.083260768699307,0.02040816326530612
1,candidate,1.0,drug,"D=1,Y=1",50,0.083260768699307,0.02040816326530612
1,candidate,0.9953523913853007,drug,"D=1,Y=1",50,0.083260768699307,0.02040816326530612
1,candidate,1.0,drug,"D=1,Y=1",50,0.083260768699307,0.02040816326530612
1,candidate,1.0000000000000002,drug,"D=1,Y=1",50,0.083260768699307,0.02040816326530612
1,candidate,0.999643066644147,drug,"D=1,Y=1",50,0.083260768699307,0.02040816326530612
1,candidate,1.0000000000000002,drug,"D=1,Y=1",50,0.083260768699307,0.02040816326530612
1,candidate,1.0,drug,"D=1,Y=1",50,0.083260768699307,0.02040816326530612
1,candidate,0.9985537529069525,drug,"D=1,Y=1",50,0.083260768699307,0.02040816326530612
1,candidate,1.0,drug,"D=1,Y=1",50,0.083260768699307,0.02040816326530612
1,candidate,0.9949844001169905,drug,"D=1,Y=1",50,0.083260768699307,0.02040816326530612
1,candidate,0.9999584203549198,drug,"D=1,Y=1",50,0.083260768699307,0.02040816326530612
1,candidate,1.0,drug,"D=1,Y=1",50,0.083260768699307,0.02040816326530612
2,selected,1.0000000000000002,drug,"D=1,Y=1",50,0.083260768699307,0.04081632653061224
2,candidate,0.9999999999999948,drug,"D=1,Y=1",50,0.083260768699307,0.04081632653061224
2,candidate,1.0,drug,"D=1,Y=1",50,0.083260768699307,0.04081632653061224
2,candidate,0.9805915086299337,drug,"D=1,Y=1",50,0.083260768699307,0.04081632653061224
2,candidate,1.0,drug,"D=1,Y=1",50,0.083260768699307,0.04081632653061224
2,candidate,0.9999999999999998,drug,"D=1,Y=1",50,0.083260768699307,0.04081632653061224
2,candidate,0.9999999999999999,drug,"D=1,Y=1",50,0.083260768699307,0.04081632653061224
2,candidate,0.9992952321209174,drug,"D=1,Y=1",50,0.083260768699307,0.04081632653061224
2,candidate,0.9994011036109284,drug,"D=1,Y=1",50,0.083260768699307,0.04081632653061224
2,candidate,0.9979344794073628,drug,"D=1,Y=1",50,0.083260768699307,0.04081632653061224
2,candidate,0.9954108052421003,drug,"D=1,Y=1",50,0.083260768699307,0.04081632653061224
2,candidate,1.0,drug,"D=1,Y=1",50,0.083260768699307,0.04081632653061224
2,candidate,0.9999999999999997,drug,"D=1,Y=1",50,0.083260768699307,0.04081632653061224
2,candidate,1.0000000000000002,drug,"D=1,Y=1",50,0.083260768699307,0.04081632653061224
2,candidate,1.0000000000000007,drug,"D=1,Y=1",50,0.083260768699307,0.04081632653061224
2,candidate,1.0,drug,"D=1,Y=1",50,0.083260768699307,0.04081632653061224
2,candidate,0.9999999999999999,drug,"D=1,Y=1",50,0.083260768699307,0.04081632653061224
2,candidate,0.9988741568566946,drug,"D=1,Y=1",50,0.083260768699307,0.04081632653061224
2,candidate,0.9990923877506322,drug,"D=1,Y=1",50,0.083260768699307,0.04081632653061224
2,candidate,0.9972305699533206,drug,"D=1,Y=1",50,0.083260768699307,0.04081632653061224
2,candidate,1.0000000000000002,drug,"D=1,Y=1",50,0.083260768699307,0.04081632653061224
3,selected,0.9999999999999994,drug,"D=1,Y=1",50,0.083260768699307,0.061224489795918366
3,candidate,0.9989495725558414,drug,"D=1,Y=1",50,0.083260768699307,0.061224489795918366
3,candidate,0.9999999999999999,drug,"D=1,Y=1",50,0.083260768699307,0.061224489795918366
3,candidate,0.9999999999999994,drug,"D=1,Y=1",50,0.083260768699307,0.061224489795918366
3,candidate,0.9927131832934034,drug,"D=1,Y=1",50,0.083260768699307,0.061224489795918366
3,candidate,0.9807315413847809,drug,"D=1,Y=1",50,0.083260768699307,0.061224489795918366
3,candidate,1.0,drug,"D=1,Y=1",50,0.083260768699307,0.061224489795918366
3,candidate,0.9998687656845353,drug,"D=1,Y=1",50,0.083260768699307,0.061224489795918366
3,candidate,0.998996816823021,drug,"D=1,Y=1",50,0.083260768699307,0.061224489795918366
3,candidate,0.9999999999999996,drug,"D=1,Y=1",50,0.083260768699307,0.061224489795918366
3,candidate,1.0,drug,"D=1,Y=1",50,0.083260768699307,0.061224489795918366
3,candidate,0.9897765708461084,drug,"D=1,Y=1",50,0.083260768699307,0.061224489795918366
3,candidate,0.9999999999999994,drug,"D=1,Y=1",50,0.083260768699307,0.061224489795918366
3,candidate,0.9999999999999994,drug,"D=1,Y=1",50,0.083260768699307,0.061224489795918366
3,candidate,0.9975469437773653,drug,"D=1,Y=1",50,0.083260768699307,0.061224489795918366
3,candidate,0.9999999999999997,drug,"D=1,Y=1",50,0.083260768699307,0.061224489795918366
3,candidate,1.0,drug,"D=1,Y=1",50,0.083260768699307,0.061224489795918366
3,candidate,1.0,drug,"D=1,Y=1",50,0.083260768699307,0.061224489795918366
3,candidate,0.9984998604335278,drug,"D=1,Y=1",50,0.083260768699307,0.061224489795918366
3,candidate,0.9999999999999997,drug,"D=1,Y=1",50,0.083260768699307,0.061224489795918366
3,candidate,0.9879399717817738,drug,"D=1,Y=1",50,0.083260768699307,0.061224489795918366
4,selected,0.9999125890739344,drug,"D=1,Y=1",50,0.083260768699307,0.08163265306122448
4,candidate,1.0000000000000002,drug,"D=1,Y=1",50,0.083260768699307,0.08163265306122448
4,candidate,1.0000000000000007,drug,"D=1,Y=1",50,0.083260768699307,0.08163265306122448
4,candidate,1.0000000000000007,drug,"D=1,Y=1",50,0.083260768699307,0.08163265306122448
4,candidate,1.0000000000000004,drug,"D=1,Y=1",50,0.083260768699307,0.08163265306122448
4,candidate,0.9999999999999998,drug,"D=1,Y=1",50,0.083260768699307,0.08163265306122448
4,candidate,0.9807315413847819,drug,"D=1,Y=1",50,0.083260768699307,0.08163265306122448
4,candidate,1.0000000000000004,drug,"D=1,Y=1",50,0.083260768699307,0.08163265306122448
4,candidate,0.9899403606026025,drug,"D=1,Y=1",50,0.083260768699307,0.08163265306122448
4,candidate,1.0,drug,"D=1,Y=1",50,0.083260768699307,0.08163265306122448
4,candidate,1.0000000000000002,drug,"D=1,Y=1",50,0.083260768699307,0.08163265306122448
4,candidate,1.0000000000000004,drug,"D=1,Y=1",50,0.083260768699307,0.08163265306122448
4,candidate,1.0,drug,"D=1,Y=1",50,0.083260768699307,0.08163265306122448
4,candidate,0.9976645840771159,drug,"D=1,Y=1",50,0.083260768699307,0.08163265306122448
4,candidate,1.0000000000000004,drug,"D=1,Y=1",50,0.083260768699307,0.08163265306122448
4,candidate,1.0,drug,"D=1,Y=1",50,0.083260768699307,0.08163265306122448
4,candidate,1.0000000000000004,drug,"D=1,Y=1",50,0.083260768699307,0.08163265306122448
4,candidate,1.0,drug,"D=1,Y=1",50,0.083260768699307,0.08163265306122448
4,candidate,1.0000000000000002,drug,"D=1,Y=1",50,0.083260768699307,0.08163265306122448
4,candidate,0.9962269566036474,drug,"D=1,Y=1",50,0.083260768699307,0.08163265306122448
4,candidate,1.000000000000001,drug,"D=1,Y=1",50,0.083260768699307,0.08163265306122448
5,selected,0.9990692699835746,drug,"D=1,Y=1",50,0.083260768699307,0.10204081632653061
5,candidate,0.9977375576605213,drug,"D=1,Y=1",50,0.083260768699307,0.10204081632653061
5,candidate,0.9999999999999994,drug,"D=1,Y=1",50,0.083260768699307,0.10204081632653061
5,candidate,1.0,drug,"D=1,Y=1",50,0.083260768699307,0.10204081632653061
5,candidate,1.0000000000000004,drug,"D=1,Y=1",50,0.083260768699307,0.10204081632653061
5,candidate,0.9995505317927997,drug,"D=1,Y=1",50,0.083260768699307,0.10204081632653061
5,candidate,1.0,drug,"D=1,Y=1",50,0.083260768699307,0.10204081632653061
5,candidate,0.9999999999999997,drug,"D=1,Y=1",50,0.083260768699307,0.10204081632653061
5,candidate,1.0,drug,"D=1,Y=1",50,0.083260768699307,0.10204081632653061
5,candidate,0.9999999999999695,drug,"D=1,Y=1",50,0.083260768699307,0.10204081632653061
5,candidate,0.9972515625803419,drug,"D=1,Y=1",50,0.083260768699307,0.10204081632653061
5,candidate,0.9552793747697684,drug,"D=1,Y=1",50,0.083260768699307,0.10204081632653061
5,candidate,0.9999999999999994,drug,"D=1,Y=1",50,0.083260768699307,0.10204081632653061
5,candidate,0.9999999999999994,drug,"D=1,Y=1",50,0.083260768699307,0.10204081632653061
5,candidate,0.9944074082924228,drug,"D=1,Y=1",50,0.083260768699307,0.10204081632653061
5,candidate,1.0000000000000002,drug,"D=1,Y=1",50,0.083260768699307,0.10204081632653061
5,candidate,0.9991064638102065,drug,"D=1,Y=1",50,0.083260768699307,0.10204081632653061
5,candidate,1.0,drug,"D=1,Y=1",50,0.083260768699307,0.10204081632653061
5,candidate,0.960480078251633,drug,"D=1,Y=1",50,0.083260768699307,0.10204081632653061
5,candidate,0.9995934960733436,drug,"D=1,Y=1",50,0.083260768699307,0.10204081632653061
5,candidate,0.9999999999999997,drug,"D=1,Y=1",50,0.083260768699307,0.10204081632653061
6,selected,0.9988575825988728,drug,"D=1,Y=1",50,0.083260768699307,0.12244897959183673
6,candidate,0.9930698162009616,drug,"D=1,Y=1",50,0.083260768699307,0.12244897959183673
6,candidate,0.9962845582480445,drug,"D=1,Y=1",50,0.083260768699307,0.12244897959183673
6,candidate,0.9999999999999997,drug,"D=1,Y=1",50,0.083260768699307,0.12244897959183673
6,candidate,0.9843461878079796,drug,"D=1,Y=1",50,0.083260768699307,0.12244897959183673
6,candidate,0.9892644610679489,drug,"D=1,Y=1",50,0.083260768699307,0.12244897959183673
6,candidate,0.9803622140142143,drug,"D=1,Y=1",50,0.083260768699307,0.12244897959183673
6,candidate,0.9768724188454004,drug,"D=1,Y=1",50,0.083260768699307,0.12244897959183673
6,candidate,0.9999999999999983,drug,"D=1,Y=1",50,0.083260768699307,0.12244897959183673
6,candidate,0.9979277814413051,drug,"D=1,Y=1",50,0.083260768699307,0.12244897959183673
6,candidate,0.9999999999999991,drug,"D=1,Y=1",50,0.083260768699307,0.12244897959183673
6,candidate,0.9688647639768536,drug,"D=1,Y=1",50,0.083260768699307,0.12244897959183673
6,candidate,0.9999999999999994,drug,"D=1,Y=1",50,0.083260768699307,0.12244897959183673
6,candidate,0.9999999999999987,drug,"D=1,Y=1",50,0.083260768699307,0.12244897959183673
6,candidate,0.9994147859199982,drug,"D=1,Y=1",50,0.083260768699307,0.12244897959183673
6,candidate,0.9999999999999992,drug,"D=1,Y=1",50,0.083260768699307,0.12244897959183673
6,candidate,0.9999999999999989,drug,"D=1,Y=1",50,0.083260768699307,0.12244897959183673
6,candidate,0.9933531546877211,drug,"D=1,Y=1",50,0.083260768699307,0.12244897959183673
6,candidate,0.9981971289242625,drug,"D=1,Y=1",50,0.083260768699307,0.12244897959183673
6,candidate,0.999999999999999,drug,"D=1,Y=1",50,0.083260768699307,0.12244897959183673
6,candidate,0.9999999999999989,drug,"D=1,Y=1",50,0.083260768699307,0.12244897959183673
7,selected,1.0000000000000002,drug,"D=1,Y=1",50,0.083260768699307,0.14285714285714285
7,candidate,0.9999999999999999,drug,"D=1,Y=1",50,0.083260768699307,0.14285714285714285
7,candidate,1.0000000000000004,drug,"D=1,Y=1",50,0.083260768699307,0.14285714285714285
7,candidate,0.9990544411446296,drug,"D=1,Y=1",50,0.083260768699307,0.14285714285714285
7,candidate,1.0000000000000002,drug,"D=1,Y=1",50,0.083260768699307,0.14285714285714285
7,candidate,0.9926528819190032,drug,"D=1,Y=1",50,0.083260768699307,0.14285714285714285
7,candidate,1.0000000000000007,drug,"D=1,Y=1",50,0.083260768699307,0.14285714285714285
7,candidate,0.9839482694718681,drug,"D=1,Y=1",50,0.083260768699307,0.14285714285714285
7,candidate,0.9698029335118253,drug,"D=1,Y=1",50,0.083260768699307,0.14285714285714285
7,candidate,1.0000000000000004,drug,"D=1,Y=1",50,0.083260768699307,0.14285714285714285
7,candidate,1.0000000000000004,drug,"D=1,Y=1",50,0.083260768699307,0.14285714285714285
7,candidate,0.9999999999999997,drug,"D=1,Y=1",50,0.083260768699307,0.14285714285714285
7,candidate,0.9753836817221231,drug,"D=1,Y=1",50,0.083260768699307,0.14285714285714285
7,candidate,0.9982569842781753,drug,"D=1,Y=1",50,0.083260768699307,0.14285714285714285
7,candidate,1.0000000000000007,drug,"D=1,Y=1",50,0.083260768699307,0.14285714285714285
7,candidate,0.997718952358409,drug,"D=1,Y=1",50,0.083260768699307,0.14285714285714285
7,candidate,0.9560761932357033,drug,"D=1,Y=1",50,0.083260768699307,0.14285714285714285
7,candidate,1.0000000000000002,drug,"D=1,Y=1",50,0.083260768699307,0.14285714285714285
7,candidate,1.0000000000000002,drug,"D=1,Y=1",50,0.083260768699307,0.14285714285714285
7,candidate,0.9999673587145054,drug,"D=1,Y=1",50,0.083260768699307,0.14285714285714285
7,candidate,0.9967511755233417,drug,"D=1,Y=1",50,0.083260768699307,0.14285714285714285
8,selected,0.9995036791777272,drug,"D=1,Y=1",50,0.083260768699307,0.16326530612244897
8,candidate,0.9991126476274945,drug,"D=1,Y=1",50,0.083260768699307,0.16326530612244897
8,candidate,0.9963336168487317,drug,"D=1,Y=1",50,0.083260768699307,0.16326530612244897
8,candidate,0.9999999999999991,drug,"D=1,Y=1",50,0.083260768699307,0.16326530612244897
8,candidate,0.9975496229902056,drug,"D=1,Y=1",50,0.083260768699307,0.16326530612244897
8,candidate,1.0000000000000002,drug,"D=1,Y=1",50,0.083260768699307,0.16326530612244897
8,candidate,0.9999999999999994,drug,"D=1,Y=1",50,0.083260768699307,0.16326530612244897
8,candidate,0.980203136826576,drug,"D=1,Y=1",50,0.083260768699307,0.16326530612244897
8,candidate,0.9999526952353449,drug,"D=1,Y=1",50,0.083260768699307,0.16326530612244897
8,candidate,0.997551801884512,drug,"D=1,Y=1",50,0.083260768699307,0.16326530612244897
8,candidate,1.0000000000000002,drug,"D=1,Y=1",50,0.083260768699307,0.16326530612244897
8,candidate,1.0,drug,"D=1,Y=1",50,0.083260768699307,0.16326530612244897
8,candidate,0.99352194202033,drug,"D=1,Y=1",50,0.083260768699307,0.16326530612244897
8,candidate,0.9999999999999994,drug,"D=1,Y=1",50,0.083260768699307,0.16326530612244897
8,candidate,0.9999999999999999,drug,"D=1,Y=1",50,0.083260768699307,0.16326530612244897
8,candidate,0.9992678603578582,drug,"D=1,Y=1",50,0.083260768699307,0.16326530612244897
8,candidate,0.995457603376536,drug,"D=1,Y=1",50,0.083260768699307,0.16326530612244897
8,candidate,0.9999119849571012,drug,"D=1,Y=1",50,0.083260768699307,0.16326530612244897
8,candidate,1.0000000000000009,drug,"D=1,Y=1",50,0.083260768699307,0.16326530612244897
8,candidate,0.9866983286830554,drug,"D=1,Y=1",50,0.083260768699307,0.16326530612244897
8,candidate,0.9999239287792362,drug,"D=1,Y=1",50,0.083260768699307,0.16326530612244897
9,selected,0.9999668535577014,drug,"D=1,Y=1",50,0.083260768699307,0.1836734693877551
9,candidate,0.9901918077542987,drug,"D=1,Y=1",50,0.083260768699307,0.1836734693877551
9,candidate,0.994645317427585,drug,"D=1,Y=1",50,0.083260768699307,0.1836734693877551
9,candidate,0.99615087617022,drug,"D=1,Y=1",50,0.083260768699307,0.1836734693877551
9,candidate,1.0000000000000002,drug,"D=1,Y=1",50,0.083260768699307,0.1836734693877551
9,candidate,0.9999999999999991,drug,"D=1,Y=1",50,0.083260768699307,0.1836734693877551
9,candidate,1.0,drug,"D=1,Y=1",50,0.083260768699307,0.1836734693877551
9,candidate,0.9999999999999544,drug,"D=1,Y=1",50,0.083260768699307,0.1836734693877551
9,candidate,1.0000000000000004,drug,"D=1,Y=1",50,0.083260768699307,0.1836734693877551
9,candidate,0.9984251620981032,drug,"D=1,Y=1",50,0.083260768699307,0.1836734693877551
9,candidate,1.0000000000000002,drug,"D=1,Y=1",50,0.083260768699307,0.1836734693877551
9,candidate,1.0000000000000002,drug,"D=1,Y=1",50,0.083260768699307,0.1836734693877551
9,candidate,0.972050449045478,drug,"D=1,Y=1",50,0.083260768699307,0.1836734693877551
9,candidate,1.0000000000000009,drug,"D=1,Y=1",50,0.083260768699307,0.1836734693877551
9,candidate,1.0000000000000013,drug,"D=1,Y=1",50,0.083260768699307,0.1836734693877551
9,candidate,0.9946914234554686,drug,"D=1,Y=1",50,0.083260768699307,0.1836734693877551
9,candidate,0.9994695411219793,drug,"D=1,Y=1",50,0.083260768699307,0.1836734693877551
9,candidate,0.9977644610280513,drug,"D=1,Y=1",50,0.083260768699307,0.1836734693877551
9,candidate,1.0000000000000009,drug,"D=1,Y=1",50,0.083260768699307,0.1836734693877551
9,candidate,1.0000000000000013,drug,"D=1,Y=1",50,0.083260768699307,0.1836734693877551
9,candidate,0.9922303412484035,drug,"D=1,Y=1",50,0.083260768699307,0.1836734693877551
10,selected,0.9991211909032888,drug,"D=1,Y=1",50,0.083260768699307,0.20408163265306123
10,candidate,0.9987868511838314,drug,"D=1,Y=1",50,0.083260768699307,0.20408163265306123
10,candidate,1.0000000000000024,drug,"D=1,Y=1",50,0.083260768699307,0.20408163265306123
10,candidate,0.9662152999682916,drug,"D=1,Y=1",50,0.083260768699307,0.20408163265306123
10,candidate,0.9741573112305711,drug,"D=1,Y=1",50,0.083260768699307,0.20408163265306123
10,candidate,0.991810132214201,drug,"D=1,Y=1",50,0.083260768699307,0.20408163265306123
10,candidate,0.9727354836333922,drug,"D=1,Y=1",50,0.083260768699307,0.20408163265306123
10,candidate,0.9730605702470807,drug,"D=1,Y=1",50,0.083260768699307,0.20408163265306123
10,candidate,1.0000000000000027,drug,"D=1,Y=1",50,0.083260768699307,0.20408163265306123
10,candidate,0.9785129636623069,drug,"D=1,Y=1",50,0.083260768699307,0.20408163265306123
10,candidate,0.9945373581130202,drug,"D=1,Y=1",50,0.083260768699307,0.20408163265306123
10,candidate,0.9976957363532247,drug,"D=1,Y=1",50,0.083260768699307,0.20408163265306123
10,candidate,0.9977644610280545,drug,"D=1,Y=1",50,0.083260768699307,0.20408163265306123
10,candidate,1.0000000000000024,drug,"D=1,Y=1",50,0.083260768699307,0.20408163265306123
10,candidate,0.9960328689314301,drug,"D=1,Y=1",50,0.083260768699307,0.20408163265306123
10,candidate,1.0000000000000018,drug,"D=1,Y=1",50,0.083260768699307,0.20408163265306123
10,candidate,1.0000000000000016,drug,"D=1,Y=1",50,0.083260768699307,0.20408163265306123
10,candidate,0.9604692066316584,drug,"D=1,Y=1",50,0.083260768699307,0.20408163265306123
10,candidate,0.9782380505325342,drug,"D=1,Y=1",50,0.083260768699307,0.20408163265306123
10,candidate,0.9902268133427262,drug,"D=1,Y=1",50,0.083260768699307,0.20408163265306123
10,candidate,0.9913511235089876,drug,"D=1,Y=1",50,0.083260768699307,0.20408163265306123
11,selected,0.9997724011108763,drug,"D=1,Y=1",50,0.083260768699307,0.22448979591836735
11,candidate,0.9952348882406625,drug,"D=1,Y=1",50,0.083260768699307,0.22448979591836735
11,candidate,0.9772912310543574,drug,"D=1,Y=1",50,0.083260768699307,0.22448979591836735
11,candidate,0.9979458933392996,drug,"D=1,Y=1",50,0.083260768699307,0.22448979591836735
11,candidate,0.9902015624194808,drug,"D=1,Y=1",50,0.083260768699307,0.22448979591836735
11,candidate,0.974270270572708,drug,"D=1,Y=1",50,0.083260768699307,0.22448979591836735
11,candidate,0.9989422700513675,drug,"D=1,Y=1",50,0.083260768699307,0.22448979591836735
11,candidate,0.9808640745059568,drug,"D=1,Y=1",50,0.083260768699307,0.22448979591836735
11,candidate,0.9999999999999991,drug,"D=1,Y=1",50,0.083260768699307,0.22448979591836735
11,candidate,0.9997895919496588,drug,"D=1,Y=1",50,0.083260768699307,0.22448979591836735
11,candidate,0.9999194328565959,drug,"D=1,Y=1",50,0.083260768699307,0.22448979591836735
11,candidate,0.9617426254692052,drug,"D=1,Y=1",50,0.083260768699307,0.22448979591836735
11,candidate,1.0000000000000007,drug,"D=1,Y=1",50,0.083260768699307,0.22448979591836735
11,candidate,0.9986186211174757,drug,"D=1,Y=1",50,0.083260768699307,0.22448979591836735
11,candidate,1.0000000000000009,drug,"D=1,Y=1",50,0.083260768699307,0.22448979591836735
11,candidate,0.9727354836333901,drug,"D=1,Y=1",50,0.083260768699307,0.22448979591836735
11,candidate,0.9960148867566385,drug,"D=1,Y=1",50,0.083260768699307,0.22448979591836735
11,candidate,0.9999999999999994,drug,"D=1,Y=1",50,0.083260768699307,0.22448979591836735
11,candidate,0.999304176358982,drug,"D=1,Y=1",50,0.083260768699307,0.22448979591836735
11,candidate,0.9739692934512727,drug,"D=1,Y=1",50,0.083260768699307,0.22448979591836735
11,candidate,0.999968217494484,drug,"D=1,Y=1",50,0.083260768699307,0.22448979591836735
12,selected,0.9997974322673715,drug,"D=1,Y=1",50,0.083260768699307,0.24489795918367346
12,candidate,0.9772309698868741,drug,"D=1,Y=1",50,0.083260768699307,0.24489795918367346
12,candidate,0.9919929024722994,drug,"D=1,Y=1",50,0.083260768699307,0.24489795918367346
12,candidate,0.9946051485362539,drug,"D=1,Y=1",50,0.083260768699307,0.24489795918367346
12,candidate,0.9999729492367432,drug,"D=1,Y=1",50,0.083260768699307,0.24489795918367346
12,candidate,0.9780560049563615,drug,"D=1,Y=1",50,0.083260768699307,0.24489795918367346
12,candidate,0.9691726017507627,drug,"D=1,Y=1",50,0.083260768699307,0.24489795918367346
12,candidate,0.9810175218702741,drug,"D=1,Y=1",50,0.083260768699307,0.24489795918367346
12,candidate,1.0000000000000002,drug,"D=1,Y=1",50,0.083260768699307,0.24489795918367346
12,candidate,0.9997135674089075,drug,"D=1,Y=1",50,0.083260768699307,0.24489795918367346
12,candidate,0.9730719210322021,drug,"D=1,Y=1",50,0.083260768699307,0.24489795918367346
12,candidate,1.0000000000000004,drug,"D=1,Y=1",50,0.083260768699307,0.24489795918367346
12,candidate,0.9924809868735442,drug,"D=1,Y=1",50,0.083260768699307,0.24489795918367346
12,candidate,0.9972628073372494,drug,"D=1,Y=1",50,0.083260768699307,0.24489795918367346
12,candidate,0.949890220503163,drug,"D=1,Y=1",50,0.083260768699307,0.24489795918367346
12,candidate,0.977188325943966,drug,"D=1,Y=1",50,0.083260768699307,0.24489795918367346
12,candidate,0.9956877849972356,drug,"D=1,Y=1",50,0.083260768699307,0.24489795918367346
12,candidate,0.9999999999999994,drug,"D=1,Y=1",50,0.083260768699307,0.24489795918367346
12,candidate,0.9895298807618966,drug,"D=1,Y=1",50,0.083260768699307,0.24489795918367346
12,candidate,0.9568971586619454,drug,"D=1,Y=1",50,0.083260768699307,0.24489795918367346
12,candidate,0.9981592853661903,drug,"D=1,Y=1",50,0.083260768699307,0.24489795918367346
13,selected,0.9901693284951619,drug,"D=1,Y=1",50,0.083260768699307,0.2653061224489796
13,candidate,0.9956546474712957,drug,"D=1,Y=1",50,0.083260768699307,0.2653061224489796
13,candidate,0.9996082146776825,drug,"D=1,Y=1",50,0.083260768699307,0.2653061224489796
13,candidate,0.9989453388784653,drug,"D=1,Y=1",50,0.083260768699307,0.2653061224489796
13,candidate,0.994269679878423,drug,"D=1,Y=1",50,0.083260768699307,0.2653061224489796
13,candidate,0.9983866732278175,drug,"D=1,Y=1",50,0.083260768699307,0.2653061224489796
13,candidate,0.9953579039000159,drug,"D=1,Y=1",50,0.083260768699307,0.2653061224489796
13,candidate,0.9740933776195846,drug,"D=1,Y=1",50,0.083260768699307,0.2653061224489796
13,candidate,0.9742392554834746,drug,"D=1,Y=1",50,0.083260768699307,0.2653061224489796
13,candidate,0.9995075713974397,drug,"D=1,Y=1",50,0.083260768699307,0.2653061224489796
13,candidate,0.9970285788773486,drug,"D=1,Y=1",50,0.083260768699307,0.2653061224489796
13,candidate,0.9789628180436896,drug,"D=1,Y=1",50,0.083260768699307,0.2653061224489796
13,candidate,1.0,drug,"D=1,Y=1",50,0.083260768699307,0.2653061224489796
13,candidate,0.9750076070976661,drug,"D=1,Y=1",50,0.083260768699307,0.2653061224489796
13,candidate,0.9640072757758636,drug,"D=1,Y=1",50,0.083260768699307,0.2653061224489796
13,candidate,0.9999999999999994,drug,"D=1,Y=1",50,0.083260768699307,0.2653061224489796
13,candidate,0.9933620079117342,drug,"D=1,Y=1",50,0.083260768699307,0.2653061224489796
13,candidate,0.9858639077580116,drug,"D=1,Y=1",50,0.083260768699307,0.2653061224489796
13,candidate,0.9975590158957264,drug,"D=1,Y=1",50,0.083260768699307,0.2653061224489796
13,candidate,0.9888388275870851,drug,"D=1,Y=1",50,0.083260768699307,0.2653061224489796
13,candidate,0.990820917039063,drug,"D=1,Y=1",50,0.083260768699307,0.2653061224489796
14,selected,0.9999999999999968,drug,"D=1,Y=1",50,0.083260768699307,0.2857142857142857
14,candidate,0.9967871195487472,drug,"D=1,Y=1",50,0.083260768699307,0.2857142857142857
14,candidate,0.9999999999999979,drug,"D=1,Y=1",50,0.083260768699307,0.2857142857142857
14,candidate,0.9692569077526321,drug,"D=1,Y=1",50,0.083260768699307,0.2857142857142857
14,candidate,0.9914112773311486,drug,"D=1,Y=1",50,0.083260768699307,0.2857142857142857
14,candidate,0.9999999999999977,drug,"D=1,Y=1",50,0.083260768699307,0.2857142857142857
14,candidate,0.9753952392776659,drug,"D=1,Y=1",50,0.083260768699307,0.2857142857142857
14,candidate,0.9891683542173333,drug,"D=1,Y=1",50,0.083260768699307,0.2857142857142857
14,candidate,0.9884434233199909,drug,"D=1,Y=1",50,0.083260768699307,0.2857142857142857
14,candidate,0.9754123052294494,drug,"D=1,Y=1",50,0.083260768699307,0.2857142857142857
14,candidate,0.9773833967649278,drug,"D=1,Y=1",50,0.083260768699307,0.2857142857142857
14,candidate,0.9756163053258833,drug,"D=1,Y=1",50,0.083260768699307,0.2857142857142857
14,candidate,0.99206380074447,drug,"D=1,Y=1",50,0.083260768699307,0.2857142857142857
14,candidate,0.9640361877353778,drug,"D=1,Y=1",50,0.083260768699307,0.2857142857142857
14,candidate,0.9681649762883069,drug,"D=1,Y=1",50,0.083260768699307,0.2857142857142857
14,candidate,0.9679665549667653,drug,"D=1,Y=1",50,0.083260768699307,0.2857142857142857
14,candidate,0.9919406308081772,drug,"D=1,Y=1",50,0.083260768699307,0.2857142857142857
14,candidate,0.9669386964255378,drug,"D=1,Y=1",50,0.083260768699307,0.2857142857142857
14,candidate,0.9510160966801465,drug,"D=1,Y=1",50,0.083260768699307,0.2857142857142857
14,candidate,0.9999999999999977,drug,"D=1,Y=1",50,0.083260768699307,0.2857142857142857
14,candidate,0.9964997168518102,drug,"D=1,Y=1",50,0.083260768699307,0.2857142857142857
15,selected,0.9960938884756705,drug,"D=1,Y=1",50,0.083260768699307,0.30612244897959184
15,candidate,0.9952621899485872,drug,"D=1,Y=1",50,0.083260768699307,0.30612244897959184
15,candidate,0.9910158116957686,drug,"D=1,Y=1",50,0.083260768699307,0.30612244897959184
15,candidate,0.9809580188787665,drug,"D=1,Y=1",50,0.083260768699307,0.30612244897959184
15,candidate,0.9927579083602817,drug,"D=1,Y=1",50,0.083260768699307,0.30612244897959184
15,candidate,0.9705076046265909,drug,"D=1,Y=1",50,0.083260768699307,0.30612244897959184
15,candidate,0.978062840838495,drug,"D=1,Y=1",50,0.083260768699307,0.30612244897959184
15,candidate,0.9620038255196124,drug,"D=1,Y=1",50,0.083260768699307,0.30612244897959184
15,candidate,1.0000000000000027,drug,"D=1,Y=1",50,0.083260768699307,0.30612244897959184
15,candidate,1.0000000000000029,drug,"D=1,Y=1",50,0.083260768699307,0.30612244897959184
15,candidate,0.9950321241495458,drug,"D=1,Y=1",50,0.083260768699307,0.30612244897959184
15,candidate,0.9884346823707305,drug,"D=1,Y=1",50,0.083260768699307,0.30612244897959184
15,candidate,0.9985543704191675,drug,"D=1,Y=1",50,0.083260768699307,0.30612244897959184
15,candidate,0.9892065140050801,drug,"D=1,Y=1",50,0.083260768699307,0.30612244897959184
15,candidate,1.0000000000000027,drug,"D=1,Y=1",50,0.083260768699307,0.30612244897959184
15,candidate,0.9929611782047699,drug,"D=1,Y=1",50,0.083260768699307,0.30612244897959184
15,candidate,0.9930388350057323,drug,"D=1,Y=1",50,0.083260768699307,0.30612244897959184
15,candidate,0.992035201731777,drug,"D=1,Y=1",50,0.083260768699307,0.30612244897959184
15,candidate,0.97738339676493,drug,"D=1,Y=1",50,0.083260768699307,0.30612244897959184
15,candidate,0.9896723141316873,drug,"D=1,Y=1",50,0.083260768699307,0.30612244897959184
15,candidate,0.9993395882558215,drug,"D=1,Y=1",50,0.083260768699307,0.30612244897959184
16,selected,0.9952039585571045,drug,"D=1,Y=1",50,0.083260768699307,0.32653061224489793
16,candidate,0.9999999999999979,drug,"D=1,Y=1",50,0.083260768699307,0.32653061224489793
16,candidate,0.9984296606834637,drug,"D=1,Y=1",50,0.083260768699307,0.32653061224489793
16,candidate,0.9908365818679424,drug,"D=1,Y=1",50,0.083260768699307,0.32653061224489793
16,candidate,0.9878501512921961,drug,"D=1,Y=1",50,0.083260768699307,0.32653061224489793
16,candidate,0.9889141943023072,drug,"D=1,Y=1",50,0.083260768699307,0.32653061224489793
16,candidate,0.9972738566619186,drug,"D=1,Y=1",50,0.083260768699307,0.32653061224489793
16,candidate,0.9999999999999974,drug,"D=1,Y=1",50,0.083260768699307,0.32653061224489793
16,candidate,0.9715152479252153,drug,"D=1,Y=1",50,0.083260768699307,0.32653061224489793
16,candidate,0.9624146822823036,drug,"D=1,Y=1",50,0.083260768699307,0.32653061224489793
16,candidate,0.9994553993710517,drug,"D=1,Y=1",50,0.083260768699307,0.32653061224489793
16,candidate,0.9990795842731891,drug,"D=1,Y=1",50,0.083260768699307,0.32653061224489793
16,candidate,0.9999999999999989,drug,"D=1,Y=1",50,0.083260768699307,0.32653061224489793
16,candidate,0.9924566712261482,drug,"D=1,Y=1",50,0.083260768699307,0.32653061224489793
16,candidate,0.9954313910090167,drug,"D=1,Y=1",50,0.083260768699307,0.32653061224489793
16,candidate,0.9907438655846879,drug,"D=1,Y=1",50,0.083260768699307,0.32653061224489793
16,candidate,0.99504088000172,drug,"D=1,Y=1",50,0.083260768699307,0.32653061224489793
16,candidate,0.9982511510088532,drug,"D=1,Y=1",50,0.083260768699307,0.32653061224489793
16,candidate,0.9760341697477997,drug,"D=1,Y=1",50,0.083260768699307,0.32653061224489793
16,candidate,0.9747028177059718,drug,"D=1,Y=1",50,0.083260768699307,0.32653061224489793
16,candidate,0.9996387116995366,drug,"D=1,Y=1",50,0.083260768699307,0.32653061224489793
17,selected,0.9987649455745122,drug,"D=1,Y=1",50,0.083260768699307,0.3469387755102041
17,candidate,0.9994420478774936,drug,"D=1,Y=1",50,0.083260768699307,0.3469387755102041
17,candidate,0.9733087565963712,drug,"D=1,Y=1",50,0.083260768699307,0.3469387755102041
17,candidate,0.9389306662320878,drug,"D=1,Y=1",50,0.083260768699307,0.3469387755102041
17,candidate,0.9576877698702378,drug,"D=1,Y=1",50,0.083260768699307,0.3469387755102041
17,candidate,0.9986512367855329,drug,"D=1,Y=1",50,0.083260768699307,0.3469387755102041
17,candidate,1.000000000000001,drug,"D=1,Y=1",50,0.083260768699307,0.3469387755102041
17,candidate,0.9600187050683733,drug,"D=1,Y=1",50,0.083260768699307,0.3469387755102041
17,candidate,0.9883058369087248,drug,"D=1,Y=1",50,0.083260768699307,0.3469387755102041
17,candidate,0.974230446244848,drug,"D=1,Y=1",50,0.083260768699307,0.3469387755102041
17,candidate,0.9561734720317583,drug,"D=1,Y=1",50,0.083260768699307,0.3469387755102041
17,candidate,0.9671394286528799,drug,"D=1,Y=1",50,0.083260768699307,0.3469387755102041
17,candidate,0.9952090079089452,drug,"D=1,Y=1",50,0.083260768699307,0.3469387755102041
17,candidate,0.9826872540793901,drug,"D=1,Y=1",50,0.083260768699307,0.3469387755102041
17,candidate,0.9870223088347191,drug,"D=1,Y=1",50,0.083260768699307,0.3469387755102041
17,candidate,0.9992864074077936,drug,"D=1,Y=1",50,0.083260768699307,0.3469387755102041
17,candidate,0.9763056092313981,drug,"D=1,Y=1",50,0.083260768699307,0.3469387755102041
17,candidate,0.9999999999999984,drug,"D=1,Y=1",50,0.083260768699307,0.3469387755102041
17,candidate,0.9949369557288537,drug,"D=1,Y=1",50,0.083260768699307,0.3469387755102041
17,candidate,0.9749148721787297,drug,"D=1,Y=1",50,0.083260768699307,0.3469387755102041
17,candidate,0.97738339676493,drug,"D=1,Y=1",50,0.083260768699307,0.3469387755102041
18,selected,0.988491940722485,drug,"D=1,Y=1",50,0.083260768699307,0.3673469387755102
18,candidate,0.9999999999999988,drug,"D=1,Y=1",50,0.083260768699307,0.3673469387755102
18,candidate,0.9519878501355994,drug,"D=1,Y=1",50,0.083260768699307,0.3673469387755102
18,candidate,0.9995591467244233,drug,"D=1,Y=1",50,0.083260768699307,0.3673469387755102
18,candidate,0.9698310475641938,drug,"D=1,Y=1",50,0.083260768699307,0.3673469387755102
18,candidate,1.0000000000000007,drug,"D=1,Y=1",50,0.083260768699307,0.3673469387755102
18,candidate,0.9480517956419808,drug,"D=1,Y=1",50,0.083260768699307,0.3673469387755102
18,candidate,0.9657904322864616,drug,"D=1,Y=1",50,0.083260768699307,0.3673469387755102
18,candidate,0.9999999999999989,drug,"D=1,Y=1",50,0.083260768699307,0.3673469387755102
18,candidate,0.9716816735805774,drug,"D=1,Y=1",50,0.083260768699307,0.3673469387755102
18,candidate,0.9604059559804796,drug,"D=1,Y=1",50,0.083260768699307,0.3673469387755102
18,candidate,0.9993332219071985,drug,"D=1,Y=1",50,0.083260768699307,0.3673469387755102
18,candidate,0.9667646474239439,drug,"D=1,Y=1",50,0.083260768699307,0.3673469387755102
18,candidate,0.9943434993750573,drug,"D=1,Y=1",50,0.083260768699307,0.3673469387755102
18,candidate,0.9948845461010741,drug,"D=1,Y=1",50,0.083260768699307,0.3673469387755102
18,candidate,0.9622013321071259,drug,"D=1,Y=1",50,0.083260768699307,0.3673469387755102
18,candidate,0.995419628840184,drug,"D=1,Y=1",50,0.083260768699307,0.3673469387755102
18,candidate,0.9928094461918254,drug,"D=1,Y=1",50,0.083260768699307,0.3673469387755102
18,candidate,1.0000000000000004,drug,"D=1,Y=1",50,0.083260768699307,0.3673469387755102
18,candidate,0.9885121889469143,drug,"D=1,Y=1",50,0.083260768699307,0.3673469387755102
18,candidate,0.9872524254805413,drug,"D=1,Y=1",50,0.083260768699307,0.3673469387755102
19,selected,1.0000000000000016,drug,"D=1,Y=1",50,0.083260768699307,0.3877551020408163
19,candidate,0.9995591467244256,drug,"D=1,Y=1",50,0.083260768699307,0.3877551020408163
19,candidate,1.000000000000001,drug,"D=1,Y=1",50,0.083260768699307,0.3877551020408163
19,candidate,0.9544266817211979,drug,"D=1,Y=1",50,0.083260768699307,0.3877551020408163
19,candidate,0.9731256900779366,drug,"D=1,Y=1",50,0.083260768699307,0.3877551020408163
19,candidate,0.9977470893760684,drug,"D=1,Y=1",50,0.083260768699307,0.3877551020408163
19,candidate,0.9957854403529842,drug,"D=1,Y=1",50,0.083260768699307,0.3877551020408163
19,candidate,0.9562525917431249,drug,"D=1,Y=1",50,0.083260768699307,0.3877551020408163
19,candidate,0.9999999999999994,drug,"D=1,Y=1",50,0.083260768699307,0.3877551020408163
19,candidate,0.9921241781143945,drug,"D=1,Y=1",50,0.083260768699307,0.3877551020408163
19,candidate,0.966028882396766,drug,"D=1,Y=1",50,0.083260768699307,0.3877551020408163
19,candidate,1.0,drug,"D=1,Y=1",50,0.083260768699307,0.3877551020408163
19,candidate,0.996311484777174,drug,"D=1,Y=1",50,0.083260768699307,0.3877551020408163
19,candidate,0.9513212786579401,drug,"D=1,Y=1",50,0.083260768699307,0.3877551020408163
19,candidate,0.9882999536161368,drug,"D=1,Y=1",50,0.083260768699307,0.3877551020408163
19,candidate,0.9513510331616069,drug,"D=1,Y=1",50,0.083260768699307,0.3877551020408163
19,candidate,0.9965805961355236,drug,"D=1,Y=1",50,0.083260768699307,0.3877551020408163
19,candidate,0.9968812076264165,drug,"D=1,Y=1",50,0.083260768699307,0.3877551020408163
19,candidate,0.9933841336687236,drug,"D=1,Y=1",50,0.083260768699307,0.3877551020408163
19,candidate,0.9773709831083766,drug,"D=1,Y=1",50,0.083260768699307,0.3877551020408163
19,candidate,0.9494515634749566,drug,"D=1,Y=1",50,0.083260768699307,0.3877551020408163
20,selected,0.9863326254029463,drug,"D=1,Y=1",50,0.083260768699307,0.40816326530612246
20,candidate,0.9635691935476908,drug,"D=1,Y=1",50,0.083260768699307,0.40816326530612246
20,candidate,0.9999999999999997,drug,"D=1,Y=1",50,0.083260768699307,0.40816326530612246
20,candidate,0.9980214032629096,drug,"D=1,Y=1",50,0.083260768699307,0.40816326530612246
20,candidate,0.9677635188416962,drug,"D=1,Y=1",50,0.083260768699307,0.40816326530612246
20,candidate,0.9579687156078889,drug,"D=1,Y=1",50,0.083260768699307,0.40816326530612246
20,candidate,0.9890089631674954,drug,"D=1,Y=1",50,0.083260768699307,0.40816326530612246
20,candidate,0.9995487307086237,drug,"D=1,Y=1",50,0.083260768699307,0.40816326530612246
20,candidate,0.9999999999999989,drug,"D=1,Y=1",50,0.083260768699307,0.40816326530612246
20,candidate,0.9752742536869623,drug,"D=1,Y=1",50,0.083260768699307,0.40816326530612246
20,candidate,0.9978819365915043,drug,"D=1,Y=1",50,0.083260768699307,0.40816326530612246
20,candidate,0.9633975065450175,drug,"D=1,Y=1",50,0.083260768699307,0.40816326530612246
20,candidate,0.9999999999999984,drug,"D=1,Y=1",50,0.083260768699307,0.40816326530612246
20,candidate,1.0000000000000007,drug,"D=1,Y=1",50,0.083260768699307,0.40816326530612246
20,candidate,0.9999999999999988,drug,"D=1,Y=1",50,0.083260768699307,0.40816326530612246
20,candidate,0.9763980229022583,drug,"D=1,Y=1",50,0.083260768699307,0.40816326530612246
20,candidate,0.9833779454559416,drug,"D=1,Y=1",50,0.083260768699307,0.40816326530612246
20,candidate,0.9571995637597778,drug,"D=1,Y=1",50,0.083260768699307,0.40816326530612246
20,candidate,0.9960957361523819,drug,"D=1,Y=1",50,0.083260768699307,0.40816326530612246
20,candidate,0.9625630586340179,drug,"D=1,Y=1",50,0.083260768699307,0.40816326530612246
20,candidate,0.9551491964396635,drug,"D=1,Y=1",50,0.083260768699307,0.40816326530612246
21,selected,0.9997423296245319,drug,"D=1,Y=1",50,0.083260768699307,0.42857142857142855
21,candidate,0.9929484431750845,drug,"D=1,Y=1",50,0.083260768699307,0.42857142857142855
21,candidate,0.9978466186321305,drug,"D=1,Y=1",50,0.083260768699307,0.42857142857142855
21,candidate,0.9986476515136923,drug,"D=1,Y=1",50,0.083260768699307,0.42857142857142855
21,candidate,0.9878162752639823,drug,"D=1,Y=1",50,0.083260768699307,0.42857142857142855
21,candidate,0.9956544937089808,drug,"D=1,Y=1",50,0.083260768699307,0.42857142857142855
21,candidate,0.9913964259470391,drug,"D=1,Y=1",50,0.083260768699307,0.42857142857142855
21,candidate,0.973797840846331,drug,"D=1,Y=1",50,0.083260768699307,0.42857142857142855
21,candidate,0.9879558708766357,drug,"D=1,Y=1",50,0.083260768699307,0.42857142857142855
21,candidate,0.9631545640509558,drug,"D=1,Y=1",50,0.083260768699307,0.42857142857142855
21,candidate,0.9966966557332146,drug,"D=1,Y=1",50,0.083260768699307,0.42857142857142855
21,candidate,0.9999999999999967,drug,"D=1,Y=1",50,0.083260768699307,0.42857142857142855
21,candidate,0.9510406958790009,drug,"D=1,Y=1",50,0.083260768699307,0.42857142857142855
21,candidate,0.965422191190354,drug,"D=1,Y=1",50,0.083260768699307,0.42857142857142855
21,candidate,0.967810624752944,drug,"D=1,Y=1",50,0.083260768699307,0.42857142857142855
21,candidate,0.9957854403529821,drug,"D=1,Y=1",50,0.083260768699307,0.42857142857142855
21,candidate,0.9989071043012585,drug,"D=1,Y=1",50,0.083260768699307,0.42857142857142855
21,candidate,0.9675054596608901,drug,"D=1,Y=1",50,0.083260768699307,0.42857142857142855
21,candidate,0.9953615112367747,drug,"D=1,Y=1",50,0.083260768699307,0.42857142857142855
21,candidate,0.9975481773137981,drug,"D=1,Y=1",50,0.083260768699307,0.42857142857142855
21,candidate,0.9912124800733675,drug,"D=1,Y=1",50,0.083260768699307,0.42857142857142855
22,selected,0.9963176263320086,drug,"D=1,Y=1",50,0.083260768699307,0.4489795918367347
22,candidate,0.9904719071473645,drug,"D=1,Y=1",50,0.083260768699307,0.4489795918367347
22,candidate,0.9978531005888048,drug,"D=1,Y=1",50,0.083260768699307,0.4489795918367347
22,candidate,0.9516087539056814,drug,"D=1,Y=1",50,0.083260768699307,0.4489795918367347
22,candidate,0.9756505374434606,drug,"D=1,Y=1",50,0.083260768699307,0.4489795918367347
22,candidate,0.9706271998195442,drug,"D=1,Y=1",50,0.083260768699307,0.4489795918367347
22,candidate,0.9744054857729065,drug,"D=1,Y=1",50,0.083260768699307,0.4489795918367347
22,candidate,0.9965213485483531,drug,"D=1,Y=1",50,0.083260768699307,0.4489795918367347
22,candidate,0.9618565575818149,drug,"D=1,Y=1",50,0.083260768699307,0.4489795918367347
22,candidate,0.9965678980413984,drug,"D=1,Y=1",50,0.083260768699307,0.4489795918367347
22,candidate,0.9987051267391411,drug,"D=1,Y=1",50,0.083260768699307,0.4489795918367347
22,candidate,0.9676281179780388,drug,"D=1,Y=1",50,0.083260768699307,0.4489795918367347
22,candidate,0.9600853743747558,drug,"D=1,Y=1",50,0.083260768699307,0.4489795918367347
22,candidate,0.9706818517661058,drug,"D=1,Y=1",50,0.083260768699307,0.4489795918367347
22,candidate,0.9999999999999962,drug,"D=1,Y=1",50,0.083260768699307,0.4489795918367347
22,candidate,0.9530205220593142,drug,"D=1,Y=1",50,0.083260768699307,0.4489795918367347
22,candidate,0.9748043795703589,drug,"D=1,Y=1",50,0.083260768699307,0.4489795918367347
22,candidate,0.9591109650799293,drug,"D=1,Y=1",50,0.083260768699307,0.4489795918367347
22,candidate,0.9715121946345543,drug,"D=1,Y=1",50,0.083260768699307,0.4489795918367347
22,candidate,0.9488387086828871,drug,"D=1,Y=1",50,0.083260768699307,0.4489795918367347
22,candidate,0.9677784264489406,drug,"D=1,Y=1",50,0.083260768699307,0.4489795918367347
23,selected,0.9965213485483531,drug,"D=1,Y=1",50,0.083260768699307,0.46938775510204084
23,candidate,0.9859178023289261,drug,"D=1,Y=1",50,0.083260768699307,0.46938775510204084
23,candidate,1.0000000000000033,drug,"D=1,Y=1",50,0.083260768699307,0.46938775510204084
23,candidate,0.9595399820515171,drug,"D=1,Y=1",50,0.083260768699307,0.46938775510204084
23,candidate,0.9541746540403168,drug,"D=1,Y=1",50,0.083260768699307,0.46938775510204084
23,candidate,0.9627407578255107,drug,"D=1,Y=1",50,0.083260768699307,0.46938775510204084
23,candidate,0.9592700781468271,drug,"D=1,Y=1",50,0.083260768699307,0.46938775510204084
23,candidate,0.9804524762259169,drug,"D=1,Y=1",50,0.083260768699307,0.46938775510204084
23,candidate,0.9998720589453327,drug,"D=1,Y=1",50,0.083260768699307,0.46938775510204084
23,candidate,0.9322898181644758,drug,"D=1,Y=1",50,0.083260768699307,0.46938775510204084
23,candidate,0.9597922248497017,drug,"D=1,Y=1",50,0.083260768699307,0.46938775510204084
23,candidate,0.9613664863652644,drug,"D=1,Y=1",50,0.083260768699307,0.46938775510204084
23,candidate,0.9876908156691088,drug,"D=1,Y=1",50,0.083260768699307,0.46938775510204084
23,candidate,0.9953615112367747,drug,"D=1,Y=1",50,0.083260768699307,0.46938775510204084
23,candidate,0.9725689692434205,drug,"D=1,Y=1",50,0.083260768699307,0.46938775510204084
23,candidate,0.9860642334811226,drug,"D=1,Y=1",50,0.083260768699307,0.46938775510204084
23,candidate,0.988169071029825,drug,"D=1,Y=1",50,0.083260768699307,0.46938775510204084
23,candidate,0.9537853975217768,drug,"D=1,Y=1",50,0.083260768699307,0.46938775510204084
23,candidate,0.988486873903046,drug,"D=1,Y=1",50,0.083260768699307,0.46938775510204084
23,candidate,0.9903405580915491,drug,"D=1,Y=1",50,0.083260768699307,0.46938775510204084
23,candidate,0.9601832390962685,drug,"D=1,Y=1",50,0.083260768699307,0.46938775510204084
24,selected,0.9916300862340237,drug,"D=1,Y=1",50,0.083260768699307,0.4897959183673469
24,candidate,0.945526563473806,drug,"D=1,Y=1",50,0.083260768699307,0.4897959183673469
24,candidate,0.9593743452447009,drug,"D=1,Y=1",50,0.083260768699307,0.4897959183673469
24,candidate,0.9738262689898362,drug,"D=1,Y=1",50,0.083260768699307,0.4897959183673469
24,candidate,0.9956311965040868,drug,"D=1,Y=1",50,0.083260768699307,0.4897959183673469
24,candidate,0.9970226098907883,drug,"D=1,Y=1",50,0.083260768699307,0.4897959183673469
24,candidate,0.993241860410574,drug,"D=1,Y=1",50,0.083260768699307,0.4897959183673469
24,candidate,1.0000000000000018,drug,"D=1,Y=1",50,0.083260768699307,0.4897959183673469
24,candidate,0.988030460293714,drug,"D=1,Y=1",50,0.083260768699307,0.4897959183673469
24,candidate,0.9640853273910849,drug,"D=1,Y=1",50,0.083260768699307,0.4897959183673469
24,candidate,0.9887350734039922,drug,"D=1,Y=1",50,0.083260768699307,0.4897959183673469
24,candidate,0.9302802322617331,drug,"D=1,Y=1",50,0.083260768699307,0.4897959183673469
24,candidate,0.9989071043012585,drug,"D=1,Y=1",50,0.083260768699307,0.4897959183673469
24,candidate,0.9599764653580994,drug,"D=1,Y=1",50,0.083260768699307,0.4897959183673469
24,candidate,0.9738526919847592,drug,"D=1,Y=1",50,0.083260768699307,0.4897959183673469
24,candidate,0.999646619999497,drug,"D=1,Y=1",50,0.083260768699307,0.4897959183673469
24,candidate,0.9318379758871548,drug,"D=1,Y=1",50,0.083260768699307,0.4897959183673469
24,candidate,0.971846466721962,drug,"D=1,Y=1",50,0.083260768699307,0.4897959183673469
24,candidate,0.9979799356976026,drug,"D=1,Y=1",50,0.083260768699307,0.4897959183673469
24,candidate,0.9885398004449583,drug,"D=1,Y=1",50,0.083260768699307,0.4897959183673469
24,candidate,0.9876203987798103,drug,"D=1,Y=1",50,0.083260768699307,0.4897959183673469
25,selected,0.9928692557015353,drug,"D=1,Y=1",50,0.083260768699307,0.5102040816326531
25,candidate,0.9599950455744354,drug,"D=1,Y=1",50,0.083260768699307,0.5102040816326531
25,candidate,0.9893946632589938,drug,"D=1,Y=1",50,0.083260768699307,0.5102040816326531
25,candidate,0.9818204070993289,drug,"D=1,Y=1",50,0.083260768699307,0.5102040816326531
25,candidate,0.9432983708519033,drug,"D=1,Y=1",50,0.083260768699307,0.5102040816326531
25,candidate,0.9584677460270801,drug,"D=1,Y=1",50,0.083260768699307,0.5102040816326531
25,candidate,0.9873147502561037,drug,"D=1,Y=1",50,0.083260768699307,0.5102040816326531
25,candidate,0.9655668423561841,drug,"D=1,Y=1",50,0.083260768699307,0.5102040816326531
25,candidate,0.9873283466988594,drug,"D=1,Y=1",50,0.083260768699307,0.5102040816326531
25,candidate,0.977177601901241,drug,"D=1,Y=1",50,0.083260768699307,0.5102040816326531
25,candidate,0.9558944680569066,drug,"D=1,Y=1",50,0.083260768699307,0.5102040816326531
25,candidate,0.9731291255058605,drug,"D=1,Y=1",50,0.083260768699307,0.5102040816326531
25,candidate,0.9849721525632174,drug,"D=1,Y=1",50,0.083260768699307,0.5102040816326531
25,candidate,0.9674706649211126,drug,"D=1,Y=1",50,0.083260768699307,0.5102040816326531
25,candidate,0.9975509243297448,drug,"D=1,Y=1",50,0.083260768699307,0.5102040816326531
25,candidate,0.9941122753472719,drug,"D=1,Y=1",50,0.083260768699307,0.5102040816326531
25,candidate,0.9623358099382958,drug,"D=1,Y=1",50,0.083260768699307,0.5102040816326531
25,candidate,0.9561716576654707,drug,"D=1,Y=1",50,0.083260768699307,0.5102040816326531
25,candidate,0.9509240939517214,drug,"D=1,Y=1",50,0.083260768699307,0.5102040816326531
25,candidate,0.9959452188896213,drug,"D=1,Y=1",50,0.083260768699307,0.5102040816326531
25,candidate,0.9729805189684034,drug,"D=1,Y=1",50,0.083260768699307,0.5102040816326531
26,selected,0.9750773217618609,drug,"D=1,Y=1",50,0.083260768699307,0.5306122448979592
26,candidate,0.9513292839446813,drug,"D=1,Y=1",50,0.083260768699307,0.5306122448979592
26,candidate,0.9885398621448808,drug,"D=1,Y=1",50,0.083260768699307,0.5306122448979592
26,candidate,0.9655782898583725,drug,"D=1,Y=1",50,0.083260768699307,0.5306122448979592
26,candidate,0.9949079841596714,drug,"D=1,Y=1",50,0.083260768699307,0.5306122448979592
26,candidate,0.9691799690772039,drug,"D=1,Y=1",50,0.083260768699307,0.5306122448979592
26,candidate,1.0000000000000042,drug,"D=1,Y=1",50,0.083260768699307,0.5306122448979592
26,candidate,0.9464478212480815,drug,"D=1,Y=1",50,0.083260768699307,0.5306122448979592
26,candidate,0.9634904637214577,drug,"D=1,Y=1",50,0.083260768699307,0.5306122448979592
26,candidate,0.9880757852033875,drug,"D=1,Y=1",50,0.083260768699307,0.5306122448979592
26,candidate,0.9538379711055086,drug,"D=1,Y=1",50,0.083260768699307,0.5306122448979592
26,candidate,0.9870081926497483,drug,"D=1,Y=1",50,0.083260768699307,0.5306122448979592
26,candidate,0.9893745478866393,drug,"D=1,Y=1",50,0.083260768699307,0.5306122448979592
26,candidate,1.0000000000000042,drug,"D=1,Y=1",50,0.083260768699307,0.5306122448979592
26,candidate,0.9857068013425299,drug,"D=1,Y=1",50,0.083260768699307,0.5306122448979592
26,candidate,0.961697730553004,drug,"D=1,Y=1",50,0.083260768699307,0.5306122448979592
26,candidate,0.9713205676063106,drug,"D=1,Y=1",50,0.083260768699307,0.5306122448979592
26,candidate,0.9305509896166005,drug,"D=1,Y=1",50,0.083260768699307,0.5306122448979592
26,candidate,0.9590065137617336,drug,"D=1,Y=1",50,0.083260768699307,0.5306122448979592
26,candidate,0.9673085731593369,drug,"D=1,Y=1",50,0.083260768699307,0.5306122448979592
26,candidate,0.9892811116694235,drug,"D=1,Y=1",50,0.083260768699307,0.5306122448979592
27,selected,0.9980526642644522,drug,"D=1,Y=1",50,0.083260768699307,0.5510204081632653
27,candidate,0.9938243607711892,drug,"D=1,Y=1",50,0.083260768699307,0.5510204081632653
27,candidate,0.9531625087821328,drug,"D=1,Y=1",50,0.083260768699307,0.5510204081632653
27,candidate,0.9552226200091202,drug,"D=1,Y=1",50,0.083260768699307,0.5510204081632653
27,candidate,0.993104004663834,drug,"D=1,Y=1",50,0.083260768699307,0.5510204081632653
27,candidate,0.9932019957406967,drug,"D=1,Y=1",50,0.083260768699307,0.5510204081632653
27,candidate,0.965322151876823,drug,"D=1,Y=1",50,0.083260768699307,0.5510204081632653
27,candidate,0.9559297131636654,drug,"D=1,Y=1",50,0.083260768699307,0.5510204081632653
27,candidate,0.98034644834575,drug,"D=1,Y=1",50,0.083260768699307,0.5510204081632653
27,candidate,0.9960135885401422,drug,"D=1,Y=1",50,0.083260768699307,0.5510204081632653
27,candidate,0.9565037232358166,drug,"D=1,Y=1",50,0.083260768699307,0.5510204081632653
27,candidate,0.9940102912429405,drug,"D=1,Y=1",50,0.083260768699307,0.5510204081632653
27,candidate,0.9799299345588074,drug,"D=1,Y=1",50,0.083260768699307,0.5510204081632653
27,candidate,0.97269026962578,drug,"D=1,Y=1",50,0.083260768699307,0.5510204081632653
27,candidate,0.9462402853992967,drug,"D=1,Y=1",50,0.083260768699307,0.5510204081632653
27,candidate,0.9545459802904285,drug,"D=1,Y=1",50,0.083260768699307,0.5510204081632653
27,candidate,0.994409819191978,drug,"D=1,Y=1",50,0.083260768699307,0.5510204081632653
27,candidate,0.9468621400746897,drug,"D=1,Y=1",50,0.083260768699307,0.5510204081632653
27,candidate,0.9919507977225971,drug,"D=1,Y=1",50,0.083260768699307,0.5510204081632653
27,candidate,0.9549483916476021,drug,"D=1,Y=1",50,0.083260768699307,0.5510204081632653
27,candidate,0.9723436602237666,drug,"D=1,Y=1",50,0.083260768699307,0.5510204081632653
28,selected,0.9930748485677707,drug,"D=1,Y=1",50,0.083260768699307,0.5714285714285714
28,candidate,0.989156328949865,drug,"D=1,Y=1",50,0.083260768699307,0.5714285714285714
28,candidate,0.9826324146810624,drug,"D=1,Y=1",50,0.083260768699307,0.5714285714285714
28,candidate,0.9921719642374871,drug,"D=1,Y=1",50,0.083260768699307,0.5714285714285714
28,candidate,0.9387461190080053,drug,"D=1,Y=1",50,0.083260768699307,0.5714285714285714
28,candidate,0.9875435137916612,drug,"D=1,Y=1",50,0.083260768699307,0.5714285714285714
28,candidate,0.9546772046368338,drug,"D=1,Y=1",50,0.083260768699307,0.5714285714285714
28,candidate,0.9971250451156541,drug,"D=1,Y=1",50,0.083260768699307,0.5714285714285714
28,candidate,0.9926997493760246,drug,"D=1,Y=1",50,0.083260768699307,0.5714285714285714
28,candidate,0.9593477377853347,drug,"D=1,Y=1",50,0.083260768699307,0.5714285714285714
28,candidate,0.977475737857493,drug,"D=1,Y=1",50,0.083260768699307,0.5714285714285714
28,candidate,0.9927372383361385,drug,"D=1,Y=1",50,0.083260768699307,0.5714285714285714
28,candidate,0.9642125298211552,drug,"D=1,Y=1",50,0.083260768699307,0.5714285714285714
28,candidate,0.9399393379093874,drug,"D=1,Y=1",50,0.083260768699307,0.5714285714285714
28,candidate,0.9671990509272861,drug,"D=1,Y=1",50,0.083260768699307,0.5714285714285714
28,candidate,0.9545786548319177,drug,"D=1,Y=1",50,0.083260768699307,0.5714285714285714
28,candidate,0.9810119360851595,drug,"D=1,Y=1",50,0.083260768699307,0.5714285714285714
28,candidate,1.0000000000000009,drug,"D=1,Y=1",50,0.083260768699307,0.5714285714285714
28,candidate,0.9465880143651434,drug,"D=1,Y=1",50,0.083260768699307,0.5714285714285714
28,candidate,0.9999999999999988,drug,"D=1,Y=1",50,0.083260768699307,0.5714285714285714
28,candidate,0.9451589412958241,drug,"D=1,Y=1",50,0.083260768699307,0.5714285714285714
29,selected,0.9889161223313647,drug,"D=1,Y=1",50,0.083260768699307,0.5918367346938775
29,candidate,0.9967198649214637,drug,"D=1,Y=1",50,0.083260768699307,0.5918367346938775
29,candidate,0.9573603891457401,drug,"D=1,Y=1",50,0.083260768699307,0.5918367346938775
29,candidate,0.9435492415036495,drug,"D=1,Y=1",50,0.083260768699307,0.5918367346938775
29,candidate,0.9656365405126968,drug,"D=1,Y=1",50,0.083260768699307,0.5918367346938775
29,candidate,0.9549545203512825,drug,"D=1,Y=1",50,0.083260768699307,0.5918367346938775
29,candidate,0.9861674990722679,drug,"D=1,Y=1",50,0.083260768699307,0.5918367346938775
29,candidate,0.9710295425275672,drug,"D=1,Y=1",50,0.083260768699307,0.5918367346938775
29,candidate,0.9999999999999993,drug,"D=1,Y=1",50,0.083260768699307,0.5918367346938775
29,candidate,0.9356166351850823,drug,"D=1,Y=1",50,0.083260768699307,0.5918367346938775
29,candidate,0.969652360721553,drug,"D=1,Y=1",50,0.083260768699307,0.5918367346938775
29,candidate,0.931197093246083,drug,"D=1,Y=1",50,0.083260768699307,0.5918367346938775
29,candidate,0.9452003322089768,drug,"D=1,Y=1",50,0.083260768699307,0.5918367346938775
29,candidate,0.9927784527211576,drug,"D=1,Y=1",50,0.083260768699307,0.5918367346938775
29,candidate,0.9964963561069289,drug,"D=1,Y=1",50,0.083260768699307,0.5918367346938775
29,candidate,0.9912570647267451,drug,"D=1,Y=1",50,0.083260768699307,0.5918367346938775
29,candidate,0.9816592625881788,drug,"D=1,Y=1",50,0.083260768699307,0.5918367346938775
29,candidate,0.9365816401116334,drug,"D=1,Y=1",50,0.083260768699307,0.5918367346938775
29,candidate,0.9638981793154324,drug,"D=1,Y=1",50,0.083260768699307,0.5918367346938775
29,candidate,0.9999999999999977,drug,"D=1,Y=1",50,0.083260768699307,0.5918367346938775
29,candidate,0.9415539752770307,drug,"D=1,Y=1",50,0.083260768699307,0.5918367346938775
30,selected,0.9999999999999931,drug,"D=1,Y=1",50,0.083260768699307,0.6122448979591837
30,candidate,0.9320867275630673,drug,"D=1,Y=1",50,0.083260768699307,0.6122448979591837
30,candidate,0.9819675254033556,drug,"D=1,Y=1",50,0.083260768699307,0.6122448979591837
30,candidate,0.9585425083183514,drug,"D=1,Y=1",50,0.083260768699307,0.6122448979591837
30,candidate,0.9428718955701009,drug,"D=1,Y=1",50,0.083260768699307,0.6122448979591837
30,candidate,0.9372882051420878,drug,"D=1,Y=1",50,0.083260768699307,0.6122448979591837
30,candidate,0.9714578584112373,drug,"D=1,Y=1",50,0.083260768699307,0.6122448979591837
30,candidate,0.9761554365264944,drug,"D=1,Y=1",50,0.083260768699307,0.6122448979591837
30,candidate,0.9778732672738092,drug,"D=1,Y=1",50,0.083260768699307,0.6122448979591837
30,candidate,0.9896465910628014,drug,"D=1,Y=1",50,0.083260768699307,0.6122448979591837
30,candidate,0.9435759400471332,drug,"D=1,Y=1",50,0.083260768699307,0.6122448979591837
30,candidate,0.925936752058148,drug,"D=1,Y=1",50,0.083260768699307,0.6122448979591837
30,candidate,0.9942448540387022,drug,"D=1,Y=1",50,0.083260768699307,0.6122448979591837
30,candidate,0.9834442017122887,drug,"D=1,Y=1",50,0.083260768699307,0.6122448979591837
30,candidate,0.955824464039818,drug,"D=1,Y=1",50,0.083260768699307,0.6122448979591837
30,candidate,0.9281348806575371,drug,"D=1,Y=1",50,0.083260768699307,0.6122448979591837
30,candidate,0.9391903707125612,drug,"D=1,Y=1",50,0.083260768699307,0.6122448979591837
30,candidate,0.9813681837813432,drug,"D=1,Y=1",50,0.083260768699307,0.6122448979591837
30,candidate,0.9702090050379888,drug,"D=1,Y=1",50,0.083260768699307,0.6122448979591837
30,candidate,0.9924707364959763,drug,"D=1,Y=1",50,0.083260768699307,0.6122448979591837
30,candidate,0.9568060370455649,drug,"D=1,Y=1",50,0.083260768699307,0.6122448979591837
31,selected,0.9704161927311303,drug,"D=1,Y=1",50,0.083260768699307,0.6326530612244898
31,candidate,0.9908112211034039,drug,"D=1,Y=1",50,0.083260768699307,0.6326530612244898
31,candidate,0.9715903614936856,drug,"D=1,Y=1",50,0.083260768699307,0.6326530612244898
31,candidate,0.9950622861148729,drug,"D=1,Y=1",50,0.083260768699307,0.6326530612244898
31,candidate,0.9384877345359596,drug,"D=1,Y=1",50,0.083260768699307,0.6326530612244898
31,candidate,0.9164332249625725,drug,"D=1,Y=1",50,0.083260768699307,0.6326530612244898
31,candidate,0.9876304201302051,drug,"D=1,Y=1",50,0.083260768699307,0.6326530612244898
31,candidate,0.940391924921519,drug,"D=1,Y=1",50,0.083260768699307,0.6326530612244898
31,candidate,0.9554359111862486,drug,"D=1,Y=1",50,0.083260768699307,0.6326530612244898
31,candidate,0.9699720551332077,drug,"D=1,Y=1",50,0.083260768699307,0.6326530612244898
31,candidate,0.9439336486123929,drug,"D=1,Y=1",50,0.083260768699307,0.6326530612244898
31,candidate,0.9462817769420903,drug,"D=1,Y=1",50,0.083260768699307,0.6326530612244898
31,candidate,0.9507560138335155,drug,"D=1,Y=1",50,0.083260768699307,0.6326530612244898
31,candidate,0.9351600057826219,drug,"D=1,Y=1",50,0.083260768699307,0.6326530612244898
31,candidate,0.9449753331254145,drug,"D=1,Y=1",50,0.083260768699307,0.6326530612244898
31,candidate,0.947336995210711,drug,"D=1,Y=1",50,0.083260768699307,0.6326530612244898
31,candidate,0.9494034243011018,drug,"D=1,Y=1",50,0.083260768699307,0.6326530612244898
31,candidate,0.9632083446972749,drug,"D=1,Y=1",50,0.083260768699307,0.6326530612244898
31,candidate,0.9479127793454846,drug,"D=1,Y=1",50,0.083260768699307,0.6326530612244898
31,candidate,0.9505556708484895,drug,"D=1,Y=1",50,0.083260768699307,0.6326530612244898
31,candidate,0.9595494698847746,drug,"D=1,Y=1",50,0.083260768699307,0.6326530612244898
32,selected,0.9961970521669051,drug,"D=1,Y=1",50,0.083260768699307,0.6530612244897959
32,candidate,0.9817175067059203,drug,"D=1,Y=1",50,0.083260768699307,0.6530612244897959
32,candidate,0.9329216853411428,drug,"D=1,Y=1",50,0.083260768699307,0.6530612244897959
32,candidate,0.9779298517442958,drug,"D=1,Y=1",50,0.083260768699307,0.6530612244897959
32,candidate,0.9656078434091282,drug,"D=1,Y=1",50,0.083260768699307,0.6530612244897959
32,candidate,0.948041215595065,drug,"D=1,Y=1",50,0.083260768699307,0.6530612244897959
32,candidate,0.9855015305749211,drug,"D=1,Y=1",50,0.083260768699307,0.6530612244897959
32,candidate,1.0000000000000002,drug,"D=1,Y=1",50,0.083260768699307,0.6530612244897959
32,candidate,0.9595261087370963,drug,"D=1,Y=1",50,0.083260768699307,0.6530612244897959
32,candidate,0.9916943337658066,drug,"D=1,Y=1",50,0.083260768699307,0.6530612244897959
32,candidate,0.9357693566704081,drug,"D=1,Y=1",50,0.083260768699307,0.6530612244897959
32,candidate,0.9786682600790562,drug,"D=1,Y=1",50,0.083260768699307,0.6530612244897959
32,candidate,0.9670896678298828,drug,"D=1,Y=1",50,0.083260768699307,0.6530612244897959
32,candidate,0.9869198661020907,drug,"D=1,Y=1",50,0.083260768699307,0.6530612244897959
32,candidate,0.9372163949265724,drug,"D=1,Y=1",50,0.083260768699307,0.6530612244897959
32,candidate,0.9496860292214296,drug,"D=1,Y=1",50,0.083260768699307,0.6530612244897959
32,candidate,0.9868953880303735,drug,"D=1,Y=1",50,0.083260768699307,0.6530612244897959
32,candidate,0.9299059772225441,drug,"D=1,Y=1",50,0.083260768699307,0.6530612244897959
32,candidate,0.9389469619827072,drug,"D=1,Y=1",50,0.083260768699307,0.6530612244897959
32,candidate,0.9734548103994223,drug,"D=1,Y=1",50,0.083260768699307,0.6530612244897959
32,candidate,0.9718245957252698,drug,"D=1,Y=1",50,0.083260768699307,0.6530612244897959
33,selected,0.9970820277238235,drug,"D=1,Y=1",50,0.083260768699307,0.673469387755102
33,candidate,0.9725773479444961,drug,"D=1,Y=1",50,0.083260768699307,0.673469387755102
33,candidate,0.9969832617276767,drug,"D=1,Y=1",50,0.083260768699307,0.673469387755102
33,candidate,0.9878291853178193,drug,"D=1,Y=1",50,0.083260768699307,0.673469387755102
33,candidate,0.9689200003670807,drug,"D=1,Y=1",50,0.083260768699307,0.673469387755102
33,candidate,0.983856344102334,drug,"D=1,Y=1",50,0.083260768699307,0.673469387755102
33,candidate,0.9408940105457426,drug,"D=1,Y=1",50,0.083260768699307,0.673469387755102
33,candidate,0.9960000659144159,drug,"D=1,Y=1",50,0.083260768699307,0.673469387755102
33,candidate,0.9675891613838912,drug,"D=1,Y=1",50,0.083260768699307,0.673469387755102
33,candidate,0.9935255747635312,drug,"D=1,Y=1",50,0.083260768699307,0.673469387755102
33,candidate,0.9574428319853829,drug,"D=1,Y=1",50,0.083260768699307,0.673469387755102
33,candidate,0.9853930336990492,drug,"D=1,Y=1",50,0.083260768699307,0.673469387755102
33,candidate,0.9777932107659617,drug,"D=1,Y=1",50,0.083260768699307,0.673469387755102
33,candidate,0.9177233872592623,drug,"D=1,Y=1",50,0.083260768699307,0.673469387755102
33,candidate,0.952597705401743,drug,"D=1,Y=1",50,0.083260768699307,0.673469387755102
33,candidate,0.9602405592887154,drug,"D=1,Y=1",50,0.083260768699307,0.673469387755102
33,candidate,0.9650664986195467,drug,"D=1,Y=1",50,0.083260768699307,0.673469387755102
33,candidate,0.9804354738057705,drug,"D=1,Y=1",50,0.083260768699307,0.673469387755102
33,candidate,0.9398210778435443,drug,"D=1,Y=1",50,0.083260768699307,0.673469387755102
33,candidate,0.9521814851733669,drug,"D=1,Y=1",50,0.083260768699307,0.673469387755102
33,candidate,0.9459270166244543,drug,"D=1,Y=1",50,0.083260768699307,0.673469387755102
34,selected,0.9834086972948017,drug,"D=1,Y=1",50,0.083260768699307,0.6938775510204082
34,candidate,0.978643028026558,drug,"D=1,Y=1",50,0.083260768699307,0.6938775510204082
34,candidate,0.9463836071586925,drug,"D=1,Y=1",50,0.083260768699307,0.6938775510204082
34,candidate,0.9461109815038905,drug,"D=1,Y=1",50,0.083260768699307,0.6938775510204082
34,candidate,0.9528739537736178,drug,"D=1,Y=1",50,0.083260768699307,0.6938775510204082
34,candidate,0.9292754571042287,drug,"D=1,Y=1",50,0.083260768699307,0.6938775510204082
34,candidate,0.957605252490147,drug,"D=1,Y=1",50,0.083260768699307,0.6938775510204082
34,candidate,0.9898741910930283,drug,"D=1,Y=1",50,0.083260768699307,0.6938775510204082
34,candidate,0.92567157797226,drug,"D=1,Y=1",50,0.083260768699307,0.6938775510204082
34,candidate,0.9767686323367807,drug,"D=1,Y=1",50,0.083260768699307,0.6938775510204082
34,candidate,0.9212481491265172,drug,"D=1,Y=1",50,0.083260768699307,0.6938775510204082
34,candidate,0.9653024563938344,drug,"D=1,Y=1",50,0.083260768699307,0.6938775510204082
34,candidate,0.9459608720076433,drug,"D=1,Y=1",50,0.083260768699307,0.6938775510204082
34,candidate,0.9910014544605726,drug,"D=1,Y=1",50,0.083260768699307,0.6938775510204082
34,candidate,0.9187300879240923,drug,"D=1,Y=1",50,0.083260768699307,0.6938775510204082
34,candidate,0.9668011199091296,drug,"D=1,Y=1",50,0.083260768699307,0.6938775510204082
34,candidate,0.9201939463070077,drug,"D=1,Y=1",50,0.083260768699307,0.6938775510204082
34,candidate,0.9487180591149397,drug,"D=1,Y=1",50,0.083260768699307,0.6938775510204082
34,candidate,0.9455085587942593,drug,"D=1,Y=1",50,0.083260768699307,0.6938775510204082
34,candidate,0.9522487572889449,drug,"D=1,Y=1",50,0.083260768699307,0.6938775510204082
34,candidate,0.9489818703431907,drug,"D=1,Y=1",50,0.083260768699307,0.6938775510204082
35,selected,0.9969208166040532,drug,"D=1,Y=1",50,0.083260768699307,0.7142857142857143
35,candidate,0.8980837380806128,drug,"D=1,Y=1",50,0.083260768699307,0.7142857142857143
35,candidate,0.999999999999994,drug,"D=1,Y=1",50,0.083260768699307,0.7142857142857143
35,candidate,0.9438622788730535,drug,"D=1,Y=1",50,0.083260768699307,0.7142857142857143
35,candidate,0.946650938796789,drug,"D=1,Y=1",50,0.083260768699307,0.7142857142857143
35,candidate,0.9469654226595949,drug,"D=1,Y=1",50,0.083260768699307,0.7142857142857143
35,candidate,0.9573056142549843,drug,"D=1,Y=1",50,0.083260768699307,0.7142857142857143
35,candidate,0.9536064280783566,drug,"D=1,Y=1",50,0.083260768699307,0.7142857142857143
35,candidate,0.9231417243237687,drug,"D=1,Y=1",50,0.083260768699307,0.7142857142857143
35,candidate,0.9236837380662843,drug,"D=1,Y=1",50,0.083260768699307,0.7142857142857143
35,candidate,0.9611945401281624,drug,"D=1,Y=1",50,0.083260768699307,0.7142857142857143
35,candidate,0.9228404323666353,drug,"D=1,Y=1",50,0.083260768699307,0.7142857142857143
35,candidate,0.9438261936338969,drug,"D=1,Y=1",50,0.083260768699307,0.7142857142857143
35,candidate,0.9272469640034082,drug,"D=1,Y=1",50,0.083260768699307,0.7142857142857143
35,candidate,0.9366639369055669,drug,"D=1,Y=1",50,0.083260768699307,0.7142857142857143
35,candidate,0.9500442575256846,drug,"D=1,Y=1",50,0.083260768699307,0.7142857142857143
35,candidate,0.9405751485816812,drug,"D=1,Y=1",50,0.083260768699307,0.7142857142857143
35,candidate,0.980622022792325,drug,"D=1,Y=1",50,0.083260768699307,0.7142857142857143
35,candidate,0.9961831970537258,drug,"D=1,Y=1",50,0.083260768699307,0.7142857142857143
35,candidate,0.9605473638223326,drug,"D=1,Y=1",50,0.083260768699307,0.7142857142857143
35,candidate,0.9450201612767722,drug,"D=1,Y=1",50,0.083260768699307,0.7142857142857143
36,selected,0.9851064031732031,drug,"D=1,Y=1",50,0.083260768699307,0.7346938775510204
36,candidate,0.9268135712980579,drug,"D=1,Y=1",50,0.083260768699307,0.7346938775510204
36,candidate,0.9936714230046887,drug,"D=1,Y=1",50,0.083260768699307,0.7346938775510204
36,candidate,0.9536408324082942,drug,"D=1,Y=1",50,0.083260768699307,0.7346938775510204
36,candidate,0.961106542990234,drug,"D=1,Y=1",50,0.083260768699307,0.7346938775510204
36,candidate,0.9479568583553708,drug,"D=1,Y=1",50,0.083260768699307,0.7346938775510204
36,candidate,0.9609809530819076,drug,"D=1,Y=1",50,0.083260768699307,0.7346938775510204
36,candidate,0.9419019050072895,drug,"D=1,Y=1",50,0.083260768699307,0.7346938775510204
36,candidate,0.9592480136271748,drug,"D=1,Y=1",50,0.083260768699307,0.7346938775510204
36,candidate,0.9909670213924235,drug,"D=1,Y=1",50,0.083260768699307,0.7346938775510204
36,candidate,0.9299871778843561,drug,"D=1,Y=1",50,0.083260768699307,0.7346938775510204
36,candidate,0.9625216137902425,drug,"D=1,Y=1",50,0.083260768699307,0.7346938775510204
36,candidate,0.9670281625380472,drug,"D=1,Y=1",50,0.083260768699307,0.7346938775510204
36,candidate,0.9999999999999999,drug,"D=1,Y=1",50,0.083260768699307,0.7346938775510204
36,candidate,0.9858229817160433,drug,"D=1,Y=1",50,0.083260768699307,0.7346938775510204
36,candidate,0.9768157513907091,drug,"D=1,Y=1",50,0.083260768699307,0.7346938775510204
36,candidate,0.9365674450575048,drug,"D=1,Y=1",50,0.083260768699307,0.7346938775510204
36,candidate,0.9358571973726103,drug,"D=1,Y=1",50,0.083260768699307,0.7346938775510204
36,candidate,0.9875299941740084,drug,"D=1,Y=1",50,0.083260768699307,0.7346938775510204
36,candidate,0.9361896322355326,drug,"D=1,Y=1",50,0.083260768699307,0.7346938775510204
36,candidate,0.9511202158262575,drug,"D=1,Y=1",50,0.083260768699307,0.7346938775510204
37,selected,0.9764417133933968,drug,"D=1,Y=1",50,0.083260768699307,0.7551020408163265
37,candidate,0.9154292216131908,drug,"D=1,Y=1",50,0.083260768699307,0.7551020408163265
37,candidate,0.9473036033982148,drug,"D=1,Y=1",50,0.083260768699307,0.7551020408163265
37,candidate,0.9575622829034655,drug,"D=1,Y=1",50,0.083260768699307,0.7551020408163265
37,candidate,0.8891186575986115,drug,"D=1,Y=1",50,0.083260768699307,0.7551020408163265
37,candidate,0.952592503235421,drug,"D=1,Y=1",50,0.083260768699307,0.7551020408163265
37,candidate,0.9605529289137236,drug,"D=1,Y=1",50,0.083260768699307,0.7551020408163265
37,candidate,0.9179339601066674,drug,"D=1,Y=1",50,0.083260768699307,0.7551020408163265
37,candidate,0.9320611720648241,drug,"D=1,Y=1",50,0.083260768699307,0.7551020408163265
37,candidate,0.9630515390314438,drug,"D=1,Y=1",50,0.083260768699307,0.7551020408163265
37,candidate,0.918917262208443,drug,"D=1,Y=1",50,0.083260768699307,0.7551020408163265
37,candidate,0.9448230036009813,drug,"D=1,Y=1",50,0.083260768699307,0.7551020408163265
37,candidate,0.967034811827925,drug,"D=1,Y=1",50,0.083260768699307,0.7551020408163265
37,candidate,0.9570761343742633,drug,"D=1,Y=1",50,0.083260768699307,0.7551020408163265
37,candidate,0.9524488521458595,drug,"D=1,Y=1",50,0.083260768699307,0.7551020408163265
37,candidate,0.9761281509019881,drug,"D=1,Y=1",50,0.083260768699307,0.7551020408163265
37,candidate,0.9687298498505255,drug,"D=1,Y=1",50,0.083260768699307,0.7551020408163265
37,candidate,0.9707212937752044,drug,"D=1,Y=1",50,0.083260768699307,0.7551020408163265
37,candidate,0.9587399867598848,drug,"D=1,Y=1",50,0.083260768699307,0.7551020408163265
37,candidate,0.9421881861790038,drug,"D=1,Y=1",50,0.083260768699307,0.7551020408163265
37,candidate,0.9359296174101353,drug,"D=1,Y=1",50,0.083260768699307,0.7551020408163265
38,selected,0.9670152313872317,drug,"D=1,Y=1",50,0.083260768699307,0.7755102040816326
38,candidate,0.975847082656888,drug,"D=1,Y=1",50,0.083260768699307,0.7755102040816326
38,candidate,0.9167055281501008,drug,"D=1,Y=1",50,0.083260768699307,0.7755102040816326
38,candidate,0.9283738289523253,drug,"D=1,Y=1",50,0.083260768699307,0.7755102040816326
38,candidate,0.9447039652326085,drug,"D=1,Y=1",50,0.083260768699307,0.7755102040816326
38,candidate,0.9138174782197952,drug,"D=1,Y=1",50,0.083260768699307,0.7755102040816326
38,candidate,0.9105824115556336,drug,"D=1,Y=1",50,0.083260768699307,0.7755102040816326
38,candidate,0.9538606416738907,drug,"D=1,Y=1",50,0.083260768699307,0.7755102040816326
38,candidate,0.9871413859454917,drug,"D=1,Y=1",50,0.083260768699307,0.7755102040816326
38,candidate,0.9778444100308041,drug,"D=1,Y=1",50,0.083260768699307,0.7755102040816326
38,candidate,0.9323681282056658,drug,"D=1,Y=1",50,0.083260768699307,0.7755102040816326
38,candidate,0.9544573838230969,drug,"D=1,Y=1",50,0.083260768699307,0.7755102040816326
38,candidate,0.9332541119860376,drug,"D=1,Y=1",50,0.083260768699307,0.7755102040816326
38,candidate,0.9521191031389624,drug,"D=1,Y=1",50,0.083260768699307,0.7755102040816326
38,candidate,0.9870206822197206,drug,"D=1,Y=1",50,0.083260768699307,0.7755102040816326
38,candidate,0.9170634134801583,drug,"D=1,Y=1",50,0.083260768699307,0.7755102040816326
38,candidate,0.9221567630124247,drug,"D=1,Y=1",50,0.083260768699307,0.7755102040816326
38,candidate,0.9187230997040171,drug,"D=1,Y=1",50,0.083260768699307,0.7755102040816326
38,candidate,0.9182245768578533,drug,"D=1,Y=1",50,0.083260768699307,0.7755102040816326
38,candidate,0.9303543369724395,drug,"D=1,Y=1",50,0.083260768699307,0.7755102040816326
38,candidate,0.9651143550375715,drug,"D=1,Y=1",50,0.083260768699307,0.7755102040816326
39,selected,0.9762820288219405,drug,"D=1,Y=1",50,0.083260768699307,0.7959183673469388
39,candidate,0.9141710085074284,drug,"D=1,Y=1",50,0.083260768699307,0.7959183673469388
39,candidate,0.9102280323190266,drug,"D=1,Y=1",50,0.083260768699307,0.7959183673469388
39,candidate,0.9255388126855457,drug,"D=1,Y=1",50,0.083260768699307,0.7959183673469388
39,candidate,0.9575168752641919,drug,"D=1,Y=1",50,0.083260768699307,0.7959183673469388
39,candidate,0.932287616820144,drug,"D=1,Y=1",50,0.083260768699307,0.7959183673469388
39,candidate,0.9398108298431592,drug,"D=1,Y=1",50,0.083260768699307,0.7959183673469388
39,candidate,0.9274663716569068,drug,"D=1,Y=1",50,0.083260768699307,0.7959183673469388
39,candidate,0.9871545503364993,drug,"D=1,Y=1",50,0.083260768699307,0.7959183673469388
39,candidate,0.907549347962277,drug,"D=1,Y=1",50,0.083260768699307,0.7959183673469388
39,candidate,0.949395037498683,drug,"D=1,Y=1",50,0.083260768699307,0.7959183673469388
39,candidate,0.923285685645283,drug,"D=1,Y=1",50,0.083260768699307,0.7959183673469388
39,candidate,0.9206164981572346,drug,"D=1,Y=1",50,0.083260768699307,0.7959183673469388
39,candidate,0.9475203217206413,drug,"D=1,Y=1",50,0.083260768699307,0.7959183673469388
39,candidate,0.9395207015851487,drug,"D=1,Y=1",50,0.083260768699307,0.7959183673469388
39,candidate,0.9407266654809365,drug,"D=1,Y=1",50,0.083260768699307,0.7959183673469388
39,candidate,0.9653779708054094,drug,"D=1,Y=1",50,0.083260768699307,0.7959183673469388
39,candidate,0.8868489175550259,drug,"D=1,Y=1",50,0.083260768699307,0.7959183673469388
39,candidate,0.9314590705602988,drug,"D=1,Y=1",50,0.083260768699307,0.7959183673469388
39,candidate,0.9358262023077615,drug,"D=1,Y=1",50,0.083260768699307,0.7959183673469388
39,candidate,0.9641745463723981,drug,"D=1,Y=1",50,0.083260768699307,0.7959183673469388
40,selected,0.9819649687922946,drug,"D=1,Y=1",50,0.083260768699307,0.8163265306122449
40,candidate,0.9182124946260471,drug,"D=1,Y=1",50,0.083260768699307,0.8163265306122449
40,candidate,0.9127366868880885,drug,"D=1,Y=1",50,0.083260768699307,0.8163265306122449
40,candidate,0.9728769562111224,drug,"D=1,Y=1",50,0.083260768699307,0.8163265306122449
40,candidate,0.9413752308826591,drug,"D=1,Y=1",50,0.083260768699307,0.8163265306122449
40,candidate,0.9145421688992476,drug,"D=1,Y=1",50,0.083260768699307,0.8163265306122449
40,candidate,0.9217906849808574,drug,"D=1,Y=1",50,0.083260768699307,0.8163265306122449
40,candidate,0.9516034519987712,drug,"D=1,Y=1",50,0.083260768699307,0.8163265306122449
40,candidate,0.9306714926726921,drug,"D=1,Y=1",50,0.083260768699307,0.8163265306122449
40,candidate,0.9350435736458255,drug,"D=1,Y=1",50,0.083260768699307,0.8163265306122449
40,candidate,0.9422833672119139,drug,"D=1,Y=1",50,0.083260768699307,0.8163265306122449
40,candidate,0.9551652878726765,drug,"D=1,Y=1",50,0.083260768699307,0.8163265306122449
40,candidate,0.9578512013789816,drug,"D=1,Y=1",50,0.083260768699307,0.8163265306122449
40,candidate,0.906247107363879,drug,"D=1,Y=1",50,0.083260768699307,0.8163265306122449
40,candidate,0.9226852932329799,drug,"D=1,Y=1",50,0.083260768699307,0.8163265306122449
40,candidate,0.9470199857858695,drug,"D=1,Y=1",50,0.083260768699307,0.8163265306122449
40,candidate,0.9509334496832045,drug,"D=1,Y=1",50,0.083260768699307,0.8163265306122449
40,candidate,0.933505185226106,drug,"D=1,Y=1",50,0.083260768699307,0.8163265306122449
40,candidate,0.9371185817410768,drug,"D=1,Y=1",50,0.083260768699307,0.8163265306122449
40,candidate,0.9093476715689668,drug,"D=1,Y=1",50,0.083260768699307,0.8163265306122449
40,candidate,0.9219603363370316,drug,"D=1,Y=1",50,0.083260768699307,0.8163265306122449
41,selected,0.9560298045471061,drug,"D=1,Y=1",50,0.083260768699307,0.8367346938775511
41,candidate,0.9387191382677406,drug,"D=1,Y=1",50,0.083260768699307,0.8367346938775511
41,candidate,0.9242178385851575,drug,"D=1,Y=1",50,0.083260768699307,0.8367346938775511
41,candidate,0.9119560952613174,drug,"D=1,Y=1",50,0.083260768699307,0.8367346938775511
41,candidate,0.9249444350672268,drug,"D=1,Y=1",50,0.083260768699307,0.8367346938775511
41,candidate,0.9422705411323707,drug,"D=1,Y=1",50,0.083260768699307,0.8367346938775511
41,candidate,0.9669158496867897,drug,"D=1,Y=1",50,0.083260768699307,0.8367346938775511
41,candidate,0.9204079696669675,drug,"D=1,Y=1",50,0.083260768699307,0.8367346938775511
41,candidate,0.9274245406038369,drug,"D=1,Y=1",50,0.083260768699307,0.8367346938775511
41,candidate,0.9031962361723181,drug,"D=1,Y=1",50,0.083260768699307,0.8367346938775511
41,candidate,0.9140200785289617,drug,"D=1,Y=1",50,0.083260768699307,0.8367346938775511
41,candidate,0.9162766280005995,drug,"D=1,Y=1",50,0.083260768699307,0.8367346938775511
41,candidate,0.9482906024630477,drug,"D=1,Y=1",50,0.083260768699307,0.8367346938775511
41,candidate,0.8953246929574944,drug,"D=1,Y=1",50,0.083260768699307,0.8367346938775511
41,candidate,0.9590185025296876,drug,"D=1,Y=1",50,0.083260768699307,0.8367346938775511
41,candidate,0.9070137224593375,drug,"D=1,Y=1",50,0.083260768699307,0.8367346938775511
41,candidate,0.9199824133438494,drug,"D=1,Y=1",50,0.083260768699307,0.8367346938775511
41,candidate,0.9388214964087516,drug,"D=1,Y=1",50,0.083260768699307,0.8367346938775511
41,candidate,0.8934404266963455,drug,"D=1,Y=1",50,0.083260768699307,0.8367346938775511
41,candidate,0.9158616116250793,drug,"D=1,Y=1",50,0.083260768699307,0.8367346938775511
41,candidate,0.924853139699531,drug,"D=1,Y=1",50,0.083260768699307,0.8367346938775511
42,selected,0.9746398734119832,drug,"D=1,Y=1",50,0.083260768699307,0.8571428571428571
42,candidate,0.9138151029542629,drug,"D=1,Y=1",50,0.083260768699307,0.8571428571428571
42,candidate,0.886445374618417,drug,"D=1,Y=1",50,0.083260768699307,0.8571428571428571
42,candidate,0.8965747293913634,drug,"D=1,Y=1",50,0.083260768699307,0.8571428571428571
42,candidate,0.9174284804871256,drug,"D=1,Y=1",50,0.083260768699307,0.8571428571428571
42,candidate,0.9377540640138308,drug,"D=1,Y=1",50,0.083260768699307,0.8571428571428571
42,candidate,0.8782489008670404,drug,"D=1,Y=1",50,0.083260768699307,0.8571428571428571
42,candidate,0.9135929487906312,drug,"D=1,Y=1",50,0.083260768699307,0.8571428571428571
42,candidate,0.9102170849557064,drug,"D=1,Y=1",50,0.083260768699307,0.8571428571428571
42,candidate,0.8969245907342368,drug,"D=1,Y=1",50,0.083260768699307,0.8571428571428571
42,candidate,0.9010320520494483,drug,"D=1,Y=1",50,0.083260768699307,0.8571428571428571
42,candidate,0.8838234969059561,drug,"D=1,Y=1",50,0.083260768699307,0.8571428571428571
42,candidate,0.9159811779426296,drug,"D=1,Y=1",50,0.083260768699307,0.8571428571428571
42,candidate,0.9088808743787298,drug,"D=1,Y=1",50,0.083260768699307,0.8571428571428571
42,candidate,0.9186273431263253,drug,"D=1,Y=1",50,0.083260768699307,0.8571428571428571
42,candidate,0.9224718722460948,drug,"D=1,Y=1",50,0.083260768699307,0.8571428571428571
42,candidate,0.903449548385769,drug,"D=1,Y=1",50,0.083260768699307,0.8571428571428571
42,candidate,0.9456030760641131,drug,"D=1,Y=1",50,0.083260768699307,0.8571428571428571
42,candidate,0.9080083584522735,drug,"D=1,Y=1",50,0.083260768699307,0.8571428571428571
42,candidate,0.8918945725598229,drug,"D=1,Y=1",50,0.083260768699307,0.8571428571428571
42,candidate,0.938887034105873,drug,"D=1,Y=1",50,0.083260768699307,0.8571428571428571
43,selected,0.934404150690489,drug,"D=1,Y=1",50,0.083260768699307,0.8775510204081632
43,candidate,0.8869440180251008,drug,"D=1,Y=1",50,0.083260768699307,0.8775510204081632
43,candidate,0.886181923548957,drug,"D=1,Y=1",50,0.083260768699307,0.8775510204081632
43,candidate,0.874686563745957,drug,"D=1,Y=1",50,0.083260768699307,0.8775510204081632
43,candidate,0.9195480981583088,drug,"D=1,Y=1",50,0.083260768699307,0.8775510204081632
43,candidate,0.9002841645923126,drug,"D=1,Y=1",50,0.083260768699307,0.8775510204081632
43,candidate,0.9169283957380301,drug,"D=1,Y=1",50,0.083260768699307,0.8775510204081632
43,candidate,0.9189181051712054,drug,"D=1,Y=1",50,0.083260768699307,0.8775510204081632
43,candidate,0.8901363474946167,drug,"D=1,Y=1",50,0.083260768699307,0.8775510204081632
43,candidate,0.9156285025229568,drug,"D=1,Y=1",50,0.083260768699307,0.8775510204081632
43,candidate,0.912950362642655,drug,"D=1,Y=1",50,0.083260768699307,0.8775510204081632
43,candidate,0.8845970567438718,drug,"D=1,Y=1",50,0.083260768699307,0.8775510204081632
43,candidate,0.9350754424230298,drug,"D=1,Y=1",50,0.083260768699307,0.8775510204081632
43,candidate,0.9393750492578267,drug,"D=1,Y=1",50,0.083260768699307,0.8775510204081632
43,candidate,0.8970532340223369,drug,"D=1,Y=1",50,0.083260768699307,0.8775510204081632
43,candidate,0.9575420736823248,drug,"D=1,Y=1",50,0.083260768699307,0.8775510204081632
43,candidate,0.9107972031748759,drug,"D=1,Y=1",50,0.083260768699307,0.8775510204081632
43,candidate,0.9281219975367655,drug,"D=1,Y=1",50,0.083260768699307,0.8775510204081632
43,candidate,0.8833235004425675,drug,"D=1,Y=1",50,0.083260768699307,0.8775510204081632
43,candidate,0.9181706726702198,drug,"D=1,Y=1",50,0.083260768699307,0.8775510204081632
43,candidate,0.8974302108434148,drug,"D=1,Y=1",50,0.083260768699307,0.8775510204081632
44,selected,0.9413352317849745,drug,"D=1,Y=1",50,0.083260768699307,0.8979591836734694
44,candidate,0.9051710804009468,drug,"D=1,Y=1",50,0.083260768699307,0.8979591836734694
44,candidate,0.9128024277204154,drug,"D=1,Y=1",50,0.083260768699307,0.8979591836734694
44,candidate,0.880405946816923,drug,"D=1,Y=1",50,0.083260768699307,0.8979591836734694
44,candidate,0.9144139605970727,drug,"D=1,Y=1",50,0.083260768699307,0.8979591836734694
44,candidate,0.8703077900101298,drug,"D=1,Y=1",50,0.083260768699307,0.8979591836734694
44,candidate,0.935779500016394,drug,"D=1,Y=1",50,0.083260768699307,0.8979591836734694
44,candidate,0.8864830230939508,drug,"D=1,Y=1",50,0.083260768699307,0.8979591836734694
44,candidate,0.9224813463371627,drug,"D=1,Y=1",50,0.083260768699307,0.8979591836734694
44,candidate,0.9474778900776502,drug,"D=1,Y=1",50,0.083260768699307,0.8979591836734694
44,candidate,0.953035981245444,drug,"D=1,Y=1",50,0.083260768699307,0.8979591836734694
44,candidate,0.9179680423386216,drug,"D=1,Y=1",50,0.083260768699307,0.8979591836734694
44,candidate,0.9545544477106992,drug,"D=1,Y=1",50,0.083260768699307,0.8979591836734694
44,candidate,0.916666156935283,drug,"D=1,Y=1",50,0.083260768699307,0.8979591836734694
44,candidate,0.9079331999391083,drug,"D=1,Y=1",50,0.083260768699307,0.8979591836734694
44,candidate,0.9212733032688528,drug,"D=1,Y=1",50,0.083260768699307,0.8979591836734694
44,candidate,0.9253313033184317,drug,"D=1,Y=1",50,0.083260768699307,0.8979591836734694
44,candidate,0.8985328255698921,drug,"D=1,Y=1",50,0.083260768699307,0.8979591836734694
44,candidate,0.9126892362701834,drug,"D=1,Y=1",50,0.083260768699307,0.8979591836734694
44,candidate,0.8835724597929494,drug,"D=1,Y=1",50,0.083260768699307,0.8979591836734694
44,candidate,0.8961656222719038,drug,"D=1,Y=1",50,0.083260768699307,0.8979591836734694
45,selected,0.9393407637242679,drug,"D=1,Y=1",50,0.083260768699307,0.9183673469387755
45,candidate,0.8407771289974378,drug,"D=1,Y=1",50,0.083260768699307,0.9183673469387755
45,candidate,0.917916805917264,drug,"D=1,Y=1",50,0.083260768699307,0.9183673469387755
45,candidate,0.8425932862326024,drug,"D=1,Y=1",50,0.083260768699307,0.9183673469387755
45,candidate,0.887999411727137,drug,"D=1,Y=1",50,0.083260768699307,0.9183673469387755
45,candidate,0.8758607335332699,drug,"D=1,Y=1",50,0.083260768699307,0.9183673469387755
45,candidate,0.8329366439477651,drug,"D=1,Y=1",50,0.083260768699307,0.9183673469387755
45,candidate,0.8938011922996125,drug,"D=1,Y=1",50,0.083260768699307,0.9183673469387755
45,candidate,0.9186878614549079,drug,"D=1,Y=1",50,0.083260768699307,0.9183673469387755
45,candidate,0.8994120577252269,drug,"D=1,Y=1",50,0.083260768699307,0.9183673469387755
45,candidate,0.9371694946518645,drug,"D=1,Y=1",50,0.083260768699307,0.9183673469387755
45,candidate,0.8506894888302621,drug,"D=1,Y=1",50,0.083260768699307,0.9183673469387755
45,candidate,0.8876957851699971,drug,"D=1,Y=1",50,0.083260768699307,0.9183673469387755
45,candidate,0.8853152501723853,drug,"D=1,Y=1",50,0.083260768699307,0.9183673469387755
45,candidate,0.9005766631687051,drug,"D=1,Y=1",50,0.083260768699307,0.9183673469387755
45,candidate,0.9634827546577353,drug,"D=1,Y=1",50,0.083260768699307,0.9183673469387755
45,candidate,0.8826537515391425,drug,"D=1,Y=1",50,0.083260768699307,0.9183673469387755
45,candidate,0.9467424587761261,drug,"D=1,Y=1",50,0.083260768699307,0.9183673469387755
45,candidate,0.8670807363175874,drug,"D=1,Y=1",50,0.083260768699307,0.9183673469387755
45,candidate,0.9052338615391367,drug,"D=1,Y=1",50,0.083260768699307,0.9183673469387755
45,candidate,0.9230020826593932,drug,"D=1,Y=1",50,0.083260768699307,0.9183673469387755
46,selected,0.9272547568578633,drug,"D=1,Y=1",50,0.083260768699307,0.9387755102040817
46,candidate,0.8530436333386162,drug,"D=1,Y=1",50,0.083260768699307,0.9387755102040817
46,candidate,0.8842924082921348,drug,"D=1,Y=1",50,0.083260768699307,0.9387755102040817
46,candidate,0.904100079815837,drug,"D=1,Y=1",50,0.083260768699307,0.9387755102040817
46,candidate,0.859014329333522,drug,"D=1,Y=1",50,0.083260768699307,0.9387755102040817
46,candidate,0.8717830562372214,drug,"D=1,Y=1",50,0.083260768699307,0.9387755102040817
46,candidate,0.8798226539796292,drug,"D=1,Y=1",50,0.083260768699307,0.9387755102040817
46,candidate,0.8547296728581524,drug,"D=1,Y=1",50,0.083260768699307,0.9387755102040817
46,candidate,0.9026765215493069,drug,"D=1,Y=1",50,0.083260768699307,0.9387755102040817
46,candidate,0.9016979781646571,drug,"D=1,Y=1",50,0.083260768699307,0.9387755102040817
46,candidate,0.9013154304450944,drug,"D=1,Y=1",50,0.083260768699307,0.9387755102040817
46,candidate,0.9036726863108001,drug,"D=1,Y=1",50,0.083260768699307,0.9387755102040817
46,candidate,0.9247228697109232,drug,"D=1,Y=1",50,0.083260768699307,0.9387755102040817
46,candidate,0.7899857419860122,drug,"D=1,Y=1",50,0.083260768699307,0.9387755102040817
46,candidate,0.8943821295700477,drug,"D=1,Y=1",50,0.083260768699307,0.9387755102040817
46,candidate,0.8393457903271323,drug,"D=1,Y=1",50,0.083260768699307,0.9387755102040817
46,candidate,0.8094523734998712,drug,"D=1,Y=1",50,0.083260768699307,0.9387755102040817
46,candidate,0.8933251784533852,drug,"D=1,Y=1",50,0.083260768699307,0.9387755102040817
46,candidate,0.8784629896503542,drug,"D=1,Y=1",50,0.083260768699307,0.9387755102040817
46,candidate,0.8524253453875063,drug,"D=1,Y=1",50,0.083260768699307,0.9387755102040817
46,candidate,0.8703711367590913,drug,"D=1,Y=1",50,0.083260768699307,0.9387755102040817
47,selected,0.9150390942161944,drug,"D=1,Y=1",50,0.083260768699307,0.9591836734693877
47,candidate,0.798692031488173,drug,"D=1,Y=1",50,0.083260768699307,0.9591836734693877
47,candidate,0.7642446509403228,drug,"D=1,Y=1",50,0.083260768699307,0.9591836734693877
47,candidate,0.8960427349628551,drug,"D=1,Y=1",50,0.083260768699307,0.9591836734693877
47,candidate,0.8886634978677397,drug,"D=1,Y=1",50,0.083260768699307,0.9591836734693877
47,candidate,0.8719846748827271,drug,"D=1,Y=1",50,0.083260768699307,0.9591836734693877
47,candidate,0.9238700091965607,drug,"D=1,Y=1",50,0.083260768699307,0.9591836734693877
47,candidate,0.9023820689732228,drug,"D=1,Y=1",50,0.083260768699307,0.9591836734693877
47,candidate,0.7899129939129005,drug,"D=1,Y=1",50,0.083260768699307,0.9591836734693877
47,candidate,0.8308015236004772,drug,"D=1,Y=1",50,0.083260768699307,0.9591836734693877
47,candidate,0.8770637276480528,drug,"D=1,Y=1",50,0.083260768699307,0.9591836734693877
47,candidate,0.8518262043221629,drug,"D=1,Y=1",50,0.083260768699307,0.9591836734693877
47,candidate,0.8933581255653101,drug,"D=1,Y=1",50,0.083260768699307,0.9591836734693877
47,candidate,0.8514819516476465,drug,"D=1,Y=1",50,0.083260768699307,0.9591836734693877
47,candidate,0.8533727874021791,drug,"D=1,Y=1",50,0.083260768699307,0.9591836734693877
47,candidate,0.8963188136466107,drug,"D=1,Y=1",50,0.083260768699307,0.9591836734693877
47,candidate,0.7742425804880889,drug,"D=1,Y=1",50,0.083260768699307,0.9591836734693877
47,candidate,0.8757651193873607,drug,"D=1,Y=1",50,0.083260768699307,0.9591836734693877
47,candidate,0.8589841814164964,drug,"D=1,Y=1",50,0.083260768699307,0.9591836734693877
47,candidate,0.8017985857797014,drug,"D=1,Y=1",50,0.083260768699307,0.9591836734693877
47,candidate,0.8001976763438328,drug,"D=1,Y=1",50,0.083260768699307,0.9591836734693877
48,selected,0.8970111486501766,drug,"D=1,Y=1",50,0.083260768699307,0.9795918367346939
48,candidate,0.7994352449967093,drug,"D=1,Y=1",50,0.083260768699307,0.9795918367346939
48,candidate,0.806175742174307,drug,"D=1,Y=1",50,0.083260768699307,0.9795918367346939
48,candidate,0.8680615453980444,drug,"D=1,Y=1",50,0.083260768699307,0.9795918367346939
48,candidate,0.7903809206083809,drug,"D=1,Y=1",50,0.083260768699307,0.9795918367346939
48,candidate,0.8115023691383862,drug,"D=1,Y=1",50,0.083260768699307,0.9795918367346939
48,candidate,0.7408677988689732,drug,"D=1,Y=1",50,0.083260768699307,0.9795918367346939
48,candidate,0.797476627445683,drug,"D=1,Y=1",50,0.083260768699307,0.9795918367346939
48,candidate,0.7258454580456907,drug,"D=1,Y=1",50,0.083260768699307,0.9795918367346939
48,candidate,0.8027096121601729,drug,"D=1,Y=1",50,0.083260768699307,0.9795918367346939
48,candidate,0.810495897361958,drug,"D=1,Y=1",50,0.083260768699307,0.9795918367346939
48,candidate,0.7698860483056404,drug,"D=1,Y=1",50,0.083260768699307,0.9795918367346939
48,candidate,0.8144509653603366,drug,"D=1,Y=1",50,0.083260768699307,0.9795918367346939
48,candidate,0.8653633083441246,drug,"D=1,Y=1",50,0.083260768699307,0.9795918367346939
48,candidate,0.8609726352441303,drug,"D=1,Y=1",50,0.083260768699307,0.9795918367346939
48,candidate,0.77225633292218,drug,"D=1,Y=1",50,0.083260768699307,0.9795918367346939
48,candidate,0.8099318500901044,drug,"D=1,Y=1",50,0.083260768699307,0.9795918367346939
48,candidate,0.7746268721426368,drug,"D=1,Y=1",50,0.083260768699307,0.9795918367346939
48,candidate,0.6598948961338437,drug,"D=1,Y=1",50,0.083260768699307,0.9795918367346939
48,candidate,0.7428776505386958,drug,"D=1,Y=1",50,0.083260768699307,0.9795918367346939
48,candidate,0.8284450855508435,drug,"D=1,Y=1",50,0.083260768699307,0.9795918367346939
49,selected,0.8204168184704408,drug,"D=1,Y=1",50,0.083260768699307,1.0
49,candidate,0.7779149978338139,drug,"D=1,Y=1",50,0.083260768699307,1.0
49,candidate,0.6688909073710567,drug,"D=1,Y=1",50,0.083260768699307,1.0
49,candidate,0.6855447679771844,drug,"D=1,Y=1",50,0.083260768699307,1.0
49,candidate,0.6968758791439559,drug,"D=1,Y=1",50,0.083260768699307,1.0
49,candidate,0.7550197072227959,drug,"D=1,Y=1",50,0.083260768699307,1.0
49,candidate,0.5488183853479415,drug,"D=1,Y=1",50,0.083260768699307,1.0
49,candidate,0.7389901925637239,drug,"D=1,Y=1",50,0.083260768699307,1.0
49,candidate,0.760414726251448,drug,"D=1,Y=1",50,0.083260768699307,1.0
49,candidate,0.7155168011567516,drug,"D=1,Y=1",50,0.083260768699307,1.0
49,candidate,0.7769764038478102,drug,"D=1,Y=1",50,0.083260768699307,1.0
49,candidate,0.6953005894693939,drug,"D=1,Y=1",50,0.083260768699307,1.0
49,candidate,0.7179871621924969,drug,"D=1,Y=1",50,0.083260768699307,1.0
49,candidate,0.6420532890306708,drug,"D=1,Y=1",50,0.083260768699307,1.0
49,candidate,0.6931232639081144,drug,"D=1,Y=1",50,0.083260768699307,1.0
49,candidate,0.6998682823174406,drug,"D=1,Y=1",50,0.083260768699307,1.0
49,candidate,0.791208822936197,drug,"D=1,Y=1",50,0.083260768699307,1.0
49,candidate,0.6171845377970041,drug,"D=1,Y=1",50,0.083260768699307,1.0
49,candidate,0.7039722713226904,drug,"D=1,Y=1",50,0.083260768699307,1.0
49,candidate,0.5400526259538999,drug,"D=1,Y=1",50,0.083260768699307,1.0
49,candidate,0.6730846121696252,drug,"D=1,Y=1",50,0.083260768699307,1.0
0,selected,1.0,drug,"D=1,Y=0",13,0.22072415242156476,0.0
0,candidate,1.0000000000000002,drug,"D=1,Y=0",13,0.22072415242156476,0.0
0,candidate,1.0000000000000002,drug,"D=1,Y=0",13,0.22072415242156476,0.0
0,candidate,1.0,drug,"D=1,Y=0",13,0.22072415242156476,0.0
0,candidate,1.0,drug,"D=1,Y=0",13,0.22072415242156476,0.0
0,candidate,1.0000000000000002,drug,"D=1,Y=0",13,0.22072415242156476,0.0
0,candidate,1.0000000000000002,drug,"D=1,Y=0",13,0.22072415242156476,0.0
0,candidate,0.9999999999999999,drug,"D=1,Y=0",13,0.22072415242156476,0.0
0,candidate,1.0,drug,"D=1,Y=0",13,0.22072415242156476,0.0
0,candidate,1.0,drug,"D=1,Y=0",13,0.22072415242156476,0.0
0,candidate,1.0,drug,"D=1,Y=0",13,0.22072415242156476,0.0
0,candidate,0.9999999999999999,drug,"D=1,Y=0",13,0.22072415242156476,0.0
0,candidate,1.0000000000000002,drug,"D=1,Y=0",13,0.22072415242156476,0.0
0,candidate,1.0000000000000002,drug,"D=1,Y=0",13,0.22072415242156476,0.0
0,candidate,1.0000000000000002,drug,"D=1,Y=0",13,0.22072415242156476,0.0
0,candidate,1.0,drug,"D=1,Y=0",13,0.22072415242156476,0.0
0,candidate,1.0,drug,"D=1,Y=0",13,0.22072415242156476,0.0
0,candidate,1.0,drug,"D=1,Y=0",13,0.22072415242156476,0.0
0,candidate,1.0,drug,"D=1,Y=0",13,0.22072415242156476,0.0
0,candidate,1.0000000000000002,drug,"D=1,Y=0",13,0.22072415242156476,0.0
0,candidate,1.0,drug,"D=1,Y=0",13,0.22072415242156476,0.0
1,selected,1.0000000000000002,drug,"D=1,Y=0",13,0.22072415242156476,0.08333333333333333
1,candidate,1.0,drug,"D=1,Y=0",13,0.22072415242156476,0.08333333333333333
1,candidate,0.9959336277536264,drug,"D=1,Y=0",13,0.22072415242156476,0.08333333333333333
1,candidate,1.0,drug,"D=1,Y=0",13,0.22072415242156476,0.08333333333333333
1,candidate,1.0,drug,"D=1,Y=0",13,0.22072415242156476,0.08333333333333333
1,candidate,0.9962193609065174,drug,"D=1,Y=0",13,0.22072415242156476,0.08333333333333333
1,candidate,1.0,drug,"D=1,Y=0",13,0.22072415242156476,0.08333333333333333
1,candidate,0.999801599215134,drug,"D=1,Y=0",13,0.22072415242156476,0.08333333333333333
1,candidate,0.9988005705518997,drug,"D=1,Y=0",13,0.22072415242156476,0.08333333333333333
1,candidate,0.9939420171087883,drug,"D=1,Y=0",13,0.22072415242156476,0.08333333333333333
1,candidate,0.9979426701347283,drug,"D=1,Y=0",13,0.22072415242156476,0.08333333333333333
1,candidate,0.9990600039729386,drug,"D=1,Y=0",13,0.22072415242156476,0.08333333333333333
1,candidate,1.0,drug,"D=1,Y=0",13,0.22072415242156476,0.08333333333333333
1,candidate,0.9999999999999998,drug,"D=1,Y=0",13,0.22072415242156476,0.08333333333333333
1,candidate,1.0,drug,"D=1,Y=0",13,0.22072415242156476,0.08333333333333333
1,candidate,0.9852788383616783,drug,"D=1,Y=0",13,0.22072415242156476,0.08333333333333333
1,candidate,0.9987202843245551,drug,"D=1,Y=0",13,0.22072415242156476,0.08333333333333333
1,candidate,0.998150974712339,drug,"D=1,Y=0",13,0.22072415242156476,0.08333333333333333
1,candidate,0.9928906577786081,drug,"D=1,Y=0",13,0.22072415242156476,0.08333333333333333
1,candidate,1.0,drug,"D=1,Y=0",13,0.22072415242156476,0.08333333333333333
1,candidate,0.9863806039422233,drug,"D=1,Y=0",13,0.22072415242156476,0.08333333333333333
2,selected,0.9987202843245551,drug,"D=1,Y=0",13,0.22072415242156476,0.16666666666666666
2,candidate,0.9851231317791339,drug,"D=1,Y=0",13,0.22072415242156476,0.16666666666666666
2,candidate,1.0,drug,"D=1,Y=0",13,0.22072415242156476,0.16666666666666666
2,candidate,0.9988520698087563,drug,"D=1,Y=0",13,0.22072415242156476,0.16666666666666666
2,candidate,0.9836539583854224,drug,"D=1,Y=0",13,0.22072415242156476,0.16666666666666666
2,candidate,0.9980598280790751,drug,"D=1,Y=0",13,0.22072415242156476,0.16666666666666666
2,candidate,0.9983272409892926,drug,"D=1,Y=0",13,0.22072415242156476,0.16666666666666666
2,candidate,0.9994386287401449,drug,"D=1,Y=0",13,0.22072415242156476,0.16666666666666666
2,candidate,1.0,drug,"D=1,Y=0",13,0.22072415242156476,0.16666666666666666
2,candidate,0.9716745400200658,drug,"D=1,Y=0",13,0.22072415242156476,0.16666666666666666
2,candidate,1.0000000000000004,drug,"D=1,Y=0",13,0.22072415242156476,0.16666666666666666
2,candidate,0.9999999999999999,drug,"D=1,Y=0",13,0.22072415242156476,0.16666666666666666
2,candidate,0.9976752054322152,drug,"D=1,Y=0",13,0.22072415242156476,0.16666666666666666
2,candidate,0.9943432581343178,drug,"D=1,Y=0",13,0.22072415242156476,0.16666666666666666
2,candidate,0.9608445497242153,drug,"D=1,Y=0",13,0.22072415242156476,0.16666666666666666
2,candidate,0.9792472393403339,drug,"D=1,Y=0",13,0.22072415242156476,0.16666666666666666
2,candidate,0.9765084999558246,drug,"D=1,Y=0",13,0.22072415242156476,0.16666666666666666
2,candidate,0.998150974712339,drug,"D=1,Y=0",13,0.22072415242156476,0.16666666666666666
2,candidate,0.9999999999999999,drug,"D=1,Y=0",13,0.22072415242156476,0.16666666666666666
2,candidate,0.9999999999999997,drug,"D=1,Y=0",13,0.22072415242156476,0.16666666666666666
2,candidate,0.9952049499986376,drug,"D=1,Y=0",13,0.22072415242156476,0.16666666666666666
3,selected,0.9860792138103425,drug,"D=1,Y=0",13,0.22072415242156476,0.25
3,candidate,0.9887589733207292,drug,"D=1,Y=0",13,0.22072415242156476,0.25
3,candidate,0.9939404999466717,drug,"D=1,Y=0",13,0.22072415242156476,0.25
3,candidate,0.9601660949106402,drug,"D=1,Y=0",13,0.22072415242156476,0.25
3,candidate,0.9970166864155922,drug,"D=1,Y=0",13,0.22072415242156476,0.25
3,candidate,0.9957271857774095,drug,"D=1,Y=0",13,0.22072415242156476,0.25
3,candidate,0.9899669497859063,drug,"D=1,Y=0",13,0.22072415242156476,0.25
3,candidate,0.9909382004702658,drug,"D=1,Y=0",13,0.22072415242156476,0.25
3,candidate,0.9996028275603257,drug,"D=1,Y=0",13,0.22072415242156476,0.25
3,candidate,0.9922766382420436,drug,"D=1,Y=0",13,0.22072415242156476,0.25
3,candidate,0.9885017610742536,drug,"D=1,Y=0",13,0.22072415242156476,0.25
3,candidate,0.9710101467819715,drug,"D=1,Y=0",13,0.22072415242156476,0.25
3,candidate,0.9901381130794871,drug,"D=1,Y=0",13,0.22072415242156476,0.25
3,candidate,0.9924349990662947,drug,"D=1,Y=0",13,0.22072415242156476,0.25
3,candidate,0.9996125319397409,drug,"D=1,Y=0",13,0.22072415242156476,0.25
3,candidate,0.971917237991111,drug,"D=1,Y=0",13,0.22072415242156476,0.25
3,candidate,0.9995078566874778,drug,"D=1,Y=0",13,0.22072415242156476,0.25
3,candidate,0.9826188051580121,drug,"D=1,Y=0",13,0.22072415242156476,0.25
3,candidate,0.9971628035128203,drug,"D=1,Y=0",13,0.22072415242156476,0.25
3,candidate,0.9891653520488883,drug,"D=1,Y=0",13,0.22072415242156476,0.25
3,candidate,0.9998539986277113,drug,"D=1,Y=0",13,0.22072415242156476,0.25
4,selected,0.995460522847947,drug,"D=1,Y=0",13,0.22072415242156476,0.3333333333333333
4,candidate,0.9975390275608906,drug,"D=1,Y=0",13,0.22072415242156476,0.3333333333333333
4,candidate,0.9763814441466139,drug,"D=1,Y=0",13,0.22072415242156476,0.3333333333333333
4,candidate,0.9583986466827594,drug,"D=1,Y=0",13,0.22072415242156476,0.3333333333333333
4,candidate,0.9844763202102438,drug,"D=1,Y=0",13,0.22072415242156476,0.3333333333333333
4,candidate,0.9965412039819608,drug,"D=1,Y=0",13,0.22072415242156476,0.3333333333333333
4,candidate,0.9866284301234826,drug,"D=1,Y=0",13,0.22072415242156476,0.3333333333333333
4,candidate,0.9680051767912177,drug,"D=1,Y=0",13,0.22072415242156476,0.3333333333333333
4,candidate,0.9761521528260769,drug,"D=1,Y=0",13,0.22072415242156476,0.3333333333333333
4,candidate,0.9908933362027275,drug,"D=1,Y=0",13,0.22072415242156476,0.3333333333333333
4,candidate,0.9897328742226178,drug,"D=1,Y=0",13,0.22072415242156476,0.3333333333333333
4,candidate,0.9907348405212478,drug,"D=1,Y=0",13,0.22072415242156476,0.3333333333333333
4,candidate,0.9666174996860042,drug,"D=1,Y=0",13,0.22072415242156476,0.3333333333333333
4,candidate,0.9773888241943113,drug,"D=1,Y=0",13,0.22072415242156476,0.3333333333333333
4,candidate,0.9934509334400021,drug,"D=1,Y=0",13,0.22072415242156476,0.3333333333333333
4,candidate,0.9948984741880286,drug,"D=1,Y=0",13,0.22072415242156476,0.3333333333333333
4,candidate,0.9966478671359776,drug,"D=1,Y=0",13,0.22072415242156476,0.3333333333333333
4,candidate,0.9995151422866684,drug,"D=1,Y=0",13,0.22072415242156476,0.3333333333333333
4,candidate,0.998630172412665,drug,"D=1,Y=0",13,0.22072415242156476,0.3333333333333333
4,candidate,0.9742902723135898,drug,"D=1,Y=0",13,0.22072415242156476,0.3333333333333333
4,candidate,0.991726761882632,drug,"D=1,Y=0",13,0.22072415242156476,0.3333333333333333
5,selected,0.9820371932305019,drug,"D=1,Y=0",13,0.22072415242156476,0.4166666666666667
5,candidate,0.9943761823965153,drug,"D=1,Y=0",13,0.22072415242156476,0.4166666666666667
5,candidate,0.9526455342866487,drug,"D=1,Y=0",13,0.22072415242156476,0.4166666666666667
5,candidate,0.947670526945097,drug,"D=1,Y=0",13,0.22072415242156476,0.4166666666666667
5,candidate,0.9890839230194216,drug,"D=1,Y=0",13,0.22072415242156476,0.4166666666666667
5,candidate,0.9824196993362188,drug,"D=1,Y=0",13,0.22072415242156476,0.4166666666666667
5,candidate,0.9786892136438342,drug,"D=1,Y=0",13,0.22072415242156476,0.4166666666666667
5,candidate,0.9676488421313304,drug,"D=1,Y=0",13,0.22072415242156476,0.4166666666666667
5,candidate,0.9819318984416062,drug,"D=1,Y=0",13,0.22072415242156476,0.4166666666666667
5,candidate,0.9835299447391049,drug,"D=1,Y=0",13,0.22072415242156476,0.4166666666666667
5,candidate,0.9552091060962041,drug,"D=1,Y=0",13,0.22072415242156476,0.4166666666666667
5,candidate,0.965482629498059,drug,"D=1,Y=0",13,0.22072415242156476,0.4166666666666667
5,candidate,0.9930312229318158,drug,"D=1,Y=0",13,0.22072415242156476,0.4166666666666667
5,candidate,0.9916507822511612,drug,"D=1,Y=0",13,0.22072415242156476,0.4166666666666667
5,candidate,0.9537399267095814,drug,"D=1,Y=0",13,0.22072415242156476,0.4166666666666667
5,candidate,0.9647234690001488,drug,"D=1,Y=0",13,0.22072415242156476,0.4166666666666667
5,candidate,0.97258971306557,drug,"D=1,Y=0",13,0.22072415242156476,0.4166666666666667
5,candidate,0.9465502067861805,drug,"D=1,Y=0",13,0.22072415242156476,0.4166666666666667
5,candidate,0.9764077579013201,drug,"D=1,Y=0",13,0.22072415242156476,0.4166666666666667
5,candidate,0.9894675163441857,drug,"D=1,Y=0",13,0.22072415242156476,0.4166666666666667
5,candidate,0.9802018173527893,drug,"D=1,Y=0",13,0.22072415242156476,0.4166666666666667
6,selected,0.9769315609941817,drug,"D=1,Y=0",13,0.22072415242156476,0.5
6,candidate,0.9773726404534913,drug,"D=1,Y=0",13,0.22072415242156476,0.5
6,candidate,0.9908678799198412,drug,"D=1,Y=0",13,0.22072415242156476,0.5
6,candidate,0.9499863420575028,drug,"D=1,Y=0",13,0.22072415242156476,0.5
6,candidate,0.9889062308264991,drug,"D=1,Y=0",13,0.22072415242156476,0.5
6,candidate,0.9543264865355422,drug,"D=1,Y=0",13,0.22072415242156476,0.5
6,candidate,0.9544183283574338,drug,"D=1,Y=0",13,0.22072415242156476,0.5
6,candidate,0.9664623129318164,drug,"D=1,Y=0",13,0.22072415242156476,0.5
6,candidate,0.9857203598518072,drug,"D=1,Y=0",13,0.22072415242156476,0.5
6,candidate,0.9505377040402316,drug,"D=1,Y=0",13,0.22072415242156476,0.5
6,candidate,0.9598764715456176,drug,"D=1,Y=0",13,0.22072415242156476,0.5
6,candidate,0.9659253397863139,drug,"D=1,Y=0",13,0.22072415242156476,0.5
6,candidate,0.9805873244199023,drug,"D=1,Y=0",13,0.22072415242156476,0.5
6,candidate,0.9512076007221395,drug,"D=1,Y=0",13,0.22072415242156476,0.5
6,candidate,0.9960467872250638,drug,"D=1,Y=0",13,0.22072415242156476,0.5
6,candidate,0.95741593941426,drug,"D=1,Y=0",13,0.22072415242156476,0.5
6,candidate,0.9593853452999254,drug,"D=1,Y=0",13,0.22072415242156476,0.5
6,candidate,0.9733226510309462,drug,"D=1,Y=0",13,0.22072415242156476,0.5
6,candidate,0.9975556754240729,drug,"D=1,Y=0",13,0.22072415242156476,0.5
6,candidate,0.9509456408709065,drug,"D=1,Y=0",13,0.22072415242156476,0.5
6,candidate,0.9925290547367026,drug,"D=1,Y=0",13,0.22072415242156476,0.5
7,selected,0.9903968923834457,drug,"D=1,Y=0",13,0.22072415242156476,0.5833333333333334
7,candidate,0.9421469563938993,drug,"D=1,Y=0",13,0.22072415242156476,0.5833333333333334
7,candidate,0.935812651507265,drug,"D=1,Y=0",13,0.22072415242156476,0.5833333333333334
7,candidate,0.9438335387924583,drug,"D=1,Y=0",13,0.22072415242156476,0.5833333333333334
7,candidate,0.9568248202940515,drug,"D=1,Y=0",13,0.22072415242156476,0.5833333333333334
7,candidate,0.97477292506928,drug,"D=1,Y=0",13,0.22072415242156476,0.5833333333333334
7,candidate,0.933715917081041,drug,"D=1,Y=0",13,0.22072415242156476,0.5833333333333334
7,candidate,0.9801608485477783,drug,"D=1,Y=0",13,0.22072415242156476,0.5833333333333334
7,candidate,0.9980105945127128,drug,"D=1,Y=0",13,0.22072415242156476,0.5833333333333334
7,candidate,0.9364447387599957,drug,"D=1,Y=0",13,0.22072415242156476,0.5833333333333334
7,candidate,0.914682502258486,drug,"D=1,Y=0",13,0.22072415242156476,0.5833333333333334
7,candidate,0.9467289840633687,drug,"D=1,Y=0",13,0.22072415242156476,0.5833333333333334
7,candidate,0.9405489116229883,drug,"D=1,Y=0",13,0.22072415242156476,0.5833333333333334
7,candidate,0.9268206058274584,drug,"D=1,Y=0",13,0.22072415242156476,0.5833333333333334
7,candidate,0.9279053196062355,drug,"D=1,Y=0",13,0.22072415242156476,0.5833333333333334
7,candidate,0.9701182598657948,drug,"D=1,Y=0",13,0.22072415242156476,0.5833333333333334
7,candidate,0.9849870643215671,drug,"D=1,Y=0",13,0.22072415242156476,0.5833333333333334
7,candidate,0.9257288132330634,drug,"D=1,Y=0",13,0.22072415242156476,0.5833333333333334
7,candidate,0.9892880073990034,drug,"D=1,Y=0",13,0.22072415242156476,0.5833333333333334
7,candidate,0.9893788529634749,drug,"D=1,Y=0",13,0.22072415242156476,0.5833333333333334
7,candidate,0.9308973577721643,drug,"D=1,Y=0",13,0.22072415242156476,0.5833333333333334
8,selected,0.9547751434063084,drug,"D=1,Y=0",13,0.22072415242156476,0.6666666666666666
8,candidate,0.9620342109807212,drug,"D=1,Y=0",13,0.22072415242156476,0.6666666666666666
8,candidate,0.930947871691542,drug,"D=1,Y=0",13,0.22072415242156476,0.6666666666666666
8,candidate,0.9281431723509829,drug,"D=1,Y=0",13,0.22072415242156476,0.6666666666666666
8,candidate,0.9577248739450632,drug,"D=1,Y=0",13,0.22072415242156476,0.6666666666666666
8,candidate,0.9424979829424734,drug,"D=1,Y=0",13,0.22072415242156476,0.6666666666666666
8,candidate,0.9702822427101726,drug,"D=1,Y=0",13,0.22072415242156476,0.6666666666666666
8,candidate,0.9434508058226251,drug,"D=1,Y=0",13,0.22072415242156476,0.6666666666666666
8,candidate,0.9347522248178551,drug,"D=1,Y=0",13,0.22072415242156476,0.6666666666666666
8,candidate,0.9296649066474415,drug,"D=1,Y=0",13,0.22072415242156476,0.6666666666666666
8,candidate,0.9542334053178403,drug,"D=1,Y=0",13,0.22072415242156476,0.6666666666666666
8,candidate,0.9713104145568416,drug,"D=1,Y=0",13,0.22072415242156476,0.6666666666666666
8,candidate,0.9239154165144697,drug,"D=1,Y=0",13,0.22072415242156476,0.6666666666666666
8,candidate,0.9498266497771264,drug,"D=1,Y=0",13,0.22072415242156476,0.6666666666666666
8,candidate,0.9391938866775659,drug,"D=1,Y=0",13,0.22072415242156476,0.6666666666666666
8,candidate,0.9445248064125098,drug,"D=1,Y=0",13,0.22072415242156476,0.6666666666666666
8,candidate,0.9594495605258381,drug,"D=1,Y=0",13,0.22072415242156476,0.6666666666666666
8,candidate,0.9898742893726387,drug,"D=1,Y=0",13,0.22072415242156476,0.6666666666666666
8,candidate,0.9266346722329821,drug,"D=1,Y=0",13,0.22072415242156476,0.6666666666666666
8,candidate,0.9921001664580905,drug,"D=1,Y=0",13,0.22072415242156476,0.6666666666666666
8,candidate,0.9342501249891346,drug,"D=1,Y=0",13,0.22072415242156476,0.6666666666666666
9,selected,0.9248544681506611,drug,"D=1,Y=0",13,0.22072415242156476,0.75
9,candidate,0.9382743948896255,drug,"D=1,Y=0",13,0.22072415242156476,0.75
9,candidate,0.9217621370443312,drug,"D=1,Y=0",13,0.22072415242156476,0.75
9,candidate,0.9286465208072886,drug,"D=1,Y=0",13,0.22072415242156476,0.75
9,candidate,0.9407501543412622,drug,"D=1,Y=0",13,0.22072415242156476,0.75
9,candidate,0.9142423795801372,drug,"D=1,Y=0",13,0.22072415242156476,0.75
9,candidate,0.9492654341873298,drug,"D=1,Y=0",13,0.22072415242156476,0.75
9,candidate,0.9457160887020533,drug,"D=1,Y=0",13,0.22072415242156476,0.75
9,candidate,0.9152921519347961,drug,"D=1,Y=0",13,0.22072415242156476,0.75
9,candidate,0.9144805352607736,drug,"D=1,Y=0",13,0.22072415242156476,0.75
9,candidate,0.9710340432107026,drug,"D=1,Y=0",13,0.22072415242156476,0.75
9,candidate,0.9431702716547277,drug,"D=1,Y=0",13,0.22072415242156476,0.75
9,candidate,0.9109379074308603,drug,"D=1,Y=0",13,0.22072415242156476,0.75
9,candidate,0.9465218319765643,drug,"D=1,Y=0",13,0.22072415242156476,0.75
9,candidate,0.988308091605548,drug,"D=1,Y=0",13,0.22072415242156476,0.75
9,candidate,0.8967027927282779,drug,"D=1,Y=0",13,0.22072415242156476,0.75
9,candidate,0.8990600108922892,drug,"D=1,Y=0",13,0.22072415242156476,0.75
9,candidate,0.9640529334943354,drug,"D=1,Y=0",13,0.22072415242156476,0.75
9,candidate,0.8930210455640438,drug,"D=1,Y=0",13,0.22072415242156476,0.75
9,candidate,0.9564649648935002,drug,"D=1,Y=0",13,0.22072415242156476,0.75
9,candidate,0.968978704554409,drug,"D=1,Y=0",13,0.22072415242156476,0.75
10,selected,0.9710362114576151,drug,"D=1,Y=0",13,0.22072415242156476,0.8333333333333334
10,candidate,0.8991562316306604,drug,"D=1,Y=0",13,0.22072415242156476,0.8333333333333334
10,candidate,0.857953120824708,drug,"D=1,Y=0",13,0.22072415242156476,0.8333333333333334
10,candidate,0.9210960941832815,drug,"D=1,Y=0",13,0.22072415242156476,0.8333333333333334
10,candidate,0.8925925402404842,drug,"D=1,Y=0",13,0.22072415242156476,0.8333333333333334
10,candidate,0.8603912640082703,drug,"D=1,Y=0",13,0.22072415242156476,0.8333333333333334
10,candidate,0.9329925570145002,drug,"D=1,Y=0",13,0.22072415242156476,0.8333333333333334
10,candidate,0.9354953964065013,drug,"D=1,Y=0",13,0.22072415242156476,0.8333333333333334
10,candidate,0.9368090832802033,drug,"D=1,Y=0",13,0.22072415242156476,0.8333333333333334
10,candidate,0.8995208498433319,drug,"D=1,Y=0",13,0.22072415242156476,0.8333333333333334
10,candidate,0.8876158931319046,drug,"D=1,Y=0",13,0.22072415242156476,0.8333333333333334
10,candidate,0.8537241979965957,drug,"D=1,Y=0",13,0.22072415242156476,0.8333333333333334
10,candidate,0.9247475681443649,drug,"D=1,Y=0",13,0.22072415242156476,0.8333333333333334
10,candidate,0.8379214618264421,drug,"D=1,Y=0",13,0.22072415242156476,0.8333333333333334
10,candidate,0.9205087622186261,drug,"D=1,Y=0",13,0.22072415242156476,0.8333333333333334
10,candidate,0.9440062747824386,drug,"D=1,Y=0",13,0.22072415242156476,0.8333333333333334
10,candidate,0.8997141070113968,drug,"D=1,Y=0",13,0.22072415242156476,0.8333333333333334
10,candidate,0.8943788386696839,drug,"D=1,Y=0",13,0.22072415242156476,0.8333333333333334
10,candidate,0.8754407775182864,drug,"D=1,Y=0",13,0.22072415242156476,0.8333333333333334
10,candidate,0.9097439635149949,drug,"D=1,Y=0",13,0.22072415242156476,0.8333333333333334
10,candidate,0.924560846768628,drug,"D=1,Y=0",13,0.22072415242156476,0.8333333333333334
11,selected,0.8979025589542852,drug,"D=1,Y=0",13,0.22072415242156476,0.9166666666666666
11,candidate,0.9050865810030277,drug,"D=1,Y=0",13,0.22072415242156476,0.9166666666666666
11,candidate,0.8361597250067164,drug,"D=1,Y=0",13,0.22072415242156476,0.9166666666666666
11,candidate,0.9263855411713765,drug,"D=1,Y=0",13,0.22072415242156476,0.9166666666666666
11,candidate,0.9191747110292547,drug,"D=1,Y=0",13,0.22072415242156476,0.9166666666666666
11,candidate,0.8487036246671448,drug,"D=1,Y=0",13,0.22072415242156476,0.9166666666666666
11,candidate,0.8482430846869756,drug,"D=1,Y=0",13,0.22072415242156476,0.9166666666666666
11,candidate,0.8253510477730077,drug,"D=1,Y=0",13,0.22072415242156476,0.9166666666666666
11,candidate,0.8096086315524741,drug,"D=1,Y=0",13,0.22072415242156476,0.9166666666666666
11,candidate,0.8494671329903405,drug,"D=1,Y=0",13,0.22072415242156476,0.9166666666666666
11,candidate,0.8308262291678822,drug,"D=1,Y=0",13,0.22072415242156476,0.9166666666666666
11,candidate,0.8595203709647069,drug,"D=1,Y=0",13,0.22072415242156476,0.9166666666666666
11,candidate,0.8779356421619312,drug,"D=1,Y=0",13,0.22072415242156476,0.9166666666666666
11,candidate,0.8670382860925234,drug,"D=1,Y=0",13,0.22072415242156476,0.9166666666666666
11,candidate,0.8789623650861544,drug,"D=1,Y=0",13,0.22072415242156476,0.9166666666666666
11,candidate,0.8733867510631063,drug,"D=1,Y=0",13,0.22072415242156476,0.9166666666666666
11,candidate,0.8797239950827258,drug,"D=1,Y=0",13,0.22072415242156476,0.9166666666666666
11,candidate,0.9088295491114841,drug,"D=1,Y=0",13,0.22072415242156476,0.9166666666666666
11,candidate,0.8518787381174354,drug,"D=1,Y=0",13,0.22072415242156476,0.9166666666666666
11,candidate,0.8172324917838536,drug,"D=1,Y=0",13,0.22072415242156476,0.9166666666666666
11,candidate,0.8807159018806423,drug,"D=1,Y=0",13,0.22072415242156476,0.9166666666666666
12,selected,0.8735559126080443,drug,"D=1,Y=0",13,0.22072415242156476,1.0
12,candidate,0.7311071849175956,drug,"D=1,Y=0",13,0.22072415242156476,1.0
12,candidate,0.7952777693953615,drug,"D=1,Y=0",13,0.22072415242156476,1.0
12,candidate,0.6921527924698601,drug,"D=1,Y=0",13,0.22072415242156476,1.0
12,candidate,0.645804699257167,drug,"D=1,Y=0",13,0.22072415242156476,1.0
12,candidate,0.6372282271194419,drug,"D=1,Y=0",13,0.22072415242156476,1.0
12,candidate,0.7577263156026358,drug,"D=1,Y=0",13,0.22072415242156476,1.0
12,candidate,0.7733253931721119,drug,"D=1,Y=0",13,0.22072415242156476,1.0
12,candidate,0.8437740100911872,drug,"D=1,Y=0",13,0.22072415242156476,1.0
12,candidate,0.7585437724226639,drug,"D=1,Y=0",13,0.22072415242156476,1.0
12,candidate,0.7662574266653708,drug,"D=1,Y=0",13,0.22072415242156476,1.0
12,candidate,0.6672158418880568,drug,"D=1,Y=0",13,0.22072415242156476,1.0
12,candidate,0.8124107747772391,drug,"D=1,Y=0",13,0.22072415242156476,1.0
12,candidate,0.8087757771189834,drug,"D=1,Y=0",13,0.22072415242156476,1.0
12,candidate,0.7196707184877397,drug,"D=1,Y=0",13,0.22072415242156476,1.0
12,candidate,0.8024259794640739,drug,"D=1,Y=0",13,0.22072415242156476,1.0
12,candidate,0.8630732205311703,drug,"D=1,Y=0",13,0.22072415242156476,1.0
12,candidate,0.7514015723300398,drug,"D=1,Y=0",13,0.22072415242156476,1.0
12,candidate,0.7921365055363048,drug,"D=1,Y=0",13,0.22072415242156476,1.0
12,candidate,0.8178124548074486,drug,"D=1,Y=0",13,0.22072415242156476,1.0
12,candidate,0.7568557556967332,drug,"D=1,Y=0",13,0.22072415242156476,1.0
0,selected,1.0,german,"D=0,Y=1",14,0.0727719629921439,0.0
0,candidate,1.0000000000000002,german,"D=0,Y=1",14,0.0727719629921439,0.0
0,candidate,1.0,german,"D=0,Y=1",14,0.0727719629921439,0.0
0,candidate,1.0,german,"D=0,Y=1",14,0.0727719629921439,0.0
0,candidate,1.0,german,"D=0,Y=1",14,0.0727719629921439,0.0
0,candidate,1.0,german,"D=0,Y=1",14,0.0727719629921439,0.0
0,candidate,1.0,german,"D=0,Y=1",14,0.0727719629921439,0.0
0,candidate,1.0,german,"D=0,Y=1",14,0.0727719629921439,0.0
0,candidate,1.0000000000000002,german,"D=0,Y=1",14,0.0727719629921439,0.0
0,candidate,1.0,german,"D=0,Y=1",14,0.0727719629921439,0.0
0,candidate,1.0,german,"D=0,Y=1",14,0.0727719629921439,0.0
0,candidate,0.9999999999999998,german,"D=0,Y=1",14,0.0727719629921439,0.0
0,candidate,1.0,german,"D=0,Y=1",14,0.0727719629921439,0.0
0,candidate,1.0,german,"D=0,Y=1",14,0.0727719629921439,0.0
0,candidate,1.0000000000000002,german,"D=0,Y=1",14,0.0727719629921439,0.0
0,candidate,1.0,german,"D=0,Y=1",14,0.0727719629921439,0.0
0,candidate,1.0,german,"D=0,Y=1",14,0.0727719629921439,0.0
0,candidate,0.9999999999999999,german,"D=0,Y=1",14,0.0727719629921439,0.0
0,candidate,1.0,german,"D=0,Y=1",14,0.0727719629921439,0.0
0,candidate,1.0,german,"D=0,Y=1",14,0.0727719629921439,0.0
0,candidate,1.0000000000000002,german,"D=0,Y=1",14,0.0727719629921439,0.0
1,selected,0.9938617481868265,german,"D=0,Y=1",14,0.0727719629921439,0.07692307692307693
1,candidate,0.9892272856095232,german,"D=0,Y=1",14,0.0727719629921439,0.07692307692307693
1,candidate,1.0000000000000002,german,"D=0,Y=1",14,0.0727719629921439,0.07692307692307693
1,candidate,1.0,german,"D=0,Y=1",14,0.0727719629921439,0.07692307692307693
1,candidate,1.0,german,"D=0,Y=1",14,0.0727719629921439,0.07692307692307693
1,candidate,1.0,german,"D=0,Y=1",14,0.0727719629921439,0.07692307692307693
1,candidate,0.9473830802027757,german,"D=0,Y=1",14,0.0727719629921439,0.07692307692307693
1,candidate,1.0,german,"D=0,Y=1",14,0.0727719629921439,0.07692307692307693
1,candidate,1.0000000000000002,german,"D=0,Y=1",14,0.0727719629921439,0.07692307692307693
1,candidate,1.0,german,"D=0,Y=1",14,0.0727719629921439,0.07692307692307693
1,candidate,0.9999999999999999,german,"D=0,Y=1",14,0.0727719629921439,0.07692307692307693
1,candidate,0.9801303557880471,german,"D=0,Y=1",14,0.0727719629921439,0.07692307692307693
1,candidate,0.9961948171080921,german,"D=0,Y=1",14,0.0727719629921439,0.07692307692307693
1,candidate,0.9923026061692811,german,"D=0,Y=1",14,0.0727719629921439,0.07692307692307693
1,candidate,1.0,german,"D=0,Y=1",14,0.0727719629921439,0.07692307692307693
1,candidate,1.0,german,"D=0,Y=1",14,0.0727719629921439,0.07692307692307693
1,candidate,0.9222812643478159,german,"D=0,Y=1",14,0.0727719629921439,0.07692307692307693
1,candidate,1.0,german,"D=0,Y=1",14,0.0727719629921439,0.07692307692307693
1,candidate,0.9932305721798965,german,"D=0,Y=1",14,0.0727719629921439,0.07692307692307693
1,candidate,0.9999999999999999,german,"D=0,Y=1",14,0.0727719629921439,0.07692307692307693
1,candidate,1.0000000000000004,german,"D=0,Y=1",14,0.0727719629921439,0.07692307692307693
2,selected,0.9983850944748301,german,"D=0,Y=1",14,0.0727719629921439,0.15384615384615385
2,candidate,0.9999999999999998,german,"D=0,Y=1",14,0.0727719629921439,0.15384615384615385
2,candidate,1.0,german,"D=0,Y=1",14,0.0727719629921439,0.15384615384615385
2,candidate,0.994851624137608,german,"D=0,Y=1",14,0.0727719629921439,0.15384615384615385
2,candidate,0.992966004752279,german,"D=0,Y=1",14,0.0727719629921439,0.15384615384615385
2,candidate,1.0000000000000002,german,"D=0,Y=1",14,0.0727719629921439,0.15384615384615385
2,candidate,0.9863798791206176,german,"D=0,Y=1",14,0.0727719629921439,0.15384615384615385
2,candidate,1.0000000000000002,german,"D=0,Y=1",14,0.0727719629921439,0.15384615384615385
2,candidate,0.9891132892170307,german,"D=0,Y=1",14,0.0727719629921439,0.15384615384615385
2,candidate,1.0,german,"D=0,Y=1",14,0.0727719629921439,0.15384615384615385
2,candidate,0.999399977369911,german,"D=0,Y=1",14,0.0727719629921439,0.15384615384615385
2,candidate,0.9965520816198551,german,"D=0,Y=1",14,0.0727719629921439,0.15384615384615385
2,candidate,0.993065220487336,german,"D=0,Y=1",14,0.0727719629921439,0.15384615384615385
2,candidate,1.0000000000000004,german,"D=0,Y=1",14,0.0727719629921439,0.15384615384615385
2,candidate,1.0000000000000002,german,"D=0,Y=1",14,0.0727719629921439,0.15384615384615385
2,candidate,1.0,german,"D=0,Y=1",14,0.0727719629921439,0.15384615384615385
2,candidate,0.9775059034881579,german,"D=0,Y=1",14,0.0727719629921439,0.15384615384615385
2,candidate,1.0000000000000002,german,"D=0,Y=1",14,0.0727719629921439,0.15384615384615385
2,candidate,1.0,german,"D=0,Y=1",14,0.0727719629921439,0.15384615384615385
2,candidate,0.9889452174864891,german,"D=0,Y=1",14,0.0727719629921439,0.15384615384615385
2,candidate,0.9837913776262756,german,"D=0,Y=1",14,0.0727719629921439,0.15384615384615385
3,selected,0.9904164029163229,german,"D=0,Y=1",14,0.0727719629921439,0.23076923076923078
3,candidate,0.9924515651756939,german,"D=0,Y=1",14,0.0727719629921439,0.23076923076923078
3,candidate,0.9936715431849615,german,"D=0,Y=1",14,0.0727719629921439,0.23076923076923078
3,candidate,0.9968409907110922,german,"D=0,Y=1",14,0.0727719629921439,0.23076923076923078
3,candidate,0.9368974808081443,german,"D=0,Y=1",14,0.0727719629921439,0.23076923076923078
3,candidate,0.9953889192680947,german,"D=0,Y=1",14,0.0727719629921439,0.23076923076923078
3,candidate,0.9864851946783203,german,"D=0,Y=1",14,0.0727719629921439,0.23076923076923078
3,candidate,0.9991602926379124,german,"D=0,Y=1",14,0.0727719629921439,0.23076923076923078
3,candidate,0.9314224430681413,german,"D=0,Y=1",14,0.0727719629921439,0.23076923076923078
3,candidate,0.9731157082921246,german,"D=0,Y=1",14,0.0727719629921439,0.23076923076923078
3,candidate,0.9993252562424413,german,"D=0,Y=1",14,0.0727719629921439,0.23076923076923078
3,candidate,1.0000000000000004,german,"D=0,Y=1",14,0.0727719629921439,0.23076923076923078
3,candidate,1.0000000000000002,german,"D=0,Y=1",14,0.0727719629921439,0.23076923076923078
3,candidate,0.9860807474908846,german,"D=0,Y=1",14,0.0727719629921439,0.23076923076923078
3,candidate,0.9966002886452375,german,"D=0,Y=1",14,0.0727719629921439,0.23076923076923078
3,candidate,0.9905999850631495,german,"D=0,Y=1",14,0.0727719629921439,0.23076923076923078
3,candidate,0.9839032948048271,german,"D=0,Y=1",14,0.0727719629921439,0.23076923076923078
3,candidate,1.0,german,"D=0,Y=1",14,0.0727719629921439,0.23076923076923078
3,candidate,0.9285932176523498,german,"D=0,Y=1",14,0.0727719629921439,0.23076923076923078
3,candidate,0.9986897473365106,german,"D=0,Y=1",14,0.0727719629921439,0.23076923076923078
3,candidate,0.9759885741972377,german,"D=0,Y=1",14,0.0727719629921439,0.23076923076923078
4,selected,0.974016837775165,german,"D=0,Y=1",14,0.0727719629921439,0.3076923076923077
4,candidate,0.9999999999999992,german,"D=0,Y=1",14,0.0727719629921439,0.3076923076923077
4,candidate,0.9915132579362628,german,"D=0,Y=1",14,0.0727719629921439,0.3076923076923077
4,candidate,0.9999999999999996,german,"D=0,Y=1",14,0.0727719629921439,0.3076923076923077
4,candidate,0.9881024639891407,german,"D=0,Y=1",14,0.0727719629921439,0.3076923076923077
4,candidate,0.9365946210558596,german,"D=0,Y=1",14,0.0727719629921439,0.3076923076923077
4,candidate,0.982165242948958,german,"D=0,Y=1",14,0.0727719629921439,0.3076923076923077
4,candidate,0.9942186965962447,german,"D=0,Y=1",14,0.0727719629921439,0.3076923076923077
4,candidate,0.9695932021902991,german,"D=0,Y=1",14,0.0727719629921439,0.3076923076923077
4,candidate,0.9822424239085902,german,"D=0,Y=1",14,0.0727719629921439,0.3076923076923077
4,candidate,0.9598109005199081,german,"D=0,Y=1",14,0.0727719629921439,0.3076923076923077
4,candidate,0.9459249770075856,german,"D=0,Y=1",14,0.0727719629921439,0.3076923076923077
4,candidate,0.9985788987143308,german,"D=0,Y=1",14,0.0727719629921439,0.3076923076923077
4,candidate,0.9990105654577932,german,"D=0,Y=1",14,0.0727719629921439,0.3076923076923077
4,candidate,0.9848347499146648,german,"D=0,Y=1",14,0.0727719629921439,0.3076923076923077
4,candidate,0.9387790064840905,german,"D=0,Y=1",14,0.0727719629921439,0.3076923076923077
4,candidate,0.9925504913560736,german,"D=0,Y=1",14,0.0727719629921439,0.3076923076923077
4,candidate,0.943669213873932,german,"D=0,Y=1",14,0.0727719629921439,0.3076923076923077
4,candidate,0.9805247665244469,german,"D=0,Y=1",14,0.0727719629921439,0.3076923076923077
4,candidate,0.9648452409432559,german,"D=0,Y=1",14,0.0727719629921439,0.3076923076923077
4,candidate,0.9141384568158596,german,"D=0,Y=1",14,0.0727719629921439,0.3076923076923077
5,selected,0.9960047578796352,german,"D=0,Y=1",14,0.0727719629921439,0.38461538461538464
5,candidate,0.9816421595790368,german,"D=0,Y=1",14,0.0727719629921439,0.38461538461538464
5,candidate,0.9828452341922354,german,"D=0,Y=1",14,0.0727719629921439,0.38461538461538464
5,candidate,0.9804973915431456,german,"D=0,Y=1",14,0.0727719629921439,0.38461538461538464
5,candidate,0.9896747525798444,german,"D=0,Y=1",14,0.0727719629921439,0.38461538461538464
5,candidate,0.9238303170054089,german,"D=0,Y=1",14,0.0727719629921439,0.38461538461538464
5,candidate,1.0,german,"D=0,Y=1",14,0.0727719629921439,0.38461538461538464
5,candidate,0.9810195874639127,german,"D=0,Y=1",14,0.0727719629921439,0.38461538461538464
5,candidate,0.9325809747656516,german,"D=0,Y=1",14,0.0727719629921439,0.38461538461538464
5,candidate,0.9764173287778781,german,"D=0,Y=1",14,0.0727719629921439,0.38461538461538464
5,candidate,0.9464231646507401,german,"D=0,Y=1",14,0.0727719629921439,0.38461538461538464
5,candidate,0.9191391132984158,german,"D=0,Y=1",14,0.0727719629921439,0.38461538461538464
5,candidate,0.9752402363483028,german,"D=0,Y=1",14,0.0727719629921439,0.38461538461538464
5,candidate,0.9906603258644204,german,"D=0,Y=1",14,0.0727719629921439,0.38461538461538464
5,candidate,0.9999999999999996,german,"D=0,Y=1",14,0.0727719629921439,0.38461538461538464
5,candidate,0.9709586997725413,german,"D=0,Y=1",14,0.0727719629921439,0.38461538461538464
5,candidate,0.9796525095536586,german,"D=0,Y=1",14,0.0727719629921439,0.38461538461538464
5,candidate,0.9515460579915578,german,"D=0,Y=1",14,0.0727719629921439,0.38461538461538464
5,candidate,1.0000000000000002,german,"D=0,Y=1",14,0.0727719629921439,0.38461538461538464
5,candidate,0.9893686437227266,german,"D=0,Y=1",14,0.0727719629921439,0.38461538461538464
5,candidate,0.9782685282367666,german,"D=0,Y=1",14,0.0727719629921439,0.38461538461538464
6,selected,0.9915132579362628,german,"D=0,Y=1",14,0.0727719629921439,0.46153846153846156
6,candidate,0.9490224611586043,german,"D=0,Y=1",14,0.0727719629921439,0.46153846153846156
6,candidate,0.9816421595790378,german,"D=0,Y=1",14,0.0727719629921439,0.46153846153846156
6,candidate,0.9069069684534264,german,"D=0,Y=1",14,0.0727719629921439,0.46153846153846156
6,candidate,0.9980958048354068,german,"D=0,Y=1",14,0.0727719629921439,0.46153846153846156
6,candidate,0.9165105618919749,german,"D=0,Y=1",14,0.0727719629921439,0.46153846153846156
6,candidate,0.9771916961803025,german,"D=0,Y=1",14,0.0727719629921439,0.46153846153846156
6,candidate,1.000000000000001,german,"D=0,Y=1",14,0.0727719629921439,0.46153846153846156
6,candidate,0.9519501518404394,german,"D=0,Y=1",14,0.0727719629921439,0.46153846153846156
6,candidate,0.9847109199665421,german,"D=0,Y=1",14,0.0727719629921439,0.46153846153846156
6,candidate,1.0000000000000013,german,"D=0,Y=1",14,0.0727719629921439,0.46153846153846156
6,candidate,0.9867424083234038,german,"D=0,Y=1",14,0.0727719629921439,0.46153846153846156
6,candidate,0.9852019743849071,german,"D=0,Y=1",14,0.0727719629921439,0.46153846153846156
6,candidate,0.9508862778712227,german,"D=0,Y=1",14,0.0727719629921439,0.46153846153846156
6,candidate,0.9722423684370706,german,"D=0,Y=1",14,0.0727719629921439,0.46153846153846156
6,candidate,0.9255161570049429,german,"D=0,Y=1",14,0.0727719629921439,0.46153846153846156
6,candidate,0.9242615887631042,german,"D=0,Y=1",14,0.0727719629921439,0.46153846153846156
6,candidate,0.9237769151922478,german,"D=0,Y=1",14,0.0727719629921439,0.46153846153846156
6,candidate,0.8942666478163399,german,"D=0,Y=1",14,0.0727719629921439,0.46153846153846156
6,candidate,0.9650127096123855,german,"D=0,Y=1",14,0.0727719629921439,0.46153846153846156
6,candidate,0.9581043552155203,german,"D=0,Y=1",14,0.0727719629921439,0.46153846153846156
7,selected,0.9866237548650019,german,"D=0,Y=1",14,0.0727719629921439,0.5384615384615384
7,candidate,0.9308085324246834,german,"D=0,Y=1",14,0.0727719629921439,0.5384615384615384
7,candidate,0.8950300833693219,german,"D=0,Y=1",14,0.0727719629921439,0.5384615384615384
7,candidate,0.9220452627512211,german,"D=0,Y=1",14,0.0727719629921439,0.5384615384615384
7,candidate,0.9758331555228511,german,"D=0,Y=1",14,0.0727719629921439,0.5384615384615384
7,candidate,0.871507813033076,german,"D=0,Y=1",14,0.0727719629921439,0.5384615384615384
7,candidate,0.984093221565678,german,"D=0,Y=1",14,0.0727719629921439,0.5384615384615384
7,candidate,0.9473609075260802,german,"D=0,Y=1",14,0.0727719629921439,0.5384615384615384
7,candidate,0.9285304733835364,german,"D=0,Y=1",14,0.0727719629921439,0.5384615384615384
7,candidate,0.984706127002083,german,"D=0,Y=1",14,0.0727719629921439,0.5384615384615384
7,candidate,0.9667411972942488,german,"D=0,Y=1",14,0.0727719629921439,0.5384615384615384
7,candidate,0.8535602024589574,german,"D=0,Y=1",14,0.0727719629921439,0.5384615384615384
7,candidate,0.9280847890301392,german,"D=0,Y=1",14,0.0727719629921439,0.5384615384615384
7,candidate,0.9926446092819718,german,"D=0,Y=1",14,0.0727719629921439,0.5384615384615384
7,candidate,0.9169448110546522,german,"D=0,Y=1",14,0.0727719629921439,0.5384615384615384
7,candidate,0.9877670779384218,german,"D=0,Y=1",14,0.0727719629921439,0.5384615384615384
7,candidate,0.9356821278319034,german,"D=0,Y=1",14,0.0727719629921439,0.5384615384615384
7,candidate,0.9425324304673216,german,"D=0,Y=1",14,0.0727719629921439,0.5384615384615384
7,candidate,0.982501830552553,german,"D=0,Y=1",14,0.0727719629921439,0.5384615384615384
7,candidate,0.9058102593680263,german,"D=0,Y=1",14,0.0727719629921439,0.5384615384615384
7,candidate,0.9285954169355671,german,"D=0,Y=1",14,0.0727719629921439,0.5384615384615384
8,selected,0.9992272833803448,german,"D=0,Y=1",14,0.0727719629921439,0.6153846153846154
8,candidate,0.9252061458483817,german,"D=0,Y=1",14,0.0727719629921439,0.6153846153846154
8,candidate,0.8329717104000985,german,"D=0,Y=1",14,0.0727719629921439,0.6153846153846154
8,candidate,0.9441606725048663,german,"D=0,Y=1",14,0.0727719629921439,0.6153846153846154
8,candidate,0.9842174825286402,german,"D=0,Y=1",14,0.0727719629921439,0.6153846153846154
8,candidate,0.9206114822957863,german,"D=0,Y=1",14,0.0727719629921439,0.6153846153846154
8,candidate,0.8659623829920697,german,"D=0,Y=1",14,0.0727719629921439,0.6153846153846154
8,candidate,0.9433892657201906,german,"D=0,Y=1",14,0.0727719629921439,0.6153846153846154
8,candidate,0.95540854881448,german,"D=0,Y=1",14,0.0727719629921439,0.6153846153846154
8,candidate,0.975781425913157,german,"D=0,Y=1",14,0.0727719629921439,0.6153846153846154
8,candidate,0.9832892295192698,german,"D=0,Y=1",14,0.0727719629921439,0.6153846153846154
8,candidate,0.9779477289842577,german,"D=0,Y=1",14,0.0727719629921439,0.6153846153846154
8,candidate,0.8900030069539177,german,"D=0,Y=1",14,0.0727719629921439,0.6153846153846154
8,candidate,0.8842418048830153,german,"D=0,Y=1",14,0.0727719629921439,0.6153846153846154
8,candidate,0.9470422254551609,german,"D=0,Y=1",14,0.0727719629921439,0.6153846153846154
8,candidate,0.9570077797133768,german,"D=0,Y=1",14,0.0727719629921439,0.6153846153846154
8,candidate,0.8850704121036036,german,"D=0,Y=1",14,0.0727719629921439,0.6153846153846154
8,candidate,0.9294607059508823,german,"D=0,Y=1",14,0.0727719629921439,0.6153846153846154
8,candidate,0.9729420156952899,german,"D=0,Y=1",14,0.0727719629921439,0.6153846153846154
8,candidate,0.9568098391737884,german,"D=0,Y=1",14,0.0727719629921439,0.6153846153846154
8,candidate,0.8416023398262914,german,"D=0,Y=1",14,0.0727719629921439,0.6153846153846154
9,selected,0.919900291691005,german,"D=0,Y=1",14,0.0727719629921439,0.6923076923076923
9,candidate,0.9213172364495481,german,"D=0,Y=1",14,0.0727719629921439,0.6923076923076923
9,candidate,0.9292873137208849,german,"D=0,Y=1",14,0.0727719629921439,0.6923076923076923
9,candidate,0.9665850985790937,german,"D=0,Y=1",14,0.0727719629921439,0.6923076923076923
9,candidate,0.9478362175754041,german,"D=0,Y=1",14,0.0727719629921439,0.6923076923076923
9,candidate,0.9182248461915222,german,"D=0,Y=1",14,0.0727719629921439,0.6923076923076923
9,candidate,0.8912090936407568,german,"D=0,Y=1",14,0.0727719629921439,0.6923076923076923
9,candidate,0.8559443689903178,german,"D=0,Y=1",14,0.0727719629921439,0.6923076923076923
9,candidate,0.8854044170373231,german,"D=0,Y=1",14,0.0727719629921439,0.6923076923076923
9,candidate,0.8588485408243441,german,"D=0,Y=1",14,0.0727719629921439,0.6923076923076923
9,candidate,0.9263672665900248,german,"D=0,Y=1",14,0.0727719629921439,0.6923076923076923
9,candidate,0.9113763688915467,german,"D=0,Y=1",14,0.0727719629921439,0.6923076923076923
9,candidate,0.924903406009654,german,"D=0,Y=1",14,0.0727719629921439,0.6923076923076923
9,candidate,0.9032142153836178,german,"D=0,Y=1",14,0.0727719629921439,0.6923076923076923
9,candidate,0.8841026842560282,german,"D=0,Y=1",14,0.0727719629921439,0.6923076923076923
9,candidate,0.9351105803541226,german,"D=0,Y=1",14,0.0727719629921439,0.6923076923076923
9,candidate,0.894230152202528,german,"D=0,Y=1",14,0.0727719629921439,0.6923076923076923
9,candidate,0.9061850198221648,german,"D=0,Y=1",14,0.0727719629921439,0.6923076923076923
9,candidate,0.9392418916251639,german,"D=0,Y=1",14,0.0727719629921439,0.6923076923076923
9,candidate,0.8704174731778813,german,"D=0,Y=1",14,0.0727719629921439,0.6923076923076923
9,candidate,0.8807826254162775,german,"D=0,Y=1",14,0.0727719629921439,0.6923076923076923
10,selected,0.9199371488245615,german,"D=0,Y=1",14,0.0727719629921439,0.7692307692307693
10,candidate,0.8975156179486442,german,"D=0,Y=1",14,0.0727719629921439,0.7692307692307693
10,candidate,0.9113245765493293,german,"D=0,Y=1",14,0.0727719629921439,0.7692307692307693
10,candidate,0.8367898381165997,german,"D=0,Y=1",14,0.0727719629921439,0.7692307692307693
10,candidate,0.9462212354012941,german,"D=0,Y=1",14,0.0727719629921439,0.7692307692307693
10,candidate,0.7724442134645585,german,"D=0,Y=1",14,0.0727719629921439,0.7692307692307693
10,candidate,0.8571131855600258,german,"D=0,Y=1",14,0.0727719629921439,0.7692307692307693
10,candidate,0.8636074929936176,german,"D=0,Y=1",14,0.0727719629921439,0.7692307692307693
10,candidate,0.9590744242148312,german,"D=0,Y=1",14,0.0727719629921439,0.7692307692307693
10,candidate,0.8291430418635658,german,"D=0,Y=1",14,0.0727719629921439,0.7692307692307693
10,candidate,0.9644620998138617,german,"D=0,Y=1",14,0.0727719629921439,0.7692307692307693
10,candidate,0.9373789581571137,german,"D=0,Y=1",14,0.0727719629921439,0.7692307692307693
10,candidate,0.9500879587980652,german,"D=0,Y=1",14,0.0727719629921439,0.7692307692307693
10,candidate,0.8972844856522897,german,"D=0,Y=1",14,0.0727719629921439,0.7692307692307693
10,candidate,0.8745474689018751,german,"D=0,Y=1",14,0.0727719629921439,0.7692307692307693
10,candidate,0.934125303051724,german,"D=0,Y=1",14,0.0727719629921439,0.7692307692307693
10,candidate,0.9160848540776325,german,"D=0,Y=1",14,0.0727719629921439,0.7692307692307693
10,candidate,0.9116422026550636,german,"D=0,Y=1",14,0.0727719629921439,0.7692307692307693
10,candidate,0.94464264873372,german,"D=0,Y=1",14,0.0727719629921439,0.7692307692307693
10,candidate,0.8888183483563546,german,"D=0,Y=1",14,0.0727719629921439,0.7692307692307693
10,candidate,0.9121093974803864,german,"D=0,Y=1",14,0.0727719629921439,0.7692307692307693
11,selected,0.9314204932845588,german,"D=0,Y=1",14,0.0727719629921439,0.8461538461538461
11,candidate,0.8887960571210743,german,"D=0,Y=1",14,0.0727719629921439,0.8461538461538461
11,candidate,0.8466111924159033,german,"D=0,Y=1",14,0.0727719629921439,0.8461538461538461
11,candidate,0.9040088939228821,german,"D=0,Y=1",14,0.0727719629921439,0.8461538461538461
11,candidate,0.9019353843686685,german,"D=0,Y=1",14,0.0727719629921439,0.8461538461538461
11,candidate,0.9250385613309178,german,"D=0,Y=1",14,0.0727719629921439,0.8461538461538461
11,candidate,0.9100065664178565,german,"D=0,Y=1",14,0.0727719629921439,0.8461538461538461
11,candidate,0.8780439291080298,german,"D=0,Y=1",14,0.0727719629921439,0.8461538461538461
11,candidate,0.8710207263665668,german,"D=0,Y=1",14,0.0727719629921439,0.8461538461538461
11,candidate,0.9936467292322481,german,"D=0,Y=1",14,0.0727719629921439,0.8461538461538461
11,candidate,0.9463068817588053,german,"D=0,Y=1",14,0.0727719629921439,0.8461538461538461
11,candidate,0.88680113955379,german,"D=0,Y=1",14,0.0727719629921439,0.8461538461538461
11,candidate,0.8779299254983647,german,"D=0,Y=1",14,0.0727719629921439,0.8461538461538461
11,candidate,0.8741557414913009,german,"D=0,Y=1",14,0.0727719629921439,0.8461538461538461
11,candidate,0.8784774710000618,german,"D=0,Y=1",14,0.0727719629921439,0.8461538461538461
11,candidate,0.9363935298344007,german,"D=0,Y=1",14,0.0727719629921439,0.8461538461538461
11,candidate,0.766158487451036,german,"D=0,Y=1",14,0.0727719629921439,0.8461538461538461
11,candidate,0.8163428788003606,german,"D=0,Y=1",14,0.0727719629921439,0.8461538461538461
11,candidate,0.9271713008595435,german,"D=0,Y=1",14,0.0727719629921439,0.8461538461538461
11,candidate,0.833701934216744,german,"D=0,Y=1",14,0.0727719629921439,0.8461538461538461
11,candidate,0.9668122630395407,german,"D=0,Y=1",14,0.0727719629921439,0.8461538461538461
12,selected,0.8723146003019657,german,"D=0,Y=1",14,0.0727719629921439,0.9230769230769231
12,candidate,0.9534084553394362,german,"D=0,Y=1",14,0.0727719629921439,0.9230769230769231
12,candidate,0.8490180892545074,german,"D=0,Y=1",14,0.0727719629921439,0.9230769230769231
12,candidate,0.8273233303443263,german,"D=0,Y=1",14,0.0727719629921439,0.9230769230769231
12,candidate,0.8175829511100512,german,"D=0,Y=1",14,0.0727719629921439,0.9230769230769231
12,candidate,0.8774885155042901,german,"D=0,Y=1",14,0.0727719629921439,0.9230769230769231
12,candidate,0.9202776787235786,german,"D=0,Y=1",14,0.0727719629921439,0.9230769230769231
12,candidate,0.7755595850003706,german,"D=0,Y=1",14,0.0727719629921439,0.9230769230769231
12,candidate,0.9219026628730613,german,"D=0,Y=1",14,0.0727719629921439,0.9230769230769231
12,candidate,0.8312858461592648,german,"D=0,Y=1",14,0.0727719629921439,0.9230769230769231
12,candidate,0.8376942250822009,german,"D=0,Y=1",14,0.0727719629921439,0.9230769230769231
12,candidate,0.8425508411813087,german,"D=0,Y=1",14,0.0727719629921439,0.9230769230769231
12,candidate,0.8169731506892338,german,"D=0,Y=1",14,0.0727719629921439,0.9230769230769231
12,candidate,0.8390131616129418,german,"D=0,Y=1",14,0.0727719629921439,0.9230769230769231
12,candidate,0.8042429382480105,german,"D=0,Y=1",14,0.0727719629921439,0.9230769230769231
12,candidate,0.7982010329357075,german,"D=0,Y=1",14,0.0727719629921439,0.9230769230769231
12,candidate,0.8264367873349535,german,"D=0,Y=1",14,0.0727719629921439,0.9230769230769231
12,candidate,0.8742316858817489,german,"D=0,Y=1",14,0.0727719629921439,0.9230769230769231
12,candidate,0.7017235571563922,german,"D=0,Y=1",14,0.0727719629921439,0.9230769230769231
12,candidate,0.8608437408106667,german,"D=0,Y=1",14,0.0727719629921439,0.9230769230769231
12,candidate,0.8051343642075112,german,"D=0,Y=1",14,0.0727719629921439,0.9230769230769231
13,selected,0.7722338739460259,german,"D=0,Y=1",14,0.0727719629921439,1.0
13,candidate,0.5435688359680828,german,"D=0,Y=1",14,0.0727719629921439,1.0
13,candidate,0.7597176676628516,german,"D=0,Y=1",14,0.0727719629921439,1.0
13,candidate,0.8546361027022239,german,"D=0,Y=1",14,0.0727719629921439,1.0
13,candidate,0.6478473363023094,german,"D=0,Y=1",14,0.0727719629921439,1.0
13,candidate,0.7276621639375697,german,"D=0,Y=1",14,0.0727719629921439,1.0
13,candidate,0.6706538538012213,german,"D=0,Y=1",14,0.0727719629921439,1.0
13,candidate,0.6618481077605939,german,"D=0,Y=1",14,0.0727719629921439,1.0
13,candidate,0.8461571344350376,german,"D=0,Y=1",14,0.0727719629921439,1.0
13,candidate,0.66131719929371,german,"D=0,Y=1",14,0.0727719629921439,1.0
13,candidate,0.6934934382539805,german,"D=0,Y=1",14,0.0727719629921439,1.0
13,candidate,0.7477068516584642,german,"D=0,Y=1",14,0.0727719629921439,1.0
13,candidate,0.703047605402703,german,"D=0,Y=1",14,0.0727719629921439,1.0
13,candidate,0.7433766449185971,german,"D=0,Y=1",14,0.0727719629921439,1.0
13,candidate,0.6485045105868517,german,"D=0,Y=1",14,0.0727719629921439,1.0
13,candidate,0.7128389363893838,german,"D=0,Y=1",14,0.0727719629921439,1.0
13,candidate,0.8362136519084542,german,"D=0,Y=1",14,0.0727719629921439,1.0
13,candidate,0.7688724019513543,german,"D=0,Y=1",14,0.0727719629921439,1.0
13,candidate,0.7855716496154103,german,"D=0,Y=1",14,0.0727719629921439,1.0
13,candidate,0.7507600556644062,german,"D=0,Y=1",14,0.0727719629921439,1.0
13,candidate,0.6443436226593793,german,"D=0,Y=1",14,0.0727719629921439,1.0
0,selected,1.0,german,"D=0,Y=0",6,0.2552923501750309,0.0
0,candidate,1.0,german,"D=0,Y=0",6,0.2552923501750309,0.0
0,candidate,1.0000000000000002,german,"D=0,Y=0",6,0.2552923501750309,0.0
0,candidate,1.0000000000000002,german,"D=0,Y=0",6,0.2552923501750309,0.0
0,candidate,1.0000000000000002,german,"D=0,Y=0",6,0.2552923501750309,0.0
0,candidate,1.0000000000000002,german,"D=0,Y=0",6,0.2552923501750309,0.0
0,candidate,1.0000000000000002,german,"D=0,Y=0",6,0.2552923501750309,0.0
0,candidate,1.0000000000000002,german,"D=0,Y=0",6,0.2552923501750309,0.0
0,candidate,1.0,german,"D=0,Y=0",6,0.2552923501750309,0.0
0,candidate,1.0,german,"D=0,Y=0",6,0.2552923501750309,0.0
0,candidate,1.0000000000000002,german,"D=0,Y=0",6,0.2552923501750309,0.0
0,candidate,1.0,german,"D=0,Y=0",6,0.2552923501750309,0.0
0,candidate,1.0000000000000002,german,"D=0,Y=0",6,0.2552923501750309,0.0
0,candidate,1.0000000000000002,german,"D=0,Y=0",6,0.2552923501750309,0.0
0,candidate,1.0,german,"D=0,Y=0",6,0.2552923501750309,0.0
0,candidate,1.0000000000000002,german,"D=0,Y=0",6,0.2552923501750309,0.0
0,candidate,1.0000000000000002,german,"D=0,Y=0",6,0.2552923501750309,0.0
0,candidate,1.0000000000000002,german,"D=0,Y=0",6,0.2552923501750309,0.0
0,candidate,1.0000000000000002,german,"D=0,Y=0",6,0.2552923501750309,0.0
0,candidate,1.0000000000000002,german,"D=0,Y=0",6,0.2552923501750309,0.0
0,candidate,1.0000000000000002,german,"D=0,Y=0",6,0.2552923501750309,0.0
1,selected,0.9976848677264927,german,"D=0,Y=0",6,0.2552923501750309,0.2
1,candidate,0.9917366661607295,german,"D=0,Y=0",6,0.2552923501750309,0.2
1,candidate,0.9705365664202326,german,"D=0,Y=0",6,0.2552923501750309,0.2
1,candidate,1.0000000000000004,german,"D=0,Y=0",6,0.2552923501750309,0.2
1,candidate,0.9779006552707711,german,"D=0,Y=0",6,0.2552923501750309,0.2
1,candidate,1.0000000000000004,german,"D=0,Y=0",6,0.2552923501750309,0.2
1,candidate,0.9801753948318555,german,"D=0,Y=0",6,0.2552923501750309,0.2
1,candidate,0.9863150132949193,german,"D=0,Y=0",6,0.2552923501750309,0.2
1,candidate,0.9602765708037779,german,"D=0,Y=0",6,0.2552923501750309,0.2
1,candidate,0.9934772739651707,german,"D=0,Y=0",6,0.2552923501750309,0.2
1,candidate,0.9925882701385885,german,"D=0,Y=0",6,0.2552923501750309,0.2
1,candidate,0.9356755121332171,german,"D=0,Y=0",6,0.2552923501750309,0.2
1,candidate,0.9917213249581643,german,"D=0,Y=0",6,0.2552923501750309,0.2
1,candidate,0.9898748075309348,german,"D=0,Y=0",6,0.2552923501750309,0.2
1,candidate,0.9960239663765024,german,"D=0,Y=0",6,0.2552923501750309,0.2
1,candidate,0.9862004174576515,german,"D=0,Y=0",6,0.2552923501750309,0.2
1,candidate,0.9840938074960465,german,"D=0,Y=0",6,0.2552923501750309,0.2
1,candidate,0.9503956542337086,german,"D=0,Y=0",6,0.2552923501750309,0.2
1,candidate,0.999871247244282,german,"D=0,Y=0",6,0.2552923501750309,0.2
1,candidate,0.9899775638911174,german,"D=0,Y=0",6,0.2552923501750309,0.2
1,candidate,1.0000000000000002,german,"D=0,Y=0",6,0.2552923501750309,0.2
2,selected,0.9947557282372347,german,"D=0,Y=0",6,0.2552923501750309,0.4
2,candidate,0.9346641407046202,german,"D=0,Y=0",6,0.2552923501750309,0.4
2,candidate,1.0000000000000002,german,"D=0,Y=0",6,0.2552923501750309,0.4
2,candidate,0.9967786860974283,german,"D=0,Y=0",6,0.2552923501750309,0.4
2,candidate,0.9957382644096724,german,"D=0,Y=0",6,0.2552923501750309,0.4
2,candidate,0.9553458986173037,german,"D=0,Y=0",6,0.2552923501750309,0.4
2,candidate,0.9967946736502523,german,"D=0,Y=0",6,0.2552923501750309,0.4
2,candidate,0.9282076625882949,german,"D=0,Y=0",6,0.2552923501750309,0.4
2,candidate,0.9820872404345785,german,"D=0,Y=0",6,0.2552923501750309,0.4
2,candidate,0.9881185931495381,german,"D=0,Y=0",6,0.2552923501750309,0.4
2,candidate,0.9239480965850247,german,"D=0,Y=0",6,0.2552923501750309,0.4
2,candidate,0.988111309972437,german,"D=0,Y=0",6,0.2552923501750309,0.4
2,candidate,0.953101569397233,german,"D=0,Y=0",6,0.2552923501750309,0.4
2,candidate,0.9715067092706218,german,"D=0,Y=0",6,0.2552923501750309,0.4
2,candidate,0.9254274438312666,german,"D=0,Y=0",6,0.2552923501750309,0.4
2,candidate,0.9774375131155977,german,"D=0,Y=0",6,0.2552923501750309,0.4
2,candidate,0.9887157792135413,german,"D=0,Y=0",6,0.2552923501750309,0.4
2,candidate,0.9058841133163068,german,"D=0,Y=0",6,0.2552923501750309,0.4
2,candidate,0.9973990394374559,german,"D=0,Y=0",6,0.2552923501750309,0.4
2,candidate,0.9981887132340994,german,"D=0,Y=0",6,0.2552923501750309,0.4
2,candidate,0.9402923116368717,german,"D=0,Y=0",6,0.2552923501750309,0.4
3,selected,0.9431402212451274,german,"D=0,Y=0",6,0.2552923501750309,0.6
3,candidate,0.8941485012267691,german,"D=0,Y=0",6,0.2552923501750309,0.6
3,candidate,0.8787592556752728,german,"D=0,Y=0",6,0.2552923501750309,0.6
3,candidate,0.9782490589526214,german,"D=0,Y=0",6,0.2552923501750309,0.6
3,candidate,0.9693061546061337,german,"D=0,Y=0",6,0.2552923501750309,0.6
3,candidate,0.9183217334309881,german,"D=0,Y=0",6,0.2552923501750309,0.6
3,candidate,0.9703979279987975,german,"D=0,Y=0",6,0.2552923501750309,0.6
3,candidate,0.9202470842870657,german,"D=0,Y=0",6,0.2552923501750309,0.6
3,candidate,0.9544469999954004,german,"D=0,Y=0",6,0.2552923501750309,0.6
3,candidate,0.941639843809138,german,"D=0,Y=0",6,0.2552923501750309,0.6
3,candidate,0.9399996407760541,german,"D=0,Y=0",6,0.2552923501750309,0.6
3,candidate,0.9589779491889916,german,"D=0,Y=0",6,0.2552923501750309,0.6
3,candidate,0.9428294290425667,german,"D=0,Y=0",6,0.2552923501750309,0.6
3,candidate,0.9223735144463516,german,"D=0,Y=0",6,0.2552923501750309,0.6
3,candidate,0.9319445435614233,german,"D=0,Y=0",6,0.2552923501750309,0.6
3,candidate,0.9363103718391163,german,"D=0,Y=0",6,0.2552923501750309,0.6
3,candidate,0.88641704167075,german,"D=0,Y=0",6,0.2552923501750309,0.6
3,candidate,0.912925747152073,german,"D=0,Y=0",6,0.2552923501750309,0.6
3,candidate,0.8961960728336037,german,"D=0,Y=0",6,0.2552923501750309,0.6
3,candidate,0.9565505128456739,german,"D=0,Y=0",6,0.2552923501750309,0.6
3,candidate,0.9185588884910111,german,"D=0,Y=0",6,0.2552923501750309,0.6
4,selected,0.9848350976297645,german,"D=0,Y=0",6,0.2552923501750309,0.8
4,candidate,0.8589805444229165,german,"D=0,Y=0",6,0.2552923501750309,0.8
4,candidate,0.9139747787529948,german,"D=0,Y=0",6,0.2552923501750309,0.8
4,candidate,0.8749726540159655,german,"D=0,Y=0",6,0.2552923501750309,0.8
4,candidate,0.9001725493385355,german,"D=0,Y=0",6,0.2552923501750309,0.8
4,candidate,0.9381302261643736,german,"D=0,Y=0",6,0.2552923501750309,0.8
4,candidate,0.9001751254908789,german,"D=0,Y=0",6,0.2552923501750309,0.8
4,candidate,0.9081705379645393,german,"D=0,Y=0",6,0.2552923501750309,0.8
4,candidate,0.9162804294102602,german,"D=0,Y=0",6,0.2552923501750309,0.8
4,candidate,0.8732565326816988,german,"D=0,Y=0",6,0.2552923501750309,0.8
4,candidate,0.9702402249311588,german,"D=0,Y=0",6,0.2552923501750309,0.8
4,candidate,0.8713742576155943,german,"D=0,Y=0",6,0.2552923501750309,0.8
4,candidate,0.8667133674995683,german,"D=0,Y=0",6,0.2552923501750309,0.8
4,candidate,0.957962536673368,german,"D=0,Y=0",6,0.2552923501750309,0.8
4,candidate,0.9334860384571214,german,"D=0,Y=0",6,0.2552923501750309,0.8
4,candidate,0.9828971247133178,german,"D=0,Y=0",6,0.2552923501750309,0.8
4,candidate,0.9829885109737451,german,"D=0,Y=0",6,0.2552923501750309,0.8
4,candidate,0.8846479445584394,german,"D=0,Y=0",6,0.2552923501750309,0.8
4,candidate,0.9255508119932337,german,"D=0,Y=0",6,0.2552923501750309,0.8
4,candidate,0.8961027982576478,german,"D=0,Y=0",6,0.2552923501750309,0.8
4,candidate,0.9152940988452519,german,"D=0,Y=0",6,0.2552923501750309,0.8
5,selected,0.8479882120719462,german,"D=0,Y=0",6,0.2552923501750309,1.0
5,candidate,0.7664738124596067,german,"D=0,Y=0",6,0.2552923501750309,1.0
5,candidate,0.794293760656532,german,"D=0,Y=0",6,0.2552923501750309,1.0
5,candidate,0.8012724842446334,german,"D=0,Y=0",6,0.2552923501750309,1.0
5,candidate,0.7851225522299958,german,"D=0,Y=0",6,0.2552923501750309,1.0
5,candidate,0.843072337234227,german,"D=0,Y=0",6,0.2552923501750309,1.0
5,candidate,0.7908010407767054,german,"D=0,Y=0",6,0.2552923501750309,1.0
5,candidate,0.7575616148741299,german,"D=0,Y=0",6,0.2552923501750309,1.0
5,candidate,0.8014034352071143,german,"D=0,Y=0",6,0.2552923501750309,1.0
5,candidate,0.7948810294673735,german,"D=0,Y=0",6,0.2552923501750309,1.0
5,candidate,0.7645461562884998,german,"D=0,Y=0",6,0.2552923501750309,1.0
5,candidate,0.8237626161820012,german,"D=0,Y=0",6,0.2552923501750309,1.0
5,candidate,0.8480533782141267,german,"D=0,Y=0",6,0.2552923501750309,1.0
5,candidate,0.8564877208032656,german,"D=0,Y=0",6,0.2552923501750309,1.0
5,candidate,0.8266416209233804,german,"D=0,Y=0",6,0.2552923501750309,1.0
5,candidate,0.8018175292818157,german,"D=0,Y=0",6,0.2552923501750309,1.0
5,candidate,0.8468805367877607,german,"D=0,Y=0",6,0.2552923501750309,1.0
5,candidate,0.7961308762578789,german,"D=0,Y=0",6,0.2552923501750309,1.0
5,candidate,0.7613272469870693,german,"D=0,Y=0",6,0.2552923501750309,1.0
5,candidate,0.7539800521699741,german,"D=0,Y=0",6,0.2552923501750309,1.0
5,candidate,0.8027856663765124,german,"D=0,Y=0",6,0.2552923501750309,1.0
0,selected,1.0,german,"D=1,Y=1",33,0.12647940507026323,0.0
0,candidate,1.0,german,"D=1,Y=1",33,0.12647940507026323,0.0
0,candidate,1.0,german,"D=1,Y=1",33,0.12647940507026323,0.0
0,candidate,0.9999999999999998,german,"D=1,Y=1",33,0.12647940507026323,0.0
0,candidate,1.0,german,"D=1,Y=1",33,0.12647940507026323,0.0
0,candidate,1.0,german,"D=1,Y=1",33,0.12647940507026323,0.0
0,candidate,1.0,german,"D=1,Y=1",33,0.12647940507026323,0.0
0,candidate,1.0,german,"D=1,Y=1",33,0.12647940507026323,0.0
0,candidate,1.0000000000000002,german,"D=1,Y=1",33,0.12647940507026323,0.0
0,candidate,1.0,german,"D=1,Y=1",33,0.12647940507026323,0.0
0,candidate,1.0,german,"D=1,Y=1",33,0.12647940507026323,0.0
0,candidate,1.0,german,"D=1,Y=1",33,0.12647940507026323,0.0
0,candidate,1.0,german,"D=1,Y=1",33,0.12647940507026323,0.0
0,candidate,1.0000000000000002,german,"D=1,Y=1",33,0.12647940507026323,0.0
0,candidate,0.9999999999999998,german,"D=1,Y=1",33,0.12647940507026323,0.0
0,candidate,1.0000000000000002,german,"D=1,Y=1",33,0.12647940507026323,0.0
0,candidate,1.0000000000000002,german,"D=1,Y=1",33,0.12647940507026323,0.0
0,candidate,1.0,german,"D=1,Y=1",33,0.12647940507026323,0.0
0,candidate,1.0,german,"D=1,Y=1",33,0.12647940507026323,0.0
0,candidate,1.0,german,"D=1,Y=1",33,0.12647940507026323,0.0
0,candidate,1.0,german,"D=1,Y=1",33,0.12647940507026323,0.0
1,selected,1.0,german,"D=1,Y=1",33,0.12647940507026323,0.03125
1,candidate,1.0,german,"D=1,Y=1",33,0.12647940507026323,0.03125
1,candidate,0.9999999999999879,german,"D=1,Y=1",33,0.12647940507026323,0.03125
1,candidate,1.0,german,"D=1,Y=1",33,0.12647940507026323,0.03125
1,candidate,1.0,german,"D=1,Y=1",33,0.12647940507026323,0.03125
1,candidate,1.0,german,"D=1,Y=1",33,0.12647940507026323,0.03125
1,candidate,0.9993625111445747,german,"D=1,Y=1",33,0.12647940507026323,0.03125
1,candidate,1.0,german,"D=1,Y=1",33,0.12647940507026323,0.03125
1,candidate,0.9999999999999998,german,"D=1,Y=1",33,0.12647940507026323,0.03125
1,candidate,1.0,german,"D=1,Y=1",33,0.12647940507026323,0.03125
1,candidate,1.0,german,"D=1,Y=1",33,0.12647940507026323,0.03125
1,candidate,0.9999999999999997,german,"D=1,Y=1",33,0.12647940507026323,0.03125
1,candidate,1.0,german,"D=1,Y=1",33,0.12647940507026323,0.03125
1,candidate,1.0000000000000002,german,"D=1,Y=1",33,0.12647940507026323,0.03125
1,candidate,1.0000000000000002,german,"D=1,Y=1",33,0.12647940507026323,0.03125
1,candidate,1.0,german,"D=1,Y=1",33,0.12647940507026323,0.03125
1,candidate,1.0,german,"D=1,Y=1",33,0.12647940507026323,0.03125
1,candidate,0.9959413775411033,german,"D=1,Y=1",33,0.12647940507026323,0.03125
1,candidate,0.9978298368758423,german,"D=1,Y=1",33,0.12647940507026323,0.03125
1,candidate,0.9983813017624982,german,"D=1,Y=1",33,0.12647940507026323,0.03125
1,candidate,0.9640883965785044,german,"D=1,Y=1",33,0.12647940507026323,0.03125
2,selected,0.9999999999999998,german,"D=1,Y=1",33,0.12647940507026323,0.0625
2,candidate,1.0000000000000002,german,"D=1,Y=1",33,0.12647940507026323,0.0625
2,candidate,0.9982198051664986,german,"D=1,Y=1",33,0.12647940507026323,0.0625
2,candidate,1.0,german,"D=1,Y=1",33,0.12647940507026323,0.0625
2,candidate,0.9967811740548311,german,"D=1,Y=1",33,0.12647940507026323,0.0625
2,candidate,1.0,german,"D=1,Y=1",33,0.12647940507026323,0.0625
2,candidate,0.9871637023036186,german,"D=1,Y=1",33,0.12647940507026323,0.0625
2,candidate,0.9981291691129599,german,"D=1,Y=1",33,0.12647940507026323,0.0625
2,candidate,1.0,german,"D=1,Y=1",33,0.12647940507026323,0.0625
2,candidate,0.992159045057173,german,"D=1,Y=1",33,0.12647940507026323,0.0625
2,candidate,0.999999999999999,german,"D=1,Y=1",33,0.12647940507026323,0.0625
2,candidate,0.980206190971321,german,"D=1,Y=1",33,0.12647940507026323,0.0625
2,candidate,1.0,german,"D=1,Y=1",33,0.12647940507026323,0.0625
2,candidate,0.9999999999999867,german,"D=1,Y=1",33,0.12647940507026323,0.0625
2,candidate,1.0000000000000002,german,"D=1,Y=1",33,0.12647940507026323,0.0625
2,candidate,1.0000000000000002,german,"D=1,Y=1",33,0.12647940507026323,0.0625
2,candidate,0.9981905078328015,german,"D=1,Y=1",33,0.12647940507026323,0.0625
2,candidate,0.9958107878057201,german,"D=1,Y=1",33,0.12647940507026323,0.0625
2,candidate,0.9999999999999998,german,"D=1,Y=1",33,0.12647940507026323,0.0625
2,candidate,1.0,german,"D=1,Y=1",33,0.12647940507026323,0.0625
2,candidate,1.0000000000000004,german,"D=1,Y=1",33,0.12647940507026323,0.0625
3,selected,0.9994112359230531,german,"D=1,Y=1",33,0.12647940507026323,0.09375
3,candidate,1.0000000000000002,german,"D=1,Y=1",33,0.12647940507026323,0.09375
3,candidate,0.9992219509050182,german,"D=1,Y=1",33,0.12647940507026323,0.09375
3,candidate,1.0,german,"D=1,Y=1",33,0.12647940507026323,0.09375
3,candidate,1.0000000000000004,german,"D=1,Y=1",33,0.12647940507026323,0.09375
3,candidate,1.0000000000000009,german,"D=1,Y=1",33,0.12647940507026323,0.09375
3,candidate,1.0000000000000007,german,"D=1,Y=1",33,0.12647940507026323,0.09375
3,candidate,0.9775378176921571,german,"D=1,Y=1",33,0.12647940507026323,0.09375
3,candidate,0.9914710786587424,german,"D=1,Y=1",33,0.12647940507026323,0.09375
3,candidate,1.0000000000000004,german,"D=1,Y=1",33,0.12647940507026323,0.09375
3,candidate,1.0000000000000004,german,"D=1,Y=1",33,0.12647940507026323,0.09375
3,candidate,0.9983762955936611,german,"D=1,Y=1",33,0.12647940507026323,0.09375
3,candidate,1.0000000000000004,german,"D=1,Y=1",33,0.12647940507026323,0.09375
3,candidate,1.0000000000000007,german,"D=1,Y=1",33,0.12647940507026323,0.09375
3,candidate,0.9839450188130483,german,"D=1,Y=1",33,0.12647940507026323,0.09375
3,candidate,1.0000000000000004,german,"D=1,Y=1",33,0.12647940507026323,0.09375
3,candidate,1.0000000000000002,german,"D=1,Y=1",33,0.12647940507026323,0.09375
3,candidate,1.0000000000000007,german,"D=1,Y=1",33,0.12647940507026323,0.09375
3,candidate,1.0000000000000004,german,"D=1,Y=1",33,0.12647940507026323,0.09375
3,candidate,1.0000000000000004,german,"D=1,Y=1",33,0.12647940507026323,0.09375
3,candidate,0.9974855275371254,german,"D=1,Y=1",33,0.12647940507026323,0.09375
4,selected,0.9999999999999991,german,"D=1,Y=1",33,0.12647940507026323,0.125
4,candidate,0.9986366828325101,german,"D=1,Y=1",33,0.12647940507026323,0.125
4,candidate,0.9860949764774894,german,"D=1,Y=1",33,0.12647940507026323,0.125
4,candidate,0.9999370968707247,german,"D=1,Y=1",33,0.12647940507026323,0.125
4,candidate,0.9725749777800464,german,"D=1,Y=1",33,0.12647940507026323,0.125
4,candidate,0.9972663840573823,german,"D=1,Y=1",33,0.12647940507026323,0.125
4,candidate,0.9950531252323529,german,"D=1,Y=1",33,0.12647940507026323,0.125
4,candidate,0.9908433355735472,german,"D=1,Y=1",33,0.12647940507026323,0.125
4,candidate,1.0000000000000002,german,"D=1,Y=1",33,0.12647940507026323,0.125
4,candidate,0.9999999999999992,german,"D=1,Y=1",33,0.12647940507026323,0.125
4,candidate,0.993582424263566,german,"D=1,Y=1",33,0.12647940507026323,0.125
4,candidate,0.9782650539923434,german,"D=1,Y=1",33,0.12647940507026323,0.125
4,candidate,0.9911440276056424,german,"D=1,Y=1",33,0.12647940507026323,0.125
4,candidate,0.9752990990678121,german,"D=1,Y=1",33,0.12647940507026323,0.125
4,candidate,0.9965230812920279,german,"D=1,Y=1",33,0.12647940507026323,0.125
4,candidate,0.998863100855035,german,"D=1,Y=1",33,0.12647940507026323,0.125
4,candidate,1.0,german,"D=1,Y=1",33,0.12647940507026323,0.125
4,candidate,0.9999999999999998,german,"D=1,Y=1",33,0.12647940507026323,0.125
4,candidate,0.9999999999999989,german,"D=1,Y=1",33,0.12647940507026323,0.125
4,candidate,0.9999999999999998,german,"D=1,Y=1",33,0.12647940507026323,0.125
4,candidate,0.9840857149804476,german,"D=1,Y=1",33,0.12647940507026323,0.125
5,selected,0.9943746436119152,german,"D=1,Y=1",33,0.12647940507026323,0.15625
5,candidate,0.9999999999999946,german,"D=1,Y=1",33,0.12647940507026323,0.15625
5,candidate,0.9976939769481894,german,"D=1,Y=1",33,0.12647940507026323,0.15625
5,candidate,0.9992006006423998,german,"D=1,Y=1",33,0.12647940507026323,0.15625
5,candidate,0.9947900145382899,german,"D=1,Y=1",33,0.12647940507026323,0.15625
5,candidate,0.9988644399840635,german,"D=1,Y=1",33,0.12647940507026323,0.15625
5,candidate,0.9980585673951996,german,"D=1,Y=1",33,0.12647940507026323,0.15625
5,candidate,0.9930116218130819,german,"D=1,Y=1",33,0.12647940507026323,0.15625
5,candidate,0.997590356035675,german,"D=1,Y=1",33,0.12647940507026323,0.15625
5,candidate,0.995901326903817,german,"D=1,Y=1",33,0.12647940507026323,0.15625
5,candidate,0.9960956360436156,german,"D=1,Y=1",33,0.12647940507026323,0.15625
5,candidate,0.9741484904524459,german,"D=1,Y=1",33,0.12647940507026323,0.15625
5,candidate,1.0000000000000007,german,"D=1,Y=1",33,0.12647940507026323,0.15625
5,candidate,0.9886155070327456,german,"D=1,Y=1",33,0.12647940507026323,0.15625
5,candidate,0.9791621504707128,german,"D=1,Y=1",33,0.12647940507026323,0.15625
5,candidate,0.9931557116540296,german,"D=1,Y=1",33,0.12647940507026323,0.15625
5,candidate,0.99190449140884,german,"D=1,Y=1",33,0.12647940507026323,0.15625
5,candidate,0.980360357209104,german,"D=1,Y=1",33,0.12647940507026323,0.15625
5,candidate,0.9735209115702609,german,"D=1,Y=1",33,0.12647940507026323,0.15625
5,candidate,0.9763622652986145,german,"D=1,Y=1",33,0.12647940507026323,0.15625
5,candidate,0.9995264691566054,german,"D=1,Y=1",33,0.12647940507026323,0.15625
6,selected,0.9999999999999993,german,"D=1,Y=1",33,0.12647940507026323,0.1875
6,candidate,0.9748302757840654,german,"D=1,Y=1",33,0.12647940507026323,0.1875
6,candidate,0.9985120554826754,german,"D=1,Y=1",33,0.12647940507026323,0.1875
6,candidate,0.9580902579543138,german,"D=1,Y=1",33,0.12647940507026323,0.1875
6,candidate,0.9901144960438003,german,"D=1,Y=1",33,0.12647940507026323,0.1875
6,candidate,0.9733134196300477,german,"D=1,Y=1",33,0.12647940507026323,0.1875
6,candidate,0.9988611897798961,german,"D=1,Y=1",33,0.12647940507026323,0.1875
6,candidate,0.9786990574708915,german,"D=1,Y=1",33,0.12647940507026323,0.1875
6,candidate,0.9957751449566886,german,"D=1,Y=1",33,0.12647940507026323,0.1875
6,candidate,0.992746868471444,german,"D=1,Y=1",33,0.12647940507026323,0.1875
6,candidate,0.9967500992407716,german,"D=1,Y=1",33,0.12647940507026323,0.1875
6,candidate,0.9940840234488119,german,"D=1,Y=1",33,0.12647940507026323,0.1875
6,candidate,0.9756776396101653,german,"D=1,Y=1",33,0.12647940507026323,0.1875
6,candidate,0.9731191351049098,german,"D=1,Y=1",33,0.12647940507026323,0.1875
6,candidate,0.9864471687043695,german,"D=1,Y=1",33,0.12647940507026323,0.1875
6,candidate,0.9999370968707233,german,"D=1,Y=1",33,0.12647940507026323,0.1875
6,candidate,0.9717291318126754,german,"D=1,Y=1",33,0.12647940507026323,0.1875
6,candidate,0.9948590753514712,german,"D=1,Y=1",33,0.12647940507026323,0.1875
6,candidate,0.9999999999999998,german,"D=1,Y=1",33,0.12647940507026323,0.1875
6,candidate,0.999606288777947,german,"D=1,Y=1",33,0.12647940507026323,0.1875
6,candidate,0.999782309937764,german,"D=1,Y=1",33,0.12647940507026323,0.1875
7,selected,0.976235145369977,german,"D=1,Y=1",33,0.12647940507026323,0.21875
7,candidate,0.9815355316718226,german,"D=1,Y=1",33,0.12647940507026323,0.21875
7,candidate,0.9995656391416026,german,"D=1,Y=1",33,0.12647940507026323,0.21875
7,candidate,0.9962870593656785,german,"D=1,Y=1",33,0.12647940507026323,0.21875
7,candidate,0.9319037474411681,german,"D=1,Y=1",33,0.12647940507026323,0.21875
7,candidate,0.9963052023547476,german,"D=1,Y=1",33,0.12647940507026323,0.21875
7,candidate,0.9915096995208342,german,"D=1,Y=1",33,0.12647940507026323,0.21875
7,candidate,1.0000000000000013,german,"D=1,Y=1",33,0.12647940507026323,0.21875
7,candidate,1.0000000000000009,german,"D=1,Y=1",33,0.12647940507026323,0.21875
7,candidate,1.0000000000000024,german,"D=1,Y=1",33,0.12647940507026323,0.21875
7,candidate,1.0000000000000007,german,"D=1,Y=1",33,0.12647940507026323,0.21875
7,candidate,0.975016659021673,german,"D=1,Y=1",33,0.12647940507026323,0.21875
7,candidate,0.9870240905758533,german,"D=1,Y=1",33,0.12647940507026323,0.21875
7,candidate,0.9853495057533566,german,"D=1,Y=1",33,0.12647940507026323,0.21875
7,candidate,1.0000000000000009,german,"D=1,Y=1",33,0.12647940507026323,0.21875
7,candidate,0.9971372545746282,german,"D=1,Y=1",33,0.12647940507026323,0.21875
7,candidate,0.9420484024024945,german,"D=1,Y=1",33,0.12647940507026323,0.21875
7,candidate,1.0000000000000009,german,"D=1,Y=1",33,0.12647940507026323,0.21875
7,candidate,0.9920572184627029,german,"D=1,Y=1",33,0.12647940507026323,0.21875
7,candidate,0.9661459646285006,german,"D=1,Y=1",33,0.12647940507026323,0.21875
7,candidate,0.994859075351472,german,"D=1,Y=1",33,0.12647940507026323,0.21875
8,selected,0.99918248669959,german,"D=1,Y=1",33,0.12647940507026323,0.25
8,candidate,0.9981510612101051,german,"D=1,Y=1",33,0.12647940507026323,0.25
8,candidate,0.9889301771069531,german,"D=1,Y=1",33,0.12647940507026323,0.25
8,candidate,0.9914941664443307,german,"D=1,Y=1",33,0.12647940507026323,0.25
8,candidate,0.9936481845661514,german,"D=1,Y=1",33,0.12647940507026323,0.25
8,candidate,0.9999999999999991,german,"D=1,Y=1",33,0.12647940507026323,0.25
8,candidate,0.999701879441849,german,"D=1,Y=1",33,0.12647940507026323,0.25
8,candidate,0.9833901289105658,german,"D=1,Y=1",33,0.12647940507026323,0.25
8,candidate,0.9901349298239386,german,"D=1,Y=1",33,0.12647940507026323,0.25
8,candidate,0.9852429122260047,german,"D=1,Y=1",33,0.12647940507026323,0.25
8,candidate,0.9858995286437495,german,"D=1,Y=1",33,0.12647940507026323,0.25
8,candidate,0.9646876700346942,german,"D=1,Y=1",33,0.12647940507026323,0.25
8,candidate,0.9708653784270929,german,"D=1,Y=1",33,0.12647940507026323,0.25
8,candidate,0.9783724298621064,german,"D=1,Y=1",33,0.12647940507026323,0.25
8,candidate,0.9896516810246121,german,"D=1,Y=1",33,0.12647940507026323,0.25
8,candidate,0.9825486737221434,german,"D=1,Y=1",33,0.12647940507026323,0.25
8,candidate,0.9947099558294574,german,"D=1,Y=1",33,0.12647940507026323,0.25
8,candidate,0.9980967960647612,german,"D=1,Y=1",33,0.12647940507026323,0.25
8,candidate,0.9953830033862228,german,"D=1,Y=1",33,0.12647940507026323,0.25
8,candidate,0.9999999999999933,german,"D=1,Y=1",33,0.12647940507026323,0.25
8,candidate,0.9603444946561663,german,"D=1,Y=1",33,0.12647940507026323,0.25
9,selected,0.9999080700498131,german,"D=1,Y=1",33,0.12647940507026323,0.28125
9,candidate,1.0,german,"D=1,Y=1",33,0.12647940507026323,0.28125
9,candidate,0.9534489526882738,german,"D=1,Y=1",33,0.12647940507026323,0.28125
9,candidate,0.9511429285628193,german,"D=1,Y=1",33,0.12647940507026323,0.28125
9,candidate,0.9926548013019273,german,"D=1,Y=1",33,0.12647940507026323,0.28125
9,candidate,0.9765608528040347,german,"D=1,Y=1",33,0.12647940507026323,0.28125
9,candidate,0.9608733951133859,german,"D=1,Y=1",33,0.12647940507026323,0.28125
9,candidate,0.9608418495336276,german,"D=1,Y=1",33,0.12647940507026323,0.28125
9,candidate,0.9845892393270965,german,"D=1,Y=1",33,0.12647940507026323,0.28125
9,candidate,0.9911381741032214,german,"D=1,Y=1",33,0.12647940507026323,0.28125
9,candidate,0.9754332507176418,german,"D=1,Y=1",33,0.12647940507026323,0.28125
9,candidate,0.9786791103885546,german,"D=1,Y=1",33,0.12647940507026323,0.28125
9,candidate,0.9973919786419604,german,"D=1,Y=1",33,0.12647940507026323,0.28125
9,candidate,0.9967345683794181,german,"D=1,Y=1",33,0.12647940507026323,0.28125
9,candidate,0.9772711997052705,german,"D=1,Y=1",33,0.12647940507026323,0.28125
9,candidate,0.9696466332694441,german,"D=1,Y=1",33,0.12647940507026323,0.28125
9,candidate,0.9542966202627374,german,"D=1,Y=1",33,0.12647940507026323,0.28125
9,candidate,0.9889241032567967,german,"D=1,Y=1",33,0.12647940507026323,0.28125
9,candidate,0.9987060349881286,german,"D=1,Y=1",33,0.12647940507026323,0.28125
9,candidate,0.9772524379492757,german,"D=1,Y=1",33,0.12647940507026323,0.28125
9,candidate,0.9829362294202098,german,"D=1,Y=1",33,0.12647940507026323,0.28125
10,selected,0.9832303847738804,german,"D=1,Y=1",33,0.12647940507026323,0.3125
10,candidate,0.9934195571000267,german,"D=1,Y=1",33,0.12647940507026323,0.3125
10,candidate,0.9948634027474148,german,"D=1,Y=1",33,0.12647940507026323,0.3125
10,candidate,0.9896774066922217,german,"D=1,Y=1",33,0.12647940507026323,0.3125
10,candidate,0.9980986528182982,german,"D=1,Y=1",33,0.12647940507026323,0.3125
10,candidate,0.9794232783778327,german,"D=1,Y=1",33,0.12647940507026323,0.3125
10,candidate,0.9803530166203581,german,"D=1,Y=1",33,0.12647940507026323,0.3125
10,candidate,0.989298994324347,german,"D=1,Y=1",33,0.12647940507026323,0.3125
10,candidate,0.9976833587208814,german,"D=1,Y=1",33,0.12647940507026323,0.3125
10,candidate,0.9750746720134368,german,"D=1,Y=1",33,0.12647940507026323,0.3125
10,candidate,0.9509314652530262,german,"D=1,Y=1",33,0.12647940507026323,0.3125
10,candidate,0.9351553234692423,german,"D=1,Y=1",33,0.12647940507026323,0.3125
10,candidate,0.9933285297588296,german,"D=1,Y=1",33,0.12647940507026323,0.3125
10,candidate,0.9509377454009014,german,"D=1,Y=1",33,0.12647940507026323,0.3125
10,candidate,0.9968220551926578,german,"D=1,Y=1",33,0.12647940507026323,0.3125
10,candidate,0.9836293290168864,german,"D=1,Y=1",33,0.12647940507026323,0.3125
10,candidate,1.0000000000000016,german,"D=1,Y=1",33,0.12647940507026323,0.3125
10,candidate,0.9609859038210241,german,"D=1,Y=1",33,0.12647940507026323,0.3125
10,candidate,1.0000000000000018,german,"D=1,Y=1",33,0.12647940507026323,0.3125
10,candidate,0.9914048285419178,german,"D=1,Y=1",33,0.12647940507026323,0.3125
10,candidate,0.9606948093457579,german,"D=1,Y=1",33,0.12647940507026323,0.3125
11,selected,0.9798371541062898,german,"D=1,Y=1",33,0.12647940507026323,0.34375
11,candidate,0.9680170853366098,german,"D=1,Y=1",33,0.12647940507026323,0.34375
11,candidate,0.9845663989996005,german,"D=1,Y=1",33,0.12647940507026323,0.34375
11,candidate,0.9460648113524698,german,"D=1,Y=1",33,0.12647940507026323,0.34375
11,candidate,0.9710720510033863,german,"D=1,Y=1",33,0.12647940507026323,0.34375
11,candidate,1.0000000000000016,german,"D=1,Y=1",33,0.12647940507026323,0.34375
11,candidate,0.9584669636646366,german,"D=1,Y=1",33,0.12647940507026323,0.34375
11,candidate,0.9840777733177043,german,"D=1,Y=1",33,0.12647940507026323,0.34375
11,candidate,0.9253371398639051,german,"D=1,Y=1",33,0.12647940507026323,0.34375
11,candidate,0.9952793229656,german,"D=1,Y=1",33,0.12647940507026323,0.34375
11,candidate,0.9664035133104013,german,"D=1,Y=1",33,0.12647940507026323,0.34375
11,candidate,0.9717539066380718,german,"D=1,Y=1",33,0.12647940507026323,0.34375
11,candidate,0.995153235804273,german,"D=1,Y=1",33,0.12647940507026323,0.34375
11,candidate,0.990554016071903,german,"D=1,Y=1",33,0.12647940507026323,0.34375
11,candidate,0.9893591942490564,german,"D=1,Y=1",33,0.12647940507026323,0.34375
11,candidate,0.9918507805876164,german,"D=1,Y=1",33,0.12647940507026323,0.34375
11,candidate,1.0000000000000013,german,"D=1,Y=1",33,0.12647940507026323,0.34375
11,candidate,0.988785951353329,german,"D=1,Y=1",33,0.12647940507026323,0.34375
11,candidate,0.9500081357653282,german,"D=1,Y=1",33,0.12647940507026323,0.34375
11,candidate,0.9772279422740152,german,"D=1,Y=1",33,0.12647940507026323,0.34375
11,candidate,0.9808346917392666,german,"D=1,Y=1",33,0.12647940507026323,0.34375
12,selected,0.9928386146432352,german,"D=1,Y=1",33,0.12647940507026323,0.375
12,candidate,0.9880612840736872,german,"D=1,Y=1",33,0.12647940507026323,0.375
12,candidate,0.9807123538545974,german,"D=1,Y=1",33,0.12647940507026323,0.375
12,candidate,0.9962771889785517,german,"D=1,Y=1",33,0.12647940507026323,0.375
12,candidate,0.9561570850399477,german,"D=1,Y=1",33,0.12647940507026323,0.375
12,candidate,0.9962381218027636,german,"D=1,Y=1",33,0.12647940507026323,0.375
12,candidate,0.9674697770839847,german,"D=1,Y=1",33,0.12647940507026323,0.375
12,candidate,0.9958473093316874,german,"D=1,Y=1",33,0.12647940507026323,0.375
12,candidate,0.9458949583184351,german,"D=1,Y=1",33,0.12647940507026323,0.375
12,candidate,0.9976549686269074,german,"D=1,Y=1",33,0.12647940507026323,0.375
12,candidate,0.9538323328265367,german,"D=1,Y=1",33,0.12647940507026323,0.375
12,candidate,0.9449446521496772,german,"D=1,Y=1",33,0.12647940507026323,0.375
12,candidate,0.9910273533236792,german,"D=1,Y=1",33,0.12647940507026323,0.375
12,candidate,0.9633315817910933,german,"D=1,Y=1",33,0.12647940507026323,0.375
12,candidate,0.9876413917936853,german,"D=1,Y=1",33,0.12647940507026323,0.375
12,candidate,0.9901812458349435,german,"D=1,Y=1",33,0.12647940507026323,0.375
12,candidate,0.9974698859817246,german,"D=1,Y=1",33,0.12647940507026323,0.375
12,candidate,0.9866999153901118,german,"D=1,Y=1",33,0.12647940507026323,0.375
12,candidate,0.9669227874059808,german,"D=1,Y=1",33,0.12647940507026323,0.375
12,candidate,0.9999999999999989,german,"D=1,Y=1",33,0.12647940507026323,0.375
12,candidate,0.9949276896472967,german,"D=1,Y=1",33,0.12647940507026323,0.375
13,selected,0.9849262476554462,german,"D=1,Y=1",33,0.12647940507026323,0.40625
13,candidate,0.9489002584707946,german,"D=1,Y=1",33,0.12647940507026323,0.40625
13,candidate,0.9965084134168558,german,"D=1,Y=1",33,0.12647940507026323,0.40625
13,candidate,0.9455781622948647,german,"D=1,Y=1",33,0.12647940507026323,0.40625
13,candidate,0.9884035896016219,german,"D=1,Y=1",33,0.12647940507026323,0.40625
13,candidate,0.9718009196947518,german,"D=1,Y=1",33,0.12647940507026323,0.40625
13,candidate,0.9999999999999989,german,"D=1,Y=1",33,0.12647940507026323,0.40625
13,candidate,0.9866635470362356,german,"D=1,Y=1",33,0.12647940507026323,0.40625
13,candidate,0.9518963300122152,german,"D=1,Y=1",33,0.12647940507026323,0.40625
13,candidate,0.9388618544417853,german,"D=1,Y=1",33,0.12647940507026323,0.40625
13,candidate,0.9149702362066477,german,"D=1,Y=1",33,0.12647940507026323,0.40625
13,candidate,0.977179919865745,german,"D=1,Y=1",33,0.12647940507026323,0.40625
13,candidate,0.9681439165774761,german,"D=1,Y=1",33,0.12647940507026323,0.40625
13,candidate,0.9958192090555694,german,"D=1,Y=1",33,0.12647940507026323,0.40625
13,candidate,0.9993366952898975,german,"D=1,Y=1",33,0.12647940507026323,0.40625
13,candidate,0.9363439523552802,german,"D=1,Y=1",33,0.12647940507026323,0.40625
13,candidate,0.9931416634968226,german,"D=1,Y=1",33,0.12647940507026323,0.40625
13,candidate,0.9337763592159257,german,"D=1,Y=1",33,0.12647940507026323,0.40625
13,candidate,1.0,german,"D=1,Y=1",33,0.12647940507026323,0.40625
13,candidate,0.9244126009899264,german,"D=1,Y=1",33,0.12647940507026323,0.40625
13,candidate,0.9944008793644755,german,"D=1,Y=1",33,0.12647940507026323,0.40625
14,selected,0.986812015253587,german,"D=1,Y=1",33,0.12647940507026323,0.4375
14,candidate,0.9870295564374572,german,"D=1,Y=1",33,0.12647940507026323,0.4375
14,candidate,0.9999999999999979,german,"D=1,Y=1",33,0.12647940507026323,0.4375
14,candidate,0.9932291801951589,german,"D=1,Y=1",33,0.12647940507026323,0.4375
14,candidate,0.9992343439929859,german,"D=1,Y=1",33,0.12647940507026323,0.4375
14,candidate,0.9443966093279436,german,"D=1,Y=1",33,0.12647940507026323,0.4375
14,candidate,0.9898775606385761,german,"D=1,Y=1",33,0.12647940507026323,0.4375
14,candidate,0.9977825751455259,german,"D=1,Y=1",33,0.12647940507026323,0.4375
14,candidate,0.9586079369171243,german,"D=1,Y=1",33,0.12647940507026323,0.4375
14,candidate,0.9794629390541918,german,"D=1,Y=1",33,0.12647940507026323,0.4375
14,candidate,0.9630433466555521,german,"D=1,Y=1",33,0.12647940507026323,0.4375
14,candidate,0.9377704741750416,german,"D=1,Y=1",33,0.12647940507026323,0.4375
14,candidate,0.9442972555676848,german,"D=1,Y=1",33,0.12647940507026323,0.4375
14,candidate,0.9547463544376426,german,"D=1,Y=1",33,0.12647940507026323,0.4375
14,candidate,0.9796757558351198,german,"D=1,Y=1",33,0.12647940507026323,0.4375
14,candidate,0.946444677842987,german,"D=1,Y=1",33,0.12647940507026323,0.4375
14,candidate,0.9498936912437629,german,"D=1,Y=1",33,0.12647940507026323,0.4375
14,candidate,0.9649317438094047,german,"D=1,Y=1",33,0.12647940507026323,0.4375
14,candidate,0.9995428531686992,german,"D=1,Y=1",33,0.12647940507026323,0.4375
14,candidate,0.9859865150359575,german,"D=1,Y=1",33,0.12647940507026323,0.4375
14,candidate,0.942496227101276,german,"D=1,Y=1",33,0.12647940507026323,0.4375
15,selected,0.9983885853499719,german,"D=1,Y=1",33,0.12647940507026323,0.46875
15,candidate,0.9313931098434773,german,"D=1,Y=1",33,0.12647940507026323,0.46875
15,candidate,0.9822279728469054,german,"D=1,Y=1",33,0.12647940507026323,0.46875
15,candidate,0.9292264828891885,german,"D=1,Y=1",33,0.12647940507026323,0.46875
15,candidate,0.9774561631129278,german,"D=1,Y=1",33,0.12647940507026323,0.46875
15,candidate,0.9447013498511851,german,"D=1,Y=1",33,0.12647940507026323,0.46875
15,candidate,0.9520942255291023,german,"D=1,Y=1",33,0.12647940507026323,0.46875
15,candidate,0.9442655877576253,german,"D=1,Y=1",33,0.12647940507026323,0.46875
15,candidate,0.9786563209038437,german,"D=1,Y=1",33,0.12647940507026323,0.46875
15,candidate,0.9677439885449534,german,"D=1,Y=1",33,0.12647940507026323,0.46875
15,candidate,0.9896796446295321,german,"D=1,Y=1",33,0.12647940507026323,0.46875
15,candidate,0.9424924773061499,german,"D=1,Y=1",33,0.12647940507026323,0.46875
15,candidate,0.9788001972168644,german,"D=1,Y=1",33,0.12647940507026323,0.46875
15,candidate,0.9904183536816964,german,"D=1,Y=1",33,0.12647940507026323,0.46875
15,candidate,0.9550531235961823,german,"D=1,Y=1",33,0.12647940507026323,0.46875
15,candidate,0.9886785868813692,german,"D=1,Y=1",33,0.12647940507026323,0.46875
15,candidate,0.9441941724987856,german,"D=1,Y=1",33,0.12647940507026323,0.46875
15,candidate,0.9763306965411583,german,"D=1,Y=1",33,0.12647940507026323,0.46875
15,candidate,0.995594565976066,german,"D=1,Y=1",33,0.12647940507026323,0.46875
15,candidate,0.9459719050836591,german,"D=1,Y=1",33,0.12647940507026323,0.46875
15,candidate,0.9752122050957133,german,"D=1,Y=1",33,0.12647940507026323,0.46875
16,selected,0.9910287845119097,german,"D=1,Y=1",33,0.12647940507026323,0.5
16,candidate,0.9791320459111619,german,"D=1,Y=1",33,0.12647940507026323,0.5
16,candidate,0.9947746922156765,german,"D=1,Y=1",33,0.12647940507026323,0.5
16,candidate,0.9572143399805525,german,"D=1,Y=1",33,0.12647940507026323,0.5
16,candidate,0.9873521366711079,german,"D=1,Y=1",33,0.12647940507026323,0.5
16,candidate,0.9873912147560444,german,"D=1,Y=1",33,0.12647940507026323,0.5
16,candidate,0.9485212944669347,german,"D=1,Y=1",33,0.12647940507026323,0.5
16,candidate,0.9652510595847085,german,"D=1,Y=1",33,0.12647940507026323,0.5
16,candidate,0.9475372560167135,german,"D=1,Y=1",33,0.12647940507026323,0.5
16,candidate,0.9438206594990666,german,"D=1,Y=1",33,0.12647940507026323,0.5
16,candidate,0.922101178654663,german,"D=1,Y=1",33,0.12647940507026323,0.5
16,candidate,0.9889152944259375,german,"D=1,Y=1",33,0.12647940507026323,0.5
16,candidate,0.9280910278144491,german,"D=1,Y=1",33,0.12647940507026323,0.5
16,candidate,0.947453629268637,german,"D=1,Y=1",33,0.12647940507026323,0.5
16,candidate,0.9033495484063054,german,"D=1,Y=1",33,0.12647940507026323,0.5
16,candidate,0.9062941985301253,german,"D=1,Y=1",33,0.12647940507026323,0.5
16,candidate,0.9397599604018082,german,"D=1,Y=1",33,0.12647940507026323,0.5
16,candidate,0.9948244656943768,german,"D=1,Y=1",33,0.12647940507026323,0.5
16,candidate,0.9559796893052604,german,"D=1,Y=1",33,0.12647940507026323,0.5
16,candidate,0.9788967408750961,german,"D=1,Y=1",33,0.12647940507026323,0.5
16,candidate,0.9447821738013717,german,"D=1,Y=1",33,0.12647940507026323,0.5
17,selected,0.9926536167650215,german,"D=1,Y=1",33,0.12647940507026323,0.53125
17,candidate,0.9891667048038628,german,"D=1,Y=1",33,0.12647940507026323,0.53125
17,candidate,0.9530466775686319,german,"D=1,Y=1",33,0.12647940507026323,0.53125
17,candidate,0.9986623286215627,german,"D=1,Y=1",33,0.12647940507026323,0.53125
17,candidate,0.9071027359701277,german,"D=1,Y=1",33,0.12647940507026323,0.53125
17,candidate,0.9515985636797473,german,"D=1,Y=1",33,0.12647940507026323,0.53125
17,candidate,0.9696963382923872,german,"D=1,Y=1",33,0.12647940507026323,0.53125
17,candidate,0.9881694687864087,german,"D=1,Y=1",33,0.12647940507026323,0.53125
17,candidate,0.9613536680711805,german,"D=1,Y=1",33,0.12647940507026323,0.53125
17,candidate,0.9274453423333063,german,"D=1,Y=1",33,0.12647940507026323,0.53125
17,candidate,0.9575752235116325,german,"D=1,Y=1",33,0.12647940507026323,0.53125
17,candidate,0.9277156016949767,german,"D=1,Y=1",33,0.12647940507026323,0.53125
17,candidate,0.9435899579157366,german,"D=1,Y=1",33,0.12647940507026323,0.53125
17,candidate,0.9866680340739117,german,"D=1,Y=1",33,0.12647940507026323,0.53125
17,candidate,0.9773043535914385,german,"D=1,Y=1",33,0.12647940507026323,0.53125
17,candidate,0.9918308020777089,german,"D=1,Y=1",33,0.12647940507026323,0.53125
17,candidate,0.93812856413207,german,"D=1,Y=1",33,0.12647940507026323,0.53125
17,candidate,0.9771324803513924,german,"D=1,Y=1",33,0.12647940507026323,0.53125
17,candidate,0.9835817706883612,german,"D=1,Y=1",33,0.12647940507026323,0.53125
17,candidate,0.9828257492588889,german,"D=1,Y=1",33,0.12647940507026323,0.53125
17,candidate,1.0000000000000027,german,"D=1,Y=1",33,0.12647940507026323,0.53125
18,selected,0.992089489846362,german,"D=1,Y=1",33,0.12647940507026323,0.5625
18,candidate,0.9127015868946741,german,"D=1,Y=1",33,0.12647940507026323,0.5625
18,candidate,0.9475904673007791,german,"D=1,Y=1",33,0.12647940507026323,0.5625
18,candidate,0.9990793719762774,german,"D=1,Y=1",33,0.12647940507026323,0.5625
18,candidate,0.9476664659470837,german,"D=1,Y=1",33,0.12647940507026323,0.5625
18,candidate,0.9390219873711634,german,"D=1,Y=1",33,0.12647940507026323,0.5625
18,candidate,0.9895978174702148,german,"D=1,Y=1",33,0.12647940507026323,0.5625
18,candidate,0.9617407856293338,german,"D=1,Y=1",33,0.12647940507026323,0.5625
18,candidate,0.9447215304861655,german,"D=1,Y=1",33,0.12647940507026323,0.5625
18,candidate,0.9862461349436102,german,"D=1,Y=1",33,0.12647940507026323,0.5625
18,candidate,0.967210900292932,german,"D=1,Y=1",33,0.12647940507026323,0.5625
18,candidate,0.9931458636147636,german,"D=1,Y=1",33,0.12647940507026323,0.5625
18,candidate,0.9306671193331661,german,"D=1,Y=1",33,0.12647940507026323,0.5625
18,candidate,0.9540440470485307,german,"D=1,Y=1",33,0.12647940507026323,0.5625
18,candidate,0.9790611464432804,german,"D=1,Y=1",33,0.12647940507026323,0.5625
18,candidate,0.9720997183181346,german,"D=1,Y=1",33,0.12647940507026323,0.5625
18,candidate,0.9802176377551389,german,"D=1,Y=1",33,0.12647940507026323,0.5625
18,candidate,0.9498870264717046,german,"D=1,Y=1",33,0.12647940507026323,0.5625
18,candidate,0.9512473564717057,german,"D=1,Y=1",33,0.12647940507026323,0.5625
18,candidate,0.9233778905945772,german,"D=1,Y=1",33,0.12647940507026323,0.5625
18,candidate,0.9853309781565096,german,"D=1,Y=1",33,0.12647940507026323,0.5625
19,selected,0.9607813945479956,german,"D=1,Y=1",33,0.12647940507026323,0.59375
19,candidate,0.9831869653543527,german,"D=1,Y=1",33,0.12647940507026323,0.59375
19,candidate,0.9506302843488265,german,"D=1,Y=1",33,0.12647940507026323,0.59375
19,candidate,0.9139190686963019,german,"D=1,Y=1",33,0.12647940507026323,0.59375
19,candidate,0.9518844681984142,german,"D=1,Y=1",33,0.12647940507026323,0.59375
19,candidate,0.9975077463225513,german,"D=1,Y=1",33,0.12647940507026323,0.59375
19,candidate,0.9306879069915428,german,"D=1,Y=1",33,0.12647940507026323,0.59375
19,candidate,0.9488335360521292,german,"D=1,Y=1",33,0.12647940507026323,0.59375
19,candidate,0.9296107544729112,german,"D=1,Y=1",33,0.12647940507026323,0.59375
19,candidate,0.9358156520101806,german,"D=1,Y=1",33,0.12647940507026323,0.59375
19,candidate,0.8998493947822258,german,"D=1,Y=1",33,0.12647940507026323,0.59375
19,candidate,0.9523915968701995,german,"D=1,Y=1",33,0.12647940507026323,0.59375
19,candidate,0.9866061041018234,german,"D=1,Y=1",33,0.12647940507026323,0.59375
19,candidate,0.9573473354366484,german,"D=1,Y=1",33,0.12647940507026323,0.59375
19,candidate,0.9387008292127984,german,"D=1,Y=1",33,0.12647940507026323,0.59375
19,candidate,0.9982020946309107,german,"D=1,Y=1",33,0.12647940507026323,0.59375
19,candidate,0.9675596655434248,german,"D=1,Y=1",33,0.12647940507026323,0.59375
19,candidate,0.9599405053503743,german,"D=1,Y=1",33,0.12647940507026323,0.59375
19,candidate,0.9858422109078883,german,"D=1,Y=1",33,0.12647940507026323,0.59375
19,candidate,0.9376125190866876,german,"D=1,Y=1",33,0.12647940507026323,0.59375
19,candidate,0.9970268145108967,german,"D=1,Y=1",33,0.12647940507026323,0.59375
20,selected,0.9732092823711275,german,"D=1,Y=1",33,0.12647940507026323,0.625
20,candidate,0.9563852345897355,german,"D=1,Y=1",33,0.12647940507026323,0.625
20,candidate,0.9450722372907474,german,"D=1,Y=1",33,0.12647940507026323,0.625
20,candidate,0.9741455287370665,german,"D=1,Y=1",33,0.12647940507026323,0.625
20,candidate,0.9025580361814083,german,"D=1,Y=1",33,0.12647940507026323,0.625
20,candidate,0.9847875659078934,german,"D=1,Y=1",33,0.12647940507026323,0.625
20,candidate,0.9583822765544413,german,"D=1,Y=1",33,0.12647940507026323,0.625
20,candidate,0.9725619557128079,german,"D=1,Y=1",33,0.12647940507026323,0.625
20,candidate,0.9188248618475056,german,"D=1,Y=1",33,0.12647940507026323,0.625
20,candidate,0.9384727534652487,german,"D=1,Y=1",33,0.12647940507026323,0.625
20,candidate,0.9810292262826317,german,"D=1,Y=1",33,0.12647940507026323,0.625
20,candidate,0.929459673316932,german,"D=1,Y=1",33,0.12647940507026323,0.625
20,candidate,0.9659649137464645,german,"D=1,Y=1",33,0.12647940507026323,0.625
20,candidate,0.981824547363136,german,"D=1,Y=1",33,0.12647940507026323,0.625
20,candidate,0.981599060026957,german,"D=1,Y=1",33,0.12647940507026323,0.625
20,candidate,0.9209164285112194,german,"D=1,Y=1",33,0.12647940507026323,0.625
20,candidate,0.9989154275767046,german,"D=1,Y=1",33,0.12647940507026323,0.625
20,candidate,0.9949400143832704,german,"D=1,Y=1",33,0.12647940507026323,0.625
20,candidate,0.9849284096569227,german,"D=1,Y=1",33,0.12647940507026323,0.625
20,candidate,0.97935270813292,german,"D=1,Y=1",33,0.12647940507026323,0.625
20,candidate,0.9849664695412607,german,"D=1,Y=1",33,0.12647940507026323,0.625
21,selected,0.9560763200572462,german,"D=1,Y=1",33,0.12647940507026323,0.65625
21,candidate,0.9716426118204712,german,"D=1,Y=1",33,0.12647940507026323,0.65625
21,candidate,0.9914685880192571,german,"D=1,Y=1",33,0.12647940507026323,0.65625
21,candidate,0.9414600089237966,german,"D=1,Y=1",33,0.12647940507026323,0.65625
21,candidate,0.9518194317162133,german,"D=1,Y=1",33,0.12647940507026323,0.65625
21,candidate,0.9535358217589618,german,"D=1,Y=1",33,0.12647940507026323,0.65625
21,candidate,0.9654659171214701,german,"D=1,Y=1",33,0.12647940507026323,0.65625
21,candidate,0.9756492489462142,german,"D=1,Y=1",33,0.12647940507026323,0.65625
21,candidate,0.9653155025835682,german,"D=1,Y=1",33,0.12647940507026323,0.65625
21,candidate,0.9186743953014517,german,"D=1,Y=1",33,0.12647940507026323,0.65625
21,candidate,0.9325870094977549,german,"D=1,Y=1",33,0.12647940507026323,0.65625
21,candidate,0.9529035671417982,german,"D=1,Y=1",33,0.12647940507026323,0.65625
21,candidate,0.9670109331825892,german,"D=1,Y=1",33,0.12647940507026323,0.65625
21,candidate,0.9545260145316738,german,"D=1,Y=1",33,0.12647940507026323,0.65625
21,candidate,0.9214010306019385,german,"D=1,Y=1",33,0.12647940507026323,0.65625
21,candidate,0.9468749354909136,german,"D=1,Y=1",33,0.12647940507026323,0.65625
21,candidate,0.9816759159174719,german,"D=1,Y=1",33,0.12647940507026323,0.65625
21,candidate,0.879864741828787,german,"D=1,Y=1",33,0.12647940507026323,0.65625
21,candidate,0.9936686210537754,german,"D=1,Y=1",33,0.12647940507026323,0.65625
21,candidate,0.8919234487079054,german,"D=1,Y=1",33,0.12647940507026323,0.65625
21,candidate,0.9905768179487181,german,"D=1,Y=1",33,0.12647940507026323,0.65625
22,selected,0.9896297528317126,german,"D=1,Y=1",33,0.12647940507026323,0.6875
22,candidate,0.979697303287682,german,"D=1,Y=1",33,0.12647940507026323,0.6875
22,candidate,0.9599468039176171,german,"D=1,Y=1",33,0.12647940507026323,0.6875
22,candidate,0.92647402954669,german,"D=1,Y=1",33,0.12647940507026323,0.6875
22,candidate,0.9121802323752564,german,"D=1,Y=1",33,0.12647940507026323,0.6875
22,candidate,0.8816075943064797,german,"D=1,Y=1",33,0.12647940507026323,0.6875
22,candidate,0.9139424640871361,german,"D=1,Y=1",33,0.12647940507026323,0.6875
22,candidate,0.9393640249103545,german,"D=1,Y=1",33,0.12647940507026323,0.6875
22,candidate,0.9593281948055218,german,"D=1,Y=1",33,0.12647940507026323,0.6875
22,candidate,0.8919772736377477,german,"D=1,Y=1",33,0.12647940507026323,0.6875
22,candidate,0.9836547853418233,german,"D=1,Y=1",33,0.12647940507026323,0.6875
22,candidate,0.9649212654895554,german,"D=1,Y=1",33,0.12647940507026323,0.6875
22,candidate,0.9211683043693225,german,"D=1,Y=1",33,0.12647940507026323,0.6875
22,candidate,0.8995848014037459,german,"D=1,Y=1",33,0.12647940507026323,0.6875
22,candidate,0.936371968579428,german,"D=1,Y=1",33,0.12647940507026323,0.6875
22,candidate,0.9711877718949256,german,"D=1,Y=1",33,0.12647940507026323,0.6875
22,candidate,0.9257744014822513,german,"D=1,Y=1",33,0.12647940507026323,0.6875
22,candidate,0.9247506569128536,german,"D=1,Y=1",33,0.12647940507026323,0.6875
22,candidate,0.9545218554996657,german,"D=1,Y=1",33,0.12647940507026323,0.6875
22,candidate,0.8531397483475577,german,"D=1,Y=1",33,0.12647940507026323,0.6875
22,candidate,0.9955435467651801,german,"D=1,Y=1",33,0.12647940507026323,0.6875
23,selected,0.976418084590308,german,"D=1,Y=1",33,0.12647940507026323,0.71875
23,candidate,0.9749103432523365,german,"D=1,Y=1",33,0.12647940507026323,0.71875
23,candidate,0.9205898129298244,german,"D=1,Y=1",33,0.12647940507026323,0.71875
23,candidate,0.9158549552351619,german,"D=1,Y=1",33,0.12647940507026323,0.71875
23,candidate,0.9743369039807348,german,"D=1,Y=1",33,0.12647940507026323,0.71875
23,candidate,0.9209867434989997,german,"D=1,Y=1",33,0.12647940507026323,0.71875
23,candidate,0.9850538860364548,german,"D=1,Y=1",33,0.12647940507026323,0.71875
23,candidate,0.9728281337482191,german,"D=1,Y=1",33,0.12647940507026323,0.71875
23,candidate,0.9320678167011275,german,"D=1,Y=1",33,0.12647940507026323,0.71875
23,candidate,0.9402256822200019,german,"D=1,Y=1",33,0.12647940507026323,0.71875
23,candidate,0.9605274182263853,german,"D=1,Y=1",33,0.12647940507026323,0.71875
23,candidate,0.9903681088608927,german,"D=1,Y=1",33,0.12647940507026323,0.71875
23,candidate,0.958335040113641,german,"D=1,Y=1",33,0.12647940507026323,0.71875
23,candidate,0.9582845964762702,german,"D=1,Y=1",33,0.12647940507026323,0.71875
23,candidate,0.8848819693868007,german,"D=1,Y=1",33,0.12647940507026323,0.71875
23,candidate,0.9215336612773394,german,"D=1,Y=1",33,0.12647940507026323,0.71875
23,candidate,0.981194979180652,german,"D=1,Y=1",33,0.12647940507026323,0.71875
23,candidate,0.9043332251755112,german,"D=1,Y=1",33,0.12647940507026323,0.71875
23,candidate,0.9326167390894732,german,"D=1,Y=1",33,0.12647940507026323,0.71875
23,candidate,0.9683560576588383,german,"D=1,Y=1",33,0.12647940507026323,0.71875
23,candidate,0.9225358069862001,german,"D=1,Y=1",33,0.12647940507026323,0.71875
24,selected,0.9822723648247912,german,"D=1,Y=1",33,0.12647940507026323,0.75
24,candidate,0.887722080583344,german,"D=1,Y=1",33,0.12647940507026323,0.75
24,candidate,0.8858505510731732,german,"D=1,Y=1",33,0.12647940507026323,0.75
24,candidate,0.9357000375972856,german,"D=1,Y=1",33,0.12647940507026323,0.75
24,candidate,0.9529785873603597,german,"D=1,Y=1",33,0.12647940507026323,0.75
24,candidate,0.8875602103477822,german,"D=1,Y=1",33,0.12647940507026323,0.75
24,candidate,0.8937289118073503,german,"D=1,Y=1",33,0.12647940507026323,0.75
24,candidate,0.9129888861819239,german,"D=1,Y=1",33,0.12647940507026323,0.75
24,candidate,0.976719788331714,german,"D=1,Y=1",33,0.12647940507026323,0.75
24,candidate,0.8787518273394956,german,"D=1,Y=1",33,0.12647940507026323,0.75
24,candidate,0.9087838300992024,german,"D=1,Y=1",33,0.12647940507026323,0.75
24,candidate,0.9173543205229217,german,"D=1,Y=1",33,0.12647940507026323,0.75
24,candidate,0.9184710157691908,german,"D=1,Y=1",33,0.12647940507026323,0.75
24,candidate,0.9014638670920254,german,"D=1,Y=1",33,0.12647940507026323,0.75
24,candidate,0.9149559017868678,german,"D=1,Y=1",33,0.12647940507026323,0.75
24,candidate,0.9164718385423253,german,"D=1,Y=1",33,0.12647940507026323,0.75
24,candidate,0.9181870159865243,german,"D=1,Y=1",33,0.12647940507026323,0.75
24,candidate,0.9309254930188205,german,"D=1,Y=1",33,0.12647940507026323,0.75
24,candidate,0.9455215109464451,german,"D=1,Y=1",33,0.12647940507026323,0.75
24,candidate,0.8814774249970218,german,"D=1,Y=1",33,0.12647940507026323,0.75
24,candidate,0.9433247343842296,german,"D=1,Y=1",33,0.12647940507026323,0.75
25,selected,0.9217127105574296,german,"D=1,Y=1",33,0.12647940507026323,0.78125
25,candidate,0.9680993448139528,german,"D=1,Y=1",33,0.12647940507026323,0.78125
25,candidate,0.9319435306406224,german,"D=1,Y=1",33,0.12647940507026323,0.78125
25,candidate,0.9143573259402301,german,"D=1,Y=1",33,0.12647940507026323,0.78125
25,candidate,0.8760950296433001,german,"D=1,Y=1",33,0.12647940507026323,0.78125
25,candidate,0.889907502693902,german,"D=1,Y=1",33,0.12647940507026323,0.78125
25,candidate,0.9220765767643013,german,"D=1,Y=1",33,0.12647940507026323,0.78125
25,candidate,0.9031146794644408,german,"D=1,Y=1",33,0.12647940507026323,0.78125
25,candidate,0.8534201235918614,german,"D=1,Y=1",33,0.12647940507026323,0.78125
25,candidate,0.9047696410894485,german,"D=1,Y=1",33,0.12647940507026323,0.78125
25,candidate,0.8544268393790332,german,"D=1,Y=1",33,0.12647940507026323,0.78125
25,candidate,0.9002944123633868,german,"D=1,Y=1",33,0.12647940507026323,0.78125
25,candidate,0.9250708932724518,german,"D=1,Y=1",33,0.12647940507026323,0.78125
25,candidate,0.8838097697870564,german,"D=1,Y=1",33,0.12647940507026323,0.78125
25,candidate,0.943685120879939,german,"D=1,Y=1",33,0.12647940507026323,0.78125
25,candidate,0.9550096851853248,german,"D=1,Y=1",33,0.12647940507026323,0.78125
25,candidate,0.9374852169655988,german,"D=1,Y=1",33,0.12647940507026323,0.78125
25,candidate,0.9380018398139172,german,"D=1,Y=1",33,0.12647940507026323,0.78125
25,candidate,0.9015100008593783,german,"D=1,Y=1",33,0.12647940507026323,0.78125
25,candidate,0.927462610690822,german,"D=1,Y=1",33,0.12647940507026323,0.78125
25,candidate,0.8622857177331672,german,"D=1,Y=1",33,0.12647940507026323,0.78125
26,selected,0.9071726851245155,german,"D=1,Y=1",33,0.12647940507026323,0.8125
26,candidate,0.9755681676143779,german,"D=1,Y=1",33,0.12647940507026323,0.8125
26,candidate,0.9180881167716561,german,"D=1,Y=1",33,0.12647940507026323,0.8125
26,candidate,0.8635275287959532,german,"D=1,Y=1",33,0.12647940507026323,0.8125
26,candidate,0.8681121988643067,german,"D=1,Y=1",33,0.12647940507026323,0.8125
26,candidate,0.9006534465053587,german,"D=1,Y=1",33,0.12647940507026323,0.8125
26,candidate,0.9208946316561282,german,"D=1,Y=1",33,0.12647940507026323,0.8125
26,candidate,0.9616576874047635,german,"D=1,Y=1",33,0.12647940507026323,0.8125
26,candidate,0.9664194187537606,german,"D=1,Y=1",33,0.12647940507026323,0.8125
26,candidate,0.9539086911082953,german,"D=1,Y=1",33,0.12647940507026323,0.8125
26,candidate,0.930864394667339,german,"D=1,Y=1",33,0.12647940507026323,0.8125
26,candidate,0.8858912327253103,german,"D=1,Y=1",33,0.12647940507026323,0.8125
26,candidate,0.8863396642312498,german,"D=1,Y=1",33,0.12647940507026323,0.8125
26,candidate,0.8579119355842122,german,"D=1,Y=1",33,0.12647940507026323,0.8125
26,candidate,0.8564084887730514,german,"D=1,Y=1",33,0.12647940507026323,0.8125
26,candidate,0.8870485680136699,german,"D=1,Y=1",33,0.12647940507026323,0.8125
26,candidate,0.8728316544549936,german,"D=1,Y=1",33,0.12647940507026323,0.8125
26,candidate,0.9108977879265313,german,"D=1,Y=1",33,0.12647940507026323,0.8125
26,candidate,0.9337837865415977,german,"D=1,Y=1",33,0.12647940507026323,0.8125
26,candidate,0.8868537859018509,german,"D=1,Y=1",33,0.12647940507026323,0.8125
26,candidate,0.9603706319024052,german,"D=1,Y=1",33,0.12647940507026323,0.8125
27,selected,0.9719768477662523,german,"D=1,Y=1",33,0.12647940507026323,0.84375
27,candidate,0.8450508846613121,german,"D=1,Y=1",33,0.12647940507026323,0.84375
27,candidate,0.9001748967528618,german,"D=1,Y=1",33,0.12647940507026323,0.84375
27,candidate,0.8985236738207828,german,"D=1,Y=1",33,0.12647940507026323,0.84375
27,candidate,0.7940264098202393,german,"D=1,Y=1",33,0.12647940507026323,0.84375
27,candidate,0.8518232982365295,german,"D=1,Y=1",33,0.12647940507026323,0.84375
27,candidate,0.87537250235938,german,"D=1,Y=1",33,0.12647940507026323,0.84375
27,candidate,0.8381175131762677,german,"D=1,Y=1",33,0.12647940507026323,0.84375
27,candidate,0.8825951153266298,german,"D=1,Y=1",33,0.12647940507026323,0.84375
27,candidate,0.818381815675255,german,"D=1,Y=1",33,0.12647940507026323,0.84375
27,candidate,0.8861251939727771,german,"D=1,Y=1",33,0.12647940507026323,0.84375
27,candidate,0.8736069718489851,german,"D=1,Y=1",33,0.12647940507026323,0.84375
27,candidate,0.8836988145100478,german,"D=1,Y=1",33,0.12647940507026323,0.84375
27,candidate,0.8759351111546985,german,"D=1,Y=1",33,0.12647940507026323,0.84375
27,candidate,0.8577375903887111,german,"D=1,Y=1",33,0.12647940507026323,0.84375
27,candidate,0.8878684253716581,german,"D=1,Y=1",33,0.12647940507026323,0.84375
27,candidate,0.9146168858493379,german,"D=1,Y=1",33,0.12647940507026323,0.84375
27,candidate,0.9731396581675479,german,"D=1,Y=1",33,0.12647940507026323,0.84375
27,candidate,0.8656438685263105,german,"D=1,Y=1",33,0.12647940507026323,0.84375
27,candidate,0.8344510170465005,german,"D=1,Y=1",33,0.12647940507026323,0.84375
27,candidate,0.8569148561314573,german,"D=1,Y=1",33,0.12647940507026323,0.84375
28,selected,0.929150966097536,german,"D=1,Y=1",33,0.12647940507026323,0.875
28,candidate,0.8560878811595224,german,"D=1,Y=1",33,0.12647940507026323,0.875
28,candidate,0.8789769096830703,german,"D=1,Y=1",33,0.12647940507026323,0.875
28,candidate,0.8833107040376561,german,"D=1,Y=1",33,0.12647940507026323,0.875
28,candidate,0.885700627708635,german,"D=1,Y=1",33,0.12647940507026323,0.875
28,candidate,0.8856027889472606,german,"D=1,Y=1",33,0.12647940507026323,0.875
28,candidate,0.8716867076162196,german,"D=1,Y=1",33,0.12647940507026323,0.875
28,candidate,0.8344808589429195,german,"D=1,Y=1",33,0.12647940507026323,0.875
28,candidate,0.8624420998174963,german,"D=1,Y=1",33,0.12647940507026323,0.875
28,candidate,0.9238254192189562,german,"D=1,Y=1",33,0.12647940507026323,0.875
28,candidate,0.854274917332843,german,"D=1,Y=1",33,0.12647940507026323,0.875
28,candidate,0.8698649733248174,german,"D=1,Y=1",33,0.12647940507026323,0.875
28,candidate,0.8989852177538914,german,"D=1,Y=1",33,0.12647940507026323,0.875
28,candidate,0.8505696286979553,german,"D=1,Y=1",33,0.12647940507026323,0.875
28,candidate,0.8806595307466285,german,"D=1,Y=1",33,0.12647940507026323,0.875
28,candidate,0.8635839395755042,german,"D=1,Y=1",33,0.12647940507026323,0.875
28,candidate,0.8513093594634874,german,"D=1,Y=1",33,0.12647940507026323,0.875
28,candidate,0.8696525485845322,german,"D=1,Y=1",33,0.12647940507026323,0.875
28,candidate,0.8817081063341605,german,"D=1,Y=1",33,0.12647940507026323,0.875
28,candidate,0.8845183959773851,german,"D=1,Y=1",33,0.12647940507026323,0.875
28,candidate,0.9005069238752605,german,"D=1,Y=1",33,0.12647940507026323,0.875
29,selected,0.9477804147903504,german,"D=1,Y=1",33,0.12647940507026323,0.90625
29,candidate,0.8476091320446199,german,"D=1,Y=1",33,0.12647940507026323,0.90625
29,candidate,0.8990807557349545,german,"D=1,Y=1",33,0.12647940507026323,0.90625
29,candidate,0.8813907708203055,german,"D=1,Y=1",33,0.12647940507026323,0.90625
29,candidate,0.8845285737271902,german,"D=1,Y=1",33,0.12647940507026323,0.90625
29,candidate,0.8378678913328685,german,"D=1,Y=1",33,0.12647940507026323,0.90625
29,candidate,0.8872222383322053,german,"D=1,Y=1",33,0.12647940507026323,0.90625
29,candidate,0.8511789735463602,german,"D=1,Y=1",33,0.12647940507026323,0.90625
29,candidate,0.799863610201628,german,"D=1,Y=1",33,0.12647940507026323,0.90625
29,candidate,0.8523375399223485,german,"D=1,Y=1",33,0.12647940507026323,0.90625
29,candidate,0.8331426516073831,german,"D=1,Y=1",33,0.12647940507026323,0.90625
29,candidate,0.8015057100548493,german,"D=1,Y=1",33,0.12647940507026323,0.90625
29,candidate,0.8574909731396332,german,"D=1,Y=1",33,0.12647940507026323,0.90625
29,candidate,0.849519128775892,german,"D=1,Y=1",33,0.12647940507026323,0.90625
29,candidate,0.8749442863008471,german,"D=1,Y=1",33,0.12647940507026323,0.90625
29,candidate,0.8543269341414363,german,"D=1,Y=1",33,0.12647940507026323,0.90625
29,candidate,0.8690859190403557,german,"D=1,Y=1",33,0.12647940507026323,0.90625
29,candidate,0.809214879658893,german,"D=1,Y=1",33,0.12647940507026323,0.90625
29,candidate,0.8490512716730945,german,"D=1,Y=1",33,0.12647940507026323,0.90625
29,candidate,0.8680693415878101,german,"D=1,Y=1",33,0.12647940507026323,0.90625
29,candidate,0.906620202939247,german,"D=1,Y=1",33,0.12647940507026323,0.90625
30,selected,0.9127385536275467,german,"D=1,Y=1",33,0.12647940507026323,0.9375
30,candidate,0.8139735801820592,german,"D=1,Y=1",33,0.12647940507026323,0.9375
30,candidate,0.8552352306043224,german,"D=1,Y=1",33,0.12647940507026323,0.9375
30,candidate,0.7992560902861232,german,"D=1,Y=1",33,0.12647940507026323,0.9375
30,candidate,0.8430039699261905,german,"D=1,Y=1",33,0.12647940507026323,0.9375
30,candidate,0.8353272645720038,german,"D=1,Y=1",33,0.12647940507026323,0.9375
30,candidate,0.8439175451152141,german,"D=1,Y=1",33,0.12647940507026323,0.9375
30,candidate,0.8683771765018895,german,"D=1,Y=1",33,0.12647940507026323,0.9375
30,candidate,0.894067716644079,german,"D=1,Y=1",33,0.12647940507026323,0.9375
30,candidate,0.957276281181762,german,"D=1,Y=1",33,0.12647940507026323,0.9375
30,candidate,0.8395903261602092,german,"D=1,Y=1",33,0.12647940507026323,0.9375
30,candidate,0.8595725783057052,german,"D=1,Y=1",33,0.12647940507026323,0.9375
30,candidate,0.8313828950401955,german,"D=1,Y=1",33,0.12647940507026323,0.9375
30,candidate,0.8370018250050953,german,"D=1,Y=1",33,0.12647940507026323,0.9375
30,candidate,0.7956935813715094,german,"D=1,Y=1",33,0.12647940507026323,0.9375
30,candidate,0.8664916427384025,german,"D=1,Y=1",33,0.12647940507026323,0.9375
30,candidate,0.8320919842553575,german,"D=1,Y=1",33,0.12647940507026323,0.9375
30,candidate,0.836740712986137,german,"D=1,Y=1",33,0.12647940507026323,0.9375
30,candidate,0.9181876577535208,german,"D=1,Y=1",33,0.12647940507026323,0.9375
30,candidate,0.7514674360452542,german,"D=1,Y=1",33,0.12647940507026323,0.9375
30,candidate,0.8468622914818965,german,"D=1,Y=1",33,0.12647940507026323,0.9375
31,selected,0.8800771390548187,german,"D=1,Y=1",33,0.12647940507026323,0.96875
31,candidate,0.7691810402722432,german,"D=1,Y=1",33,0.12647940507026323,0.96875
31,candidate,0.8125595897957725,german,"D=1,Y=1",33,0.12647940507026323,0.96875
31,candidate,0.7613148089447973,german,"D=1,Y=1",33,0.12647940507026323,0.96875
31,candidate,0.7985538137224016,german,"D=1,Y=1",33,0.12647940507026323,0.96875
31,candidate,0.7715717439571576,german,"D=1,Y=1",33,0.12647940507026323,0.96875
31,candidate,0.7937446385005673,german,"D=1,Y=1",33,0.12647940507026323,0.96875
31,candidate,0.7403525718062433,german,"D=1,Y=1",33,0.12647940507026323,0.96875
31,candidate,0.7894578103071738,german,"D=1,Y=1",33,0.12647940507026323,0.96875
31,candidate,0.8354453483982186,german,"D=1,Y=1",33,0.12647940507026323,0.96875
31,candidate,0.8349623551775617,german,"D=1,Y=1",33,0.12647940507026323,0.96875
31,candidate,0.8278728884570868,german,"D=1,Y=1",33,0.12647940507026323,0.96875
31,candidate,0.7947053043944323,german,"D=1,Y=1",33,0.12647940507026323,0.96875
31,candidate,0.8567501575036225,german,"D=1,Y=1",33,0.12647940507026323,0.96875
31,candidate,0.8911055371387757,german,"D=1,Y=1",33,0.12647940507026323,0.96875
31,candidate,0.8135747207489109,german,"D=1,Y=1",33,0.12647940507026323,0.96875
31,candidate,0.8528498874811792,german,"D=1,Y=1",33,0.12647940507026323,0.96875
31,candidate,0.8227653852466872,german,"D=1,Y=1",33,0.12647940507026323,0.96875
31,candidate,0.8304885240461632,german,"D=1,Y=1",33,0.12647940507026323,0.96875
31,candidate,0.7689802447324574,german,"D=1,Y=1",33,0.12647940507026323,0.96875
31,candidate,0.8225758995546734,german,"D=1,Y=1",33,0.12647940507026323,0.96875
32,selected,0.7795616910653449,german,"D=1,Y=1",33,0.12647940507026323,1.0
32,candidate,0.7083686897507177,german,"D=1,Y=1",33,0.12647940507026323,1.0
32,candidate,0.736833745936182,german,"D=1,Y=1",33,0.12647940507026323,1.0
32,candidate,0.653201266521095,german,"D=1,Y=1",33,0.12647940507026323,1.0
32,candidate,0.7263121872313237,german,"D=1,Y=1",33,0.12647940507026323,1.0
32,candidate,0.6702532569347261,german,"D=1,Y=1",33,0.12647940507026323,1.0
32,candidate,0.710705723452247,german,"D=1,Y=1",33,0.12647940507026323,1.0
32,candidate,0.6516676386335896,german,"D=1,Y=1",33,0.12647940507026323,1.0
32,candidate,0.6535344696404947,german,"D=1,Y=1",33,0.12647940507026323,1.0
32,candidate,0.6679974489848399,german,"D=1,Y=1",33,0.12647940507026323,1.0
32,candidate,0.7846717342929008,german,"D=1,Y=1",33,0.12647940507026323,1.0
32,candidate,0.62217417760455,german,"D=1,Y=1",33,0.12647940507026323,1.0
32,candidate,0.753539574653836,german,"D=1,Y=1",33,0.12647940507026323,1.0
32,candidate,0.6134629427366686,german,"D=1,Y=1",33,0.12647940507026323,1.0
32,candidate,0.6388732960719931,german,"D=1,Y=1",33,0.12647940507026323,1.0
32,candidate,0.6400715733514815,german,"D=1,Y=1",33,0.12647940507026323,1.0
32,candidate,0.6607662836551187,german,"D=1,Y=1",33,0.12647940507026323,1.0
32,candidate,0.6089560201921199,german,"D=1,Y=1",33,0.12647940507026323,1.0
32,candidate,0.7081494301045375,german,"D=1,Y=1",33,0.12647940507026323,1.0
32,candidate,0.7537494790409806,german,"D=1,Y=1",33,0.12647940507026323,1.0
32,candidate,0.7080817597883727,german,"D=1,Y=1",33,0.12647940507026323,1.0
0,selected,1.0,german,"D=1,Y=0",15,0.09889446695466779,0.0
0,candidate,1.0,german,"D=1,Y=0",15,0.09889446695466779,0.0
0,candidate,1.0,german,"D=1,Y=0",15,0.09889446695466779,0.0
0,candidate,1.0000000000000002,german,"D=1,Y=0",15,0.09889446695466779,0.0
0,candidate,1.0,german,"D=1,Y=0",15,0.09889446695466779,0.0
0,candidate,1.0,german,"D=1,Y=0",15,0.09889446695466779,0.0
0,candidate,1.0000000000000002,german,"D=1,Y=0",15,0.09889446695466779,0.0
0,candidate,1.0,german,"D=1,Y=0",15,0.09889446695466779,0.0
0,candidate,1.0000000000000002,german,"D=1,Y=0",15,0.09889446695466779,0.0
0,candidate,1.0000000000000002,german,"D=1,Y=0",15,0.09889446695466779,0.0
0,candidate,1.0000000000000002,german,"D=1,Y=0",15,0.09889446695466779,0.0
0,candidate,1.0,german,"D=1,Y=0",15,0.09889446695466779,0.0
0,candidate,1.0,german,"D=1,Y=0",15,0.09889446695466779,0.0
0,candidate,1.0000000000000002,german,"D=1,Y=0",15,0.09889446695466779,0.0
0,candidate,1.0,german,"D=1,Y=0",15,0.09889446695466779,0.0
0,candidate,1.0000000000000002,german,"D=1,Y=0",15,0.09889446695466779,0.0
0,candidate,1.0,german,"D=1,Y=0",15,0.09889446695466779,0.0
0,candidate,1.0000000000000002,german,"D=1,Y=0",15,0.09889446695466779,0.0
0,candidate,1.0000000000000002,german,"D=1,Y=0",15,0.09889446695466779,0.0
0,candidate,1.0,german,"D=1,Y=0",15,0.09889446695466779,0.0
0,candidate,1.0000000000000002,german,"D=1,Y=0",15,0.09889446695466779,0.0
1,selected,0.9875459355535213,german,"D=1,Y=0",15,0.09889446695466779,0.07142857142857142
1,candidate,0.9912065465918309,german,"D=1,Y=0",15,0.09889446695466779,0.07142857142857142
1,candidate,0.9975353172023862,german,"D=1,Y=0",15,0.09889446695466779,0.07142857142857142
1,candidate,1.0,german,"D=1,Y=0",15,0.09889446695466779,0.07142857142857142
1,candidate,1.0,german,"D=1,Y=0",15,0.09889446695466779,0.07142857142857142
1,candidate,1.0000000000000002,german,"D=1,Y=0",15,0.09889446695466779,0.07142857142857142
1,candidate,1.0000000000000002,german,"D=1,Y=0",15,0.09889446695466779,0.07142857142857142
1,candidate,0.9894998708413018,german,"D=1,Y=0",15,0.09889446695466779,0.07142857142857142
1,candidate,0.988186438338722,german,"D=1,Y=0",15,0.09889446695466779,0.07142857142857142
1,candidate,1.0000000000000002,german,"D=1,Y=0",15,0.09889446695466779,0.07142857142857142
1,candidate,0.9555925243924978,german,"D=1,Y=0",15,0.09889446695466779,0.07142857142857142
1,candidate,1.0000000000000002,german,"D=1,Y=0",15,0.09889446695466779,0.07142857142857142
1,candidate,0.9965713888983675,german,"D=1,Y=0",15,0.09889446695466779,0.07142857142857142
1,candidate,1.0,german,"D=1,Y=0",15,0.09889446695466779,0.07142857142857142
1,candidate,1.0,german,"D=1,Y=0",15,0.09889446695466779,0.07142857142857142
1,candidate,1.0,german,"D=1,Y=0",15,0.09889446695466779,0.07142857142857142
1,candidate,0.9999999999999999,german,"D=1,Y=0",15,0.09889446695466779,0.07142857142857142
1,candidate,1.0,german,"D=1,Y=0",15,0.09889446695466779,0.07142857142857142
1,candidate,0.9936570322855967,german,"D=1,Y=0",15,0.09889446695466779,0.07142857142857142
1,candidate,1.0000000000000002,german,"D=1,Y=0",15,0.09889446695466779,0.07142857142857142
1,candidate,0.9740062659732116,german,"D=1,Y=0",15,0.09889446695466779,0.07142857142857142
2,selected,0.9906620618945244,german,"D=1,Y=0",15,0.09889446695466779,0.14285714285714285
2,candidate,0.9973346610603916,german,"D=1,Y=0",15,0.09889446695466779,0.14285714285714285
2,candidate,0.9999999999999998,german,"D=1,Y=0",15,0.09889446695466779,0.14285714285714285
2,candidate,0.9255633040086116,german,"D=1,Y=0",15,0.09889446695466779,0.14285714285714285
2,candidate,0.9790460822208701,german,"D=1,Y=0",15,0.09889446695466779,0.14285714285714285
2,candidate,1.0000000000000002,german,"D=1,Y=0",15,0.09889446695466779,0.14285714285714285
2,candidate,0.9891725817538776,german,"D=1,Y=0",15,0.09889446695466779,0.14285714285714285
2,candidate,0.9845846072309002,german,"D=1,Y=0",15,0.09889446695466779,0.14285714285714285
2,candidate,0.9946852307284207,german,"D=1,Y=0",15,0.09889446695466779,0.14285714285714285
2,candidate,0.9973050886645438,german,"D=1,Y=0",15,0.09889446695466779,0.14285714285714285
2,candidate,0.9999999999999998,german,"D=1,Y=0",15,0.09889446695466779,0.14285714285714285
2,candidate,0.98589917567679,german,"D=1,Y=0",15,0.09889446695466779,0.14285714285714285
2,candidate,0.9459940934007669,german,"D=1,Y=0",15,0.09889446695466779,0.14285714285714285
2,candidate,0.9803954257586063,german,"D=1,Y=0",15,0.09889446695466779,0.14285714285714285
2,candidate,1.0000000000000002,german,"D=1,Y=0",15,0.09889446695466779,0.14285714285714285
2,candidate,0.9851599082242943,german,"D=1,Y=0",15,0.09889446695466779,0.14285714285714285
2,candidate,0.9999999999999999,german,"D=1,Y=0",15,0.09889446695466779,0.14285714285714285
2,candidate,0.9893321918841891,german,"D=1,Y=0",15,0.09889446695466779,0.14285714285714285
2,candidate,0.9794133093389149,german,"D=1,Y=0",15,0.09889446695466779,0.14285714285714285
2,candidate,0.9997400667387332,german,"D=1,Y=0",15,0.09889446695466779,0.14285714285714285
2,candidate,0.9908776996365188,german,"D=1,Y=0",15,0.09889446695466779,0.14285714285714285
3,selected,0.9999999999999996,german,"D=1,Y=0",15,0.09889446695466779,0.21428571428571427
3,candidate,0.9761843821054339,german,"D=1,Y=0",15,0.09889446695466779,0.21428571428571427
3,candidate,0.9997486860672289,german,"D=1,Y=0",15,0.09889446695466779,0.21428571428571427
3,candidate,0.9878964429158718,german,"D=1,Y=0",15,0.09889446695466779,0.21428571428571427
3,candidate,0.9463030217214159,german,"D=1,Y=0",15,0.09889446695466779,0.21428571428571427
3,candidate,0.9313751877868048,german,"D=1,Y=0",15,0.09889446695466779,0.21428571428571427
3,candidate,0.9814040103167683,german,"D=1,Y=0",15,0.09889446695466779,0.21428571428571427
3,candidate,0.9999999999999998,german,"D=1,Y=0",15,0.09889446695466779,0.21428571428571427
3,candidate,0.9930209768942498,german,"D=1,Y=0",15,0.09889446695466779,0.21428571428571427
3,candidate,0.9750635502439565,german,"D=1,Y=0",15,0.09889446695466779,0.21428571428571427
3,candidate,0.976701405888725,german,"D=1,Y=0",15,0.09889446695466779,0.21428571428571427
3,candidate,0.9724181724000175,german,"D=1,Y=0",15,0.09889446695466779,0.21428571428571427
3,candidate,0.9797951354177717,german,"D=1,Y=0",15,0.09889446695466779,0.21428571428571427
3,candidate,0.9925059753315367,german,"D=1,Y=0",15,0.09889446695466779,0.21428571428571427
3,candidate,0.9782961345605024,german,"D=1,Y=0",15,0.09889446695466779,0.21428571428571427
3,candidate,0.9612956829390552,german,"D=1,Y=0",15,0.09889446695466779,0.21428571428571427
3,candidate,0.9897874784399132,german,"D=1,Y=0",15,0.09889446695466779,0.21428571428571427
3,candidate,0.9985000219059972,german,"D=1,Y=0",15,0.09889446695466779,0.21428571428571427
3,candidate,0.9979355323311726,german,"D=1,Y=0",15,0.09889446695466779,0.21428571428571427
3,candidate,0.9280473317162259,german,"D=1,Y=0",15,0.09889446695466779,0.21428571428571427
3,candidate,0.9568167567998102,german,"D=1,Y=0",15,0.09889446695466779,0.21428571428571427
4,selected,0.9994051665076378,german,"D=1,Y=0",15,0.09889446695466779,0.2857142857142857
4,candidate,0.9893723136020706,german,"D=1,Y=0",15,0.09889446695466779,0.2857142857142857
4,candidate,0.9988013595801652,german,"D=1,Y=0",15,0.09889446695466779,0.2857142857142857
4,candidate,0.9368303358895766,german,"D=1,Y=0",15,0.09889446695466779,0.2857142857142857
4,candidate,1.0000000000000002,german,"D=1,Y=0",15,0.09889446695466779,0.2857142857142857
4,candidate,0.9796957699732607,german,"D=1,Y=0",15,0.09889446695466779,0.2857142857142857
4,candidate,0.981472259909493,german,"D=1,Y=0",15,0.09889446695466779,0.2857142857142857
4,candidate,0.9953003558724379,german,"D=1,Y=0",15,0.09889446695466779,0.2857142857142857
4,candidate,0.9918850902085119,german,"D=1,Y=0",15,0.09889446695466779,0.2857142857142857
4,candidate,0.9492228306081422,german,"D=1,Y=0",15,0.09889446695466779,0.2857142857142857
4,candidate,0.9919198797032978,german,"D=1,Y=0",15,0.09889446695466779,0.2857142857142857
4,candidate,0.9858162023633903,german,"D=1,Y=0",15,0.09889446695466779,0.2857142857142857
4,candidate,0.9692588225794367,german,"D=1,Y=0",15,0.09889446695466779,0.2857142857142857
4,candidate,0.9851557467969673,german,"D=1,Y=0",15,0.09889446695466779,0.2857142857142857
4,candidate,0.9897874784399141,german,"D=1,Y=0",15,0.09889446695466779,0.2857142857142857
4,candidate,0.9293724158395565,german,"D=1,Y=0",15,0.09889446695466779,0.2857142857142857
4,candidate,0.9722798286495599,german,"D=1,Y=0",15,0.09889446695466779,0.2857142857142857
4,candidate,0.9950434681795788,german,"D=1,Y=0",15,0.09889446695466779,0.2857142857142857
4,candidate,0.9916840247596487,german,"D=1,Y=0",15,0.09889446695466779,0.2857142857142857
4,candidate,0.9936145238006042,german,"D=1,Y=0",15,0.09889446695466779,0.2857142857142857
4,candidate,0.9334461222858575,german,"D=1,Y=0",15,0.09889446695466779,0.2857142857142857
5,selected,0.9903819734449248,german,"D=1,Y=0",15,0.09889446695466779,0.35714285714285715
5,candidate,0.9699358298048946,german,"D=1,Y=0",15,0.09889446695466779,0.35714285714285715
5,candidate,0.9471191672940338,german,"D=1,Y=0",15,0.09889446695466779,0.35714285714285715
5,candidate,0.9833481831358516,german,"D=1,Y=0",15,0.09889446695466779,0.35714285714285715
5,candidate,0.9854827709851349,german,"D=1,Y=0",15,0.09889446695466779,0.35714285714285715
5,candidate,0.9515424485592393,german,"D=1,Y=0",15,0.09889446695466779,0.35714285714285715
5,candidate,0.9225331806575651,german,"D=1,Y=0",15,0.09889446695466779,0.35714285714285715
5,candidate,0.9991377295640601,german,"D=1,Y=0",15,0.09889446695466779,0.35714285714285715
5,candidate,0.9800749054638761,german,"D=1,Y=0",15,0.09889446695466779,0.35714285714285715
5,candidate,0.9744610041739115,german,"D=1,Y=0",15,0.09889446695466779,0.35714285714285715
5,candidate,0.9624772581929888,german,"D=1,Y=0",15,0.09889446695466779,0.35714285714285715
5,candidate,0.977115159913885,german,"D=1,Y=0",15,0.09889446695466779,0.35714285714285715
5,candidate,0.9707369939386513,german,"D=1,Y=0",15,0.09889446695466779,0.35714285714285715
5,candidate,0.9552052724328395,german,"D=1,Y=0",15,0.09889446695466779,0.35714285714285715
5,candidate,0.9057709879071404,german,"D=1,Y=0",15,0.09889446695466779,0.35714285714285715
5,candidate,0.9905956696808617,german,"D=1,Y=0",15,0.09889446695466779,0.35714285714285715
5,candidate,0.9386567038633188,german,"D=1,Y=0",15,0.09889446695466779,0.35714285714285715
5,candidate,0.9813791652387017,german,"D=1,Y=0",15,0.09889446695466779,0.35714285714285715
5,candidate,0.9787334754000135,german,"D=1,Y=0",15,0.09889446695466779,0.35714285714285715
5,candidate,1.0000000000000002,german,"D=1,Y=0",15,0.09889446695466779,0.35714285714285715
5,candidate,0.9805546775099327,german,"D=1,Y=0",15,0.09889446695466779,0.35714285714285715
6,selected,0.9794513960669572,german,"D=1,Y=0",15,0.09889446695466779,0.42857142857142855
6,candidate,0.9438530799590439,german,"D=1,Y=0",15,0.09889446695466779,0.42857142857142855
6,candidate,0.9893159753296749,german,"D=1,Y=0",15,0.09889446695466779,0.42857142857142855
6,candidate,0.9859187936181278,german,"D=1,Y=0",15,0.09889446695466779,0.42857142857142855
6,candidate,0.9337279919850412,german,"D=1,Y=0",15,0.09889446695466779,0.42857142857142855
6,candidate,0.9880309589587886,german,"D=1,Y=0",15,0.09889446695466779,0.42857142857142855
6,candidate,0.9814439826331467,german,"D=1,Y=0",15,0.09889446695466779,0.42857142857142855
6,candidate,0.9901852714080889,german,"D=1,Y=0",15,0.09889446695466779,0.42857142857142855
6,candidate,0.9937280610448822,german,"D=1,Y=0",15,0.09889446695466779,0.42857142857142855
6,candidate,0.9810358114413222,german,"D=1,Y=0",15,0.09889446695466779,0.42857142857142855
6,candidate,0.9792244803515266,german,"D=1,Y=0",15,0.09889446695466779,0.42857142857142855
6,candidate,0.9979872657443084,german,"D=1,Y=0",15,0.09889446695466779,0.42857142857142855
6,candidate,0.9820652352839898,german,"D=1,Y=0",15,0.09889446695466779,0.42857142857142855
6,candidate,0.9766079249535817,german,"D=1,Y=0",15,0.09889446695466779,0.42857142857142855
6,candidate,0.9770354738123026,german,"D=1,Y=0",15,0.09889446695466779,0.42857142857142855
6,candidate,0.9774316384977654,german,"D=1,Y=0",15,0.09889446695466779,0.42857142857142855
6,candidate,0.922022587841735,german,"D=1,Y=0",15,0.09889446695466779,0.42857142857142855
6,candidate,0.9828880882543202,german,"D=1,Y=0",15,0.09889446695466779,0.42857142857142855
6,candidate,0.9712586046587773,german,"D=1,Y=0",15,0.09889446695466779,0.42857142857142855
6,candidate,0.9862680962316072,german,"D=1,Y=0",15,0.09889446695466779,0.42857142857142855
6,candidate,0.9900096876502442,german,"D=1,Y=0",15,0.09889446695466779,0.42857142857142855
7,selected,0.9357664314257008,german,"D=1,Y=0",15,0.09889446695466779,0.5
7,candidate,0.8896235074633039,german,"D=1,Y=0",15,0.09889446695466779,0.5
7,candidate,0.9044395556538315,german,"D=1,Y=0",15,0.09889446695466779,0.5
7,candidate,0.9061331868365433,german,"D=1,Y=0",15,0.09889446695466779,0.5
7,candidate,0.9870038742901774,german,"D=1,Y=0",15,0.09889446695466779,0.5
7,candidate,0.9495800837242112,german,"D=1,Y=0",15,0.09889446695466779,0.5
7,candidate,0.9909435447160778,german,"D=1,Y=0",15,0.09889446695466779,0.5
7,candidate,0.9667060154759233,german,"D=1,Y=0",15,0.09889446695466779,0.5
7,candidate,0.9696049020619627,german,"D=1,Y=0",15,0.09889446695466779,0.5
7,candidate,0.964227139398785,german,"D=1,Y=0",15,0.09889446695466779,0.5
7,candidate,0.9002561468999012,german,"D=1,Y=0",15,0.09889446695466779,0.5
7,candidate,0.9773436759588967,german,"D=1,Y=0",15,0.09889446695466779,0.5
7,candidate,0.8700754365678584,german,"D=1,Y=0",15,0.09889446695466779,0.5
7,candidate,0.9309536644525334,german,"D=1,Y=0",15,0.09889446695466779,0.5
7,candidate,0.9398614564923987,german,"D=1,Y=0",15,0.09889446695466779,0.5
7,candidate,0.9707369939386504,german,"D=1,Y=0",15,0.09889446695466779,0.5
7,candidate,0.9915582005121379,german,"D=1,Y=0",15,0.09889446695466779,0.5
7,candidate,0.9621505209353959,german,"D=1,Y=0",15,0.09889446695466779,0.5
7,candidate,0.935623902447137,german,"D=1,Y=0",15,0.09889446695466779,0.5
7,candidate,0.963175871172533,german,"D=1,Y=0",15,0.09889446695466779,0.5
7,candidate,0.9405252625604414,german,"D=1,Y=0",15,0.09889446695466779,0.5
8,selected,0.9814906807977235,german,"D=1,Y=0",15,0.09889446695466779,0.5714285714285714
8,candidate,0.9146520303866807,german,"D=1,Y=0",15,0.09889446695466779,0.5714285714285714
8,candidate,0.9859541090645366,german,"D=1,Y=0",15,0.09889446695466779,0.5714285714285714
8,candidate,0.9813576641703956,german,"D=1,Y=0",15,0.09889446695466779,0.5714285714285714
8,candidate,0.9212385202747709,german,"D=1,Y=0",15,0.09889446695466779,0.5714285714285714
8,candidate,0.9003931311689424,german,"D=1,Y=0",15,0.09889446695466779,0.5714285714285714
8,candidate,0.8806137018687534,german,"D=1,Y=0",15,0.09889446695466779,0.5714285714285714
8,candidate,0.9430755019181857,german,"D=1,Y=0",15,0.09889446695466779,0.5714285714285714
8,candidate,0.9244786682228295,german,"D=1,Y=0",15,0.09889446695466779,0.5714285714285714
8,candidate,0.9127856310884901,german,"D=1,Y=0",15,0.09889446695466779,0.5714285714285714
8,candidate,0.9730337340185029,german,"D=1,Y=0",15,0.09889446695466779,0.5714285714285714
8,candidate,0.9005358040964058,german,"D=1,Y=0",15,0.09889446695466779,0.5714285714285714
8,candidate,0.8835388547301729,german,"D=1,Y=0",15,0.09889446695466779,0.5714285714285714
8,candidate,0.9294886620255339,german,"D=1,Y=0",15,0.09889446695466779,0.5714285714285714
8,candidate,0.9548280565155819,german,"D=1,Y=0",15,0.09889446695466779,0.5714285714285714
8,candidate,0.9209047236812284,german,"D=1,Y=0",15,0.09889446695466779,0.5714285714285714
8,candidate,0.9481847486773066,german,"D=1,Y=0",15,0.09889446695466779,0.5714285714285714
8,candidate,0.9229240263461005,german,"D=1,Y=0",15,0.09889446695466779,0.5714285714285714
8,candidate,0.9999999999999977,german,"D=1,Y=0",15,0.09889446695466779,0.5714285714285714
8,candidate,0.9752915511813001,german,"D=1,Y=0",15,0.09889446695466779,0.5714285714285714
8,candidate,0.9316486227974059,german,"D=1,Y=0",15,0.09889446695466779,0.5714285714285714
9,selected,0.9149500936193252,german,"D=1,Y=0",15,0.09889446695466779,0.6428571428571429
9,candidate,0.9206324081146576,german,"D=1,Y=0",15,0.09889446695466779,0.6428571428571429
9,candidate,0.9172283097040705,german,"D=1,Y=0",15,0.09889446695466779,0.6428571428571429
9,candidate,0.8537024538174453,german,"D=1,Y=0",15,0.09889446695466779,0.6428571428571429
9,candidate,0.9589930906177259,german,"D=1,Y=0",15,0.09889446695466779,0.6428571428571429
9,candidate,0.9685082003068181,german,"D=1,Y=0",15,0.09889446695466779,0.6428571428571429
9,candidate,0.9135590531077868,german,"D=1,Y=0",15,0.09889446695466779,0.6428571428571429
9,candidate,0.8476023397382904,german,"D=1,Y=0",15,0.09889446695466779,0.6428571428571429
9,candidate,0.9199584404917046,german,"D=1,Y=0",15,0.09889446695466779,0.6428571428571429
9,candidate,0.8805919686458352,german,"D=1,Y=0",15,0.09889446695466779,0.6428571428571429
9,candidate,0.8986055089349442,german,"D=1,Y=0",15,0.09889446695466779,0.6428571428571429
9,candidate,0.8772524704494071,german,"D=1,Y=0",15,0.09889446695466779,0.6428571428571429
9,candidate,0.9569876123907732,german,"D=1,Y=0",15,0.09889446695466779,0.6428571428571429
9,candidate,0.8896033577839203,german,"D=1,Y=0",15,0.09889446695466779,0.6428571428571429
9,candidate,0.8844269337797719,german,"D=1,Y=0",15,0.09889446695466779,0.6428571428571429
9,candidate,0.9631889800048217,german,"D=1,Y=0",15,0.09889446695466779,0.6428571428571429
9,candidate,0.9698903259220522,german,"D=1,Y=0",15,0.09889446695466779,0.6428571428571429
9,candidate,0.8716493885211624,german,"D=1,Y=0",15,0.09889446695466779,0.6428571428571429
9,candidate,0.8687610599254705,german,"D=1,Y=0",15,0.09889446695466779,0.6428571428571429
9,candidate,0.8968907120791013,german,"D=1,Y=0",15,0.09889446695466779,0.6428571428571429
9,candidate,0.9274611528719519,german,"D=1,Y=0",15,0.09889446695466779,0.6428571428571429
10,selected,0.9711970042773526,german,"D=1,Y=0",15,0.09889446695466779,0.7142857142857143
10,candidate,0.8805009355070248,german,"D=1,Y=0",15,0.09889446695466779,0.7142857142857143
10,candidate,0.9233975630040505,german,"D=1,Y=0",15,0.09889446695466779,0.7142857142857143
10,candidate,0.8868306621123166,german,"D=1,Y=0",15,0.09889446695466779,0.7142857142857143
10,candidate,0.8834199574054727,german,"D=1,Y=0",15,0.09889446695466779,0.7142857142857143
10,candidate,0.8824094639392602,german,"D=1,Y=0",15,0.09889446695466779,0.7142857142857143
10,candidate,0.9658917499944778,german,"D=1,Y=0",15,0.09889446695466779,0.7142857142857143
10,candidate,0.9595488902801126,german,"D=1,Y=0",15,0.09889446695466779,0.7142857142857143
10,candidate,0.8981639482576893,german,"D=1,Y=0",15,0.09889446695466779,0.7142857142857143
10,candidate,0.8644353600975099,german,"D=1,Y=0",15,0.09889446695466779,0.7142857142857143
10,candidate,0.8936902813708754,german,"D=1,Y=0",15,0.09889446695466779,0.7142857142857143
10,candidate,0.8268115075230025,german,"D=1,Y=0",15,0.09889446695466779,0.7142857142857143
10,candidate,0.955166389939347,german,"D=1,Y=0",15,0.09889446695466779,0.7142857142857143
10,candidate,0.9722463085537316,german,"D=1,Y=0",15,0.09889446695466779,0.7142857142857143
10,candidate,0.9711334269528785,german,"D=1,Y=0",15,0.09889446695466779,0.7142857142857143
10,candidate,0.8842867026602331,german,"D=1,Y=0",15,0.09889446695466779,0.7142857142857143
10,candidate,0.8216391062605382,german,"D=1,Y=0",15,0.09889446695466779,0.7142857142857143
10,candidate,0.8939942359612069,german,"D=1,Y=0",15,0.09889446695466779,0.7142857142857143
10,candidate,0.8506453004572397,german,"D=1,Y=0",15,0.09889446695466779,0.7142857142857143
10,candidate,0.8679750442384246,german,"D=1,Y=0",15,0.09889446695466779,0.7142857142857143
10,candidate,0.9079241037160835,german,"D=1,Y=0",15,0.09889446695466779,0.7142857142857143
11,selected,0.9913533802054213,german,"D=1,Y=0",15,0.09889446695466779,0.7857142857142857
11,candidate,0.9370180678530085,german,"D=1,Y=0",15,0.09889446695466779,0.7857142857142857
11,candidate,0.9527396974596788,german,"D=1,Y=0",15,0.09889446695466779,0.7857142857142857
11,candidate,0.81012236935556,german,"D=1,Y=0",15,0.09889446695466779,0.7857142857142857
11,candidate,0.8678084418638846,german,"D=1,Y=0",15,0.09889446695466779,0.7857142857142857
11,candidate,0.8454715277980197,german,"D=1,Y=0",15,0.09889446695466779,0.7857142857142857
11,candidate,0.9847415949632093,german,"D=1,Y=0",15,0.09889446695466779,0.7857142857142857
11,candidate,0.8527635240427913,german,"D=1,Y=0",15,0.09889446695466779,0.7857142857142857
11,candidate,0.8695121512136829,german,"D=1,Y=0",15,0.09889446695466779,0.7857142857142857
11,candidate,0.8673830674443334,german,"D=1,Y=0",15,0.09889446695466779,0.7857142857142857
11,candidate,0.8443494617054893,german,"D=1,Y=0",15,0.09889446695466779,0.7857142857142857
11,candidate,0.8775412796141135,german,"D=1,Y=0",15,0.09889446695466779,0.7857142857142857
11,candidate,0.9505248106523259,german,"D=1,Y=0",15,0.09889446695466779,0.7857142857142857
11,candidate,0.8790887769836723,german,"D=1,Y=0",15,0.09889446695466779,0.7857142857142857
11,candidate,0.8451754145478759,german,"D=1,Y=0",15,0.09889446695466779,0.7857142857142857
11,candidate,0.9907686732349614,german,"D=1,Y=0",15,0.09889446695466779,0.7857142857142857
11,candidate,0.9605716293958143,german,"D=1,Y=0",15,0.09889446695466779,0.7857142857142857
11,candidate,0.9160145797101841,german,"D=1,Y=0",15,0.09889446695466779,0.7857142857142857
11,candidate,0.8551484513827481,german,"D=1,Y=0",15,0.09889446695466779,0.7857142857142857
11,candidate,0.9583707630545897,german,"D=1,Y=0",15,0.09889446695466779,0.7857142857142857
11,candidate,0.8533061606846197,german,"D=1,Y=0",15,0.09889446695466779,0.7857142857142857
12,selected,0.9645764548214514,german,"D=1,Y=0",15,0.09889446695466779,0.8571428571428571
12,candidate,0.7571356801789173,german,"D=1,Y=0",15,0.09889446695466779,0.8571428571428571
12,candidate,0.874017567074141,german,"D=1,Y=0",15,0.09889446695466779,0.8571428571428571
12,candidate,0.9598814421727218,german,"D=1,Y=0",15,0.09889446695466779,0.8571428571428571
12,candidate,0.8510981862692811,german,"D=1,Y=0",15,0.09889446695466779,0.8571428571428571
12,candidate,0.967793793986425,german,"D=1,Y=0",15,0.09889446695466779,0.8571428571428571
12,candidate,0.8282006774467157,german,"D=1,Y=0",15,0.09889446695466779,0.8571428571428571
12,candidate,0.8930158724022703,german,"D=1,Y=0",15,0.09889446695466779,0.8571428571428571
12,candidate,0.8682238799670557,german,"D=1,Y=0",15,0.09889446695466779,0.8571428571428571
12,candidate,0.8554184398439715,german,"D=1,Y=0",15,0.09889446695466779,0.8571428571428571
12,candidate,0.8795985299201551,german,"D=1,Y=0",15,0.09889446695466779,0.8571428571428571
12,candidate,0.8031097864689272,german,"D=1,Y=0",15,0.09889446695466779,0.8571428571428571
12,candidate,0.7758155955519249,german,"D=1,Y=0",15,0.09889446695466779,0.8571428571428571
12,candidate,0.9621189439931817,german,"D=1,Y=0",15,0.09889446695466779,0.8571428571428571
12,candidate,0.8693437416671752,german,"D=1,Y=0",15,0.09889446695466779,0.8571428571428571
12,candidate,0.7967948307984354,german,"D=1,Y=0",15,0.09889446695466779,0.8571428571428571
12,candidate,0.8551644278439777,german,"D=1,Y=0",15,0.09889446695466779,0.8571428571428571
12,candidate,0.8404664829932611,german,"D=1,Y=0",15,0.09889446695466779,0.8571428571428571
12,candidate,0.8209467034977969,german,"D=1,Y=0",15,0.09889446695466779,0.8571428571428571
12,candidate,0.8038014034568883,german,"D=1,Y=0",15,0.09889446695466779,0.8571428571428571
12,candidate,0.8452554158131101,german,"D=1,Y=0",15,0.09889446695466779,0.8571428571428571
13,selected,0.8511482252056766,german,"D=1,Y=0",15,0.09889446695466779,0.9285714285714286
13,candidate,0.7943764050723898,german,"D=1,Y=0",15,0.09889446695466779,0.9285714285714286
13,candidate,0.8024243362857941,german,"D=1,Y=0",15,0.09889446695466779,0.9285714285714286
13,candidate,0.8575356698601212,german,"D=1,Y=0",15,0.09889446695466779,0.9285714285714286
13,candidate,0.7296888767173839,german,"D=1,Y=0",15,0.09889446695466779,0.9285714285714286
13,candidate,0.8197987314842976,german,"D=1,Y=0",15,0.09889446695466779,0.9285714285714286
13,candidate,0.7724089539065813,german,"D=1,Y=0",15,0.09889446695466779,0.9285714285714286
13,candidate,0.8493779575669471,german,"D=1,Y=0",15,0.09889446695466779,0.9285714285714286
13,candidate,0.7497047715975734,german,"D=1,Y=0",15,0.09889446695466779,0.9285714285714286
13,candidate,0.7654516311184253,german,"D=1,Y=0",15,0.09889446695466779,0.9285714285714286
13,candidate,0.8406238058089486,german,"D=1,Y=0",15,0.09889446695466779,0.9285714285714286
13,candidate,0.7288665129588117,german,"D=1,Y=0",15,0.09889446695466779,0.9285714285714286
13,candidate,0.7872058965583137,german,"D=1,Y=0",15,0.09889446695466779,0.9285714285714286
13,candidate,0.790017961059346,german,"D=1,Y=0",15,0.09889446695466779,0.9285714285714286
13,candidate,0.7848763216406767,german,"D=1,Y=0",15,0.09889446695466779,0.9285714285714286
13,candidate,0.711817663334,german,"D=1,Y=0",15,0.09889446695466779,0.9285714285714286
13,candidate,0.9157271685103124,german,"D=1,Y=0",15,0.09889446695466779,0.9285714285714286
13,candidate,0.8451404862263497,german,"D=1,Y=0",15,0.09889446695466779,0.9285714285714286
13,candidate,0.9010434328829924,german,"D=1,Y=0",15,0.09889446695466779,0.9285714285714286
13,candidate,0.7702649436942475,german,"D=1,Y=0",15,0.09889446695466779,0.9285714285714286
13,candidate,0.8155550640411791,german,"D=1,Y=0",15,0.09889446695466779,0.9285714285714286
14,selected,0.7449052315043049,german,"D=1,Y=0",15,0.09889446695466779,1.0
14,candidate,0.6340965689133864,german,"D=1,Y=0",15,0.09889446695466779,1.0
14,candidate,0.6790403919021387,german,"D=1,Y=0",15,0.09889446695466779,1.0
14,candidate,0.6411416123242494,german,"D=1,Y=0",15,0.09889446695466779,1.0
14,candidate,0.5382324987671568,german,"D=1,Y=0",15,0.09889446695466779,1.0
14,candidate,0.704584493328112,german,"D=1,Y=0",15,0.09889446695466779,1.0
14,candidate,0.723051426287899,german,"D=1,Y=0",15,0.09889446695466779,1.0
14,candidate,0.6576015106889886,german,"D=1,Y=0",15,0.09889446695466779,1.0
14,candidate,0.718560592475327,german,"D=1,Y=0",15,0.09889446695466779,1.0
14,candidate,0.7242890080124976,german,"D=1,Y=0",15,0.09889446695466779,1.0
14,candidate,0.7181400137769001,german,"D=1,Y=0",15,0.09889446695466779,1.0
14,candidate,0.694931252529982,german,"D=1,Y=0",15,0.09889446695466779,1.0
14,candidate,0.7054418915332168,german,"D=1,Y=0",15,0.09889446695466779,1.0
14,candidate,0.6712434912547125,german,"D=1,Y=0",15,0.09889446695466779,1.0
14,candidate,0.6125114784633215,german,"D=1,Y=0",15,0.09889446695466779,1.0
14,candidate,0.5292271772239415,german,"D=1,Y=0",15,0.09889446695466779,1.0
14,candidate,0.6861843350300575,german,"D=1,Y=0",15,0.09889446695466779,1.0
14,candidate,0.6528980354597298,german,"D=1,Y=0",15,0.09889446695466779,1.0
14,candidate,0.6508600378639309,german,"D=1,Y=0",15,0.09889446695466779,1.0
14,candidate,0.7165257750444657,german,"D=1,Y=0",15,0.09889446695466779,1.0
14,candidate,0.6862743794951239,german,"D=1,Y=0",15,0.09889446695466779,1.0
0,selected,1.0000000000000002,crime,"D=0,Y=1",24,0.02919245887610456,0.0
0,candidate,1.0,crime,"D=0,Y=1",24,0.02919245887610456,0.0
0,candidate,1.0000000000000002,crime,"D=0,Y=1",24,0.02919245887610456,0.0
0,candidate,1.0000000000000002,crime,"D=0,Y=1",24,0.02919245887610456,0.0
0,candidate,1.0000000000000002,crime,"D=0,Y=1",24,0.02919245887610456,0.0
0,candidate,1.0000000000000002,crime,"D=0,Y=1",24,0.02919245887610456,0.0
0,candidate,1.0000000000000002,crime,"D=0,Y=1",24,0.02919245887610456,0.0
0,candidate,1.0000000000000002,crime,"D=0,Y=1",24,0.02919245887610456,0.0
0,candidate,1.0000000000000002,crime,"D=0,Y=1",24,0.02919245887610456,0.0
0,candidate,1.0000000000000002,crime,"D=0,Y=1",24,0.02919245887610456,0.0
0,candidate,1.0,crime,"D=0,Y=1",24,0.02919245887610456,0.0
0,candidate,1.0000000000000002,crime,"D=0,Y=1",24,0.02919245887610456,0.0
0,candidate,1.0000000000000002,crime,"D=0,Y=1",24,0.02919245887610456,0.0
0,candidate,1.0,crime,"D=0,Y=1",24,0.02919245887610456,0.0
0,candidate,1.0000000000000002,crime,"D=0,Y=1",24,0.02919245887610456,0.0
0,candidate,1.0000000000000002,crime,"D=0,Y=1",24,0.02919245887610456,0.0
0,candidate,1.0000000000000002,crime,"D=0,Y=1",24,0.02919245887610456,0.0
0,candidate,1.0000000000000002,crime,"D=0,Y=1",24,0.02919245887610456,0.0
0,candidate,1.0000000000000002,crime,"D=0,Y=1",24,0.02919245887610456,0.0
0,candidate,1.0000000000000002,crime,"D=0,Y=1",24,0.02919245887610456,0.0
0,candidate,1.0,crime,"D=0,Y=1",24,0.02919245887610456,0.0
1,selected,1.0000000000000004,crime,"D=0,Y=1",24,0.02919245887610456,0.043478260869565216
1,candidate,1.0000000000000002,crime,"D=0,Y=1",24,0.02919245887610456,0.043478260869565216
1,candidate,1.0,crime,"D=0,Y=1",24,0.02919245887610456,0.043478260869565216
1,candidate,1.0000000000000002,crime,"D=0,Y=1",24,0.02919245887610456,0.043478260869565216
1,candidate,0.9599988588224031,crime,"D=0,Y=1",24,0.02919245887610456,0.043478260869565216
1,candidate,1.0000000000000002,crime,"D=0,Y=1",24,0.02919245887610456,0.043478260869565216
1,candidate,1.0000000000000002,crime,"D=0,Y=1",24,0.02919245887610456,0.043478260869565216
1,candidate,0.9999999999999999,crime,"D=0,Y=1",24,0.02919245887610456,0.043478260869565216
1,candidate,1.0000000000000004,crime,"D=0,Y=1",24,0.02919245887610456,0.043478260869565216
1,candidate,1.0000000000000002,crime,"D=0,Y=1",24,0.02919245887610456,0.043478260869565216
1,candidate,1.0000000000000002,crime,"D=0,Y=1",24,0.02919245887610456,0.043478260869565216
1,candidate,1.0000000000000002,crime,"D=0,Y=1",24,0.02919245887610456,0.043478260869565216
1,candidate,1.0000000000000002,crime,"D=0,Y=1",24,0.02919245887610456,0.043478260869565216
1,candidate,0.9847357276303911,crime,"D=0,Y=1",24,0.02919245887610456,0.043478260869565216
1,candidate,1.0000000000000002,crime,"D=0,Y=1",24,0.02919245887610456,0.043478260869565216
1,candidate,1.0000000000000002,crime,"D=0,Y=1",24,0.02919245887610456,0.043478260869565216
1,candidate,1.0000000000000002,crime,"D=0,Y=1",24,0.02919245887610456,0.043478260869565216
1,candidate,1.0000000000000002,crime,"D=0,Y=1",24,0.02919245887610456,0.043478260869565216
1,candidate,1.0000000000000002,crime,"D=0,Y=1",24,0.02919245887610456,0.043478260869565216
1,candidate,1.0,crime,"D=0,Y=1",24,0.02919245887610456,0.043478260869565216
1,candidate,1.0,crime,"D=0,Y=1",24,0.02919245887610456,0.043478260869565216
2,selected,0.9999999999999998,crime,"D=0,Y=1",24,0.02919245887610456,0.08695652173913043
2,candidate,0.9999999999999997,crime,"D=0,Y=1",24,0.02919245887610456,0.08695652173913043
2,candidate,0.9988887827645663,crime,"D=0,Y=1",24,0.02919245887610456,0.08695652173913043
2,candidate,1.0000000000000002,crime,"D=0,Y=1",24,0.02919245887610456,0.08695652173913043
2,candidate,0.9999999999999997,crime,"D=0,Y=1",24,0.02919245887610456,0.08695652173913043
2,candidate,1.0,crime,"D=0,Y=1",24,0.02919245887610456,0.08695652173913043
2,candidate,0.9999999999999997,crime,"D=0,Y=1",24,0.02919245887610456,0.08695652173913043
2,candidate,0.9999999999999997,crime,"D=0,Y=1",24,0.02919245887610456,0.08695652173913043
2,candidate,0.9540245359911836,crime,"D=0,Y=1",24,0.02919245887610456,0.08695652173913043
2,candidate,1.0,crime,"D=0,Y=1",24,0.02919245887610456,0.08695652173913043
2,candidate,0.9999999999999997,crime,"D=0,Y=1",24,0.02919245887610456,0.08695652173913043
2,candidate,0.9999999999999999,crime,"D=0,Y=1",24,0.02919245887610456,0.08695652173913043
2,candidate,0.9999999999999999,crime,"D=0,Y=1",24,0.02919245887610456,0.08695652173913043
2,candidate,0.9999999999999998,crime,"D=0,Y=1",24,0.02919245887610456,0.08695652173913043
2,candidate,0.9928458688561831,crime,"D=0,Y=1",24,0.02919245887610456,0.08695652173913043
2,candidate,1.0000000000000002,crime,"D=0,Y=1",24,0.02919245887610456,0.08695652173913043
2,candidate,0.9999999999999996,crime,"D=0,Y=1",24,0.02919245887610456,0.08695652173913043
2,candidate,1.0,crime,"D=0,Y=1",24,0.02919245887610456,0.08695652173913043
2,candidate,0.9968842510958211,crime,"D=0,Y=1",24,0.02919245887610456,0.08695652173913043
2,candidate,1.0,crime,"D=0,Y=1",24,0.02919245887610456,0.08695652173913043
2,candidate,0.9999999999999997,crime,"D=0,Y=1",24,0.02919245887610456,0.08695652173913043
3,selected,1.0000000000000004,crime,"D=0,Y=1",24,0.02919245887610456,0.13043478260869565
3,candidate,1.0000000000000004,crime,"D=0,Y=1",24,0.02919245887610456,0.13043478260869565
3,candidate,1.0000000000000009,crime,"D=0,Y=1",24,0.02919245887610456,0.13043478260869565
3,candidate,1.0000000000000004,crime,"D=0,Y=1",24,0.02919245887610456,0.13043478260869565
3,candidate,1.0000000000000007,crime,"D=0,Y=1",24,0.02919245887610456,0.13043478260869565
3,candidate,1.0000000000000004,crime,"D=0,Y=1",24,0.02919245887610456,0.13043478260869565
3,candidate,1.0000000000000007,crime,"D=0,Y=1",24,0.02919245887610456,0.13043478260869565
3,candidate,1.0000000000000007,crime,"D=0,Y=1",24,0.02919245887610456,0.13043478260869565
3,candidate,1.0000000000000007,crime,"D=0,Y=1",24,0.02919245887610456,0.13043478260869565
3,candidate,1.0000000000000004,crime,"D=0,Y=1",24,0.02919245887610456,0.13043478260869565
3,candidate,0.997287669374821,crime,"D=0,Y=1",24,0.02919245887610456,0.13043478260869565
3,candidate,1.0000000000000004,crime,"D=0,Y=1",24,0.02919245887610456,0.13043478260869565
3,candidate,1.0000000000000007,crime,"D=0,Y=1",24,0.02919245887610456,0.13043478260869565
3,candidate,1.0000000000000007,crime,"D=0,Y=1",24,0.02919245887610456,0.13043478260869565
3,candidate,1.0000000000000007,crime,"D=0,Y=1",24,0.02919245887610456,0.13043478260869565
3,candidate,0.9549228153759436,crime,"D=0,Y=1",24,0.02919245887610456,0.13043478260869565
3,candidate,1.0000000000000002,crime,"D=0,Y=1",24,0.02919245887610456,0.13043478260869565
3,candidate,0.9968842510958218,crime,"D=0,Y=1",24,0.02919245887610456,0.13043478260869565
3,candidate,1.0000000000000009,crime,"D=0,Y=1",24,0.02919245887610456,0.13043478260869565
3,candidate,1.0000000000000007,crime,"D=0,Y=1",24,0.02919245887610456,0.13043478260869565
3,candidate,0.9945565161930139,crime,"D=0,Y=1",24,0.02919245887610456,0.13043478260869565
4,selected,0.9999999999999997,crime,"D=0,Y=1",24,0.02919245887610456,0.17391304347826086
4,candidate,0.9984585918164575,crime,"D=0,Y=1",24,0.02919245887610456,0.17391304347826086
4,candidate,1.0000000000000007,crime,"D=0,Y=1",24,0.02919245887610456,0.17391304347826086
4,candidate,0.9999999999999997,crime,"D=0,Y=1",24,0.02919245887610456,0.17391304347826086
4,candidate,1.0000000000000007,crime,"D=0,Y=1",24,0.02919245887610456,0.17391304347826086
4,candidate,0.9499145078315078,crime,"D=0,Y=1",24,0.02919245887610456,0.17391304347826086
4,candidate,0.9921876056660826,crime,"D=0,Y=1",24,0.02919245887610456,0.17391304347826086
4,candidate,0.9905756623701638,crime,"D=0,Y=1",24,0.02919245887610456,0.17391304347826086
4,candidate,1.0,crime,"D=0,Y=1",24,0.02919245887610456,0.17391304347826086
4,candidate,0.973075684200834,crime,"D=0,Y=1",24,0.02919245887610456,0.17391304347826086
4,candidate,1.0000000000000009,crime,"D=0,Y=1",24,0.02919245887610456,0.17391304347826086
4,candidate,0.9592003624741616,crime,"D=0,Y=1",24,0.02919245887610456,0.17391304347826086
4,candidate,0.9537584280148794,crime,"D=0,Y=1",24,0.02919245887610456,0.17391304347826086
4,candidate,1.0000000000000002,crime,"D=0,Y=1",24,0.02919245887610456,0.17391304347826086
4,candidate,1.0,crime,"D=0,Y=1",24,0.02919245887610456,0.17391304347826086
4,candidate,1.0000000000000002,crime,"D=0,Y=1",24,0.02919245887610456,0.17391304347826086
4,candidate,1.0000000000000002,crime,"D=0,Y=1",24,0.02919245887610456,0.17391304347826086
4,candidate,0.9968842510958218,crime,"D=0,Y=1",24,0.02919245887610456,0.17391304347826086
4,candidate,1.0000000000000002,crime,"D=0,Y=1",24,0.02919245887610456,0.17391304347826086
4,candidate,1.0000000000000002,crime,"D=0,Y=1",24,0.02919245887610456,0.17391304347826086
4,candidate,1.0000000000000004,crime,"D=0,Y=1",24,0.02919245887610456,0.17391304347826086
5,selected,1.0000000000000002,crime,"D=0,Y=1",24,0.02919245887610456,0.21739130434782608
5,candidate,0.9962183143232031,crime,"D=0,Y=1",24,0.02919245887610456,0.21739130434782608
5,candidate,0.9416384446344892,crime,"D=0,Y=1",24,0.02919245887610456,0.21739130434782608
5,candidate,0.9999999999999996,crime,"D=0,Y=1",24,0.02919245887610456,0.21739130434782608
5,candidate,1.0000000000000002,crime,"D=0,Y=1",24,0.02919245887610456,0.21739130434782608
5,candidate,1.0000000000000007,crime,"D=0,Y=1",24,0.02919245887610456,0.21739130434782608
5,candidate,0.971384973000227,crime,"D=0,Y=1",24,0.02919245887610456,0.21739130434782608
5,candidate,0.9999999999999997,crime,"D=0,Y=1",24,0.02919245887610456,0.21739130434782608
5,candidate,1.0000000000000002,crime,"D=0,Y=1",24,0.02919245887610456,0.21739130434782608
5,candidate,1.0,crime,"D=0,Y=1",24,0.02919245887610456,0.21739130434782608
5,candidate,0.9999999999999997,crime,"D=0,Y=1",24,0.02919245887610456,0.21739130434782608
5,candidate,1.0000000000000007,crime,"D=0,Y=1",24,0.02919245887610456,0.21739130434782608
5,candidate,0.9499145078315072,crime,"D=0,Y=1",24,0.02919245887610456,0.21739130434782608
5,candidate,0.9962121046280127,crime,"D=0,Y=1",24,0.02919245887610456,0.21739130434782608
5,candidate,1.0000000000000002,crime,"D=0,Y=1",24,0.02919245887610456,0.21739130434782608
5,candidate,0.996367978844018,crime,"D=0,Y=1",24,0.02919245887610456,0.21739130434782608
5,candidate,0.999812653004442,crime,"D=0,Y=1",24,0.02919245887610456,0.21739130434782608
5,candidate,1.0,crime,"D=0,Y=1",24,0.02919245887610456,0.21739130434782608
5,candidate,0.9970937076960815,crime,"D=0,Y=1",24,0.02919245887610456,0.21739130434782608
5,candidate,1.0000000000000009,crime,"D=0,Y=1",24,0.02919245887610456,0.21739130434782608
5,candidate,0.9999999999999997,crime,"D=0,Y=1",24,0.02919245887610456,0.21739130434782608
6,selected,1.0000000000000004,crime,"D=0,Y=1",24,0.02919245887610456,0.2608695652173913
6,candidate,1.000000000000001,crime,"D=0,Y=1",24,0.02919245887610456,0.2608695652173913
6,candidate,1.0000000000000002,crime,"D=0,Y=1",24,0.02919245887610456,0.2608695652173913
6,candidate,1.0000000000000002,crime,"D=0,Y=1",24,0.02919245887610456,0.2608695652173913
6,candidate,1.0000000000000007,crime,"D=0,Y=1",24,0.02919245887610456,0.2608695652173913
6,candidate,0.966992450633462,crime,"D=0,Y=1",24,0.02919245887610456,0.2608695652173913
6,candidate,1.0000000000000002,crime,"D=0,Y=1",24,0.02919245887610456,0.2608695652173913
6,candidate,0.971384973000227,crime,"D=0,Y=1",24,0.02919245887610456,0.2608695652173913
6,candidate,0.95375842801488,crime,"D=0,Y=1",24,0.02919245887610456,0.2608695652173913
6,candidate,1.0000000000000009,crime,"D=0,Y=1",24,0.02919245887610456,0.2608695652173913
6,candidate,1.0000000000000002,crime,"D=0,Y=1",24,0.02919245887610456,0.2608695652173913
6,candidate,1.000000000000001,crime,"D=0,Y=1",24,0.02919245887610456,0.2608695652173913
6,candidate,0.9863055379295664,crime,"D=0,Y=1",24,0.02919245887610456,0.2608695652173913
6,candidate,0.9416384446344892,crime,"D=0,Y=1",24,0.02919245887610456,0.2608695652173913
6,candidate,0.9526746905010989,crime,"D=0,Y=1",24,0.02919245887610456,0.2608695652173913
6,candidate,1.0000000000000007,crime,"D=0,Y=1",24,0.02919245887610456,0.2608695652173913
6,candidate,0.9603882509800425,crime,"D=0,Y=1",24,0.02919245887610456,0.2608695652173913
6,candidate,0.9476660173891978,crime,"D=0,Y=1",24,0.02919245887610456,0.2608695652173913
6,candidate,1.0000000000000002,crime,"D=0,Y=1",24,0.02919245887610456,0.2608695652173913
6,candidate,1.000000000000001,crime,"D=0,Y=1",24,0.02919245887610456,0.2608695652173913
6,candidate,1.0000000000000007,crime,"D=0,Y=1",24,0.02919245887610456,0.2608695652173913
7,selected,1.0000000000000013,crime,"D=0,Y=1",24,0.02919245887610456,0.30434782608695654
7,candidate,0.9968842510958218,crime,"D=0,Y=1",24,0.02919245887610456,0.30434782608695654
7,candidate,0.9976249190780021,crime,"D=0,Y=1",24,0.02919245887610456,0.30434782608695654
7,candidate,0.9999999999999997,crime,"D=0,Y=1",24,0.02919245887610456,0.30434782608695654
7,candidate,0.9437708824003347,crime,"D=0,Y=1",24,0.02919245887610456,0.30434782608695654
7,candidate,1.0000000000000002,crime,"D=0,Y=1",24,0.02919245887610456,0.30434782608695654
7,candidate,1.0000000000000016,crime,"D=0,Y=1",24,0.02919245887610456,0.30434782608695654
7,candidate,0.9968217589421556,crime,"D=0,Y=1",24,0.02919245887610456,0.30434782608695654
7,candidate,0.9223839559230935,crime,"D=0,Y=1",24,0.02919245887610456,0.30434782608695654
7,candidate,0.9999999999999997,crime,"D=0,Y=1",24,0.02919245887610456,0.30434782608695654
7,candidate,1.0,crime,"D=0,Y=1",24,0.02919245887610456,0.30434782608695654
7,candidate,0.9999999999999997,crime,"D=0,Y=1",24,0.02919245887610456,0.30434782608695654
7,candidate,1.0000000000000004,crime,"D=0,Y=1",24,0.02919245887610456,0.30434782608695654
7,candidate,0.9999999999999999,crime,"D=0,Y=1",24,0.02919245887610456,0.30434782608695654
7,candidate,1.0000000000000007,crime,"D=0,Y=1",24,0.02919245887610456,0.30434782608695654
7,candidate,0.9863055379295664,crime,"D=0,Y=1",24,0.02919245887610456,0.30434782608695654
7,candidate,0.9999999999999993,crime,"D=0,Y=1",24,0.02919245887610456,0.30434782608695654
7,candidate,0.9526746905010978,crime,"D=0,Y=1",24,0.02919245887610456,0.30434782608695654
7,candidate,0.9603882509800413,crime,"D=0,Y=1",24,0.02919245887610456,0.30434782608695654
7,candidate,0.9999999999999994,crime,"D=0,Y=1",24,0.02919245887610456,0.30434782608695654
7,candidate,1.000000000000001,crime,"D=0,Y=1",24,0.02919245887610456,0.30434782608695654
8,selected,0.9999999999999997,crime,"D=0,Y=1",24,0.02919245887610456,0.34782608695652173
8,candidate,0.9969778490684337,crime,"D=0,Y=1",24,0.02919245887610456,0.34782608695652173
8,candidate,0.9999999999999987,crime,"D=0,Y=1",24,0.02919245887610456,0.34782608695652173
8,candidate,0.9999999999999997,crime,"D=0,Y=1",24,0.02919245887610456,0.34782608695652173
8,candidate,0.9919799066040864,crime,"D=0,Y=1",24,0.02919245887610456,0.34782608695652173
8,candidate,0.9999999999999997,crime,"D=0,Y=1",24,0.02919245887610456,0.34782608695652173
8,candidate,0.999999999999999,crime,"D=0,Y=1",24,0.02919245887610456,0.34782608695652173
8,candidate,0.9520818242713313,crime,"D=0,Y=1",24,0.02919245887610456,0.34782608695652173
8,candidate,0.9385876892186983,crime,"D=0,Y=1",24,0.02919245887610456,0.34782608695652173
8,candidate,0.9962121046280115,crime,"D=0,Y=1",24,0.02919245887610456,0.34782608695652173
8,candidate,0.999999999999999,crime,"D=0,Y=1",24,0.02919245887610456,0.34782608695652173
8,candidate,0.9257528905007447,crime,"D=0,Y=1",24,0.02919245887610456,0.34782608695652173
8,candidate,0.9669924506334608,crime,"D=0,Y=1",24,0.02919245887610456,0.34782608695652173
8,candidate,0.9366749398725417,crime,"D=0,Y=1",24,0.02919245887610456,0.34782608695652173
8,candidate,0.949914507831506,crime,"D=0,Y=1",24,0.02919245887610456,0.34782608695652173
8,candidate,0.9999999999999991,crime,"D=0,Y=1",24,0.02919245887610456,0.34782608695652173
8,candidate,0.9912762507788813,crime,"D=0,Y=1",24,0.02919245887610456,0.34782608695652173
8,candidate,0.933115152709134,crime,"D=0,Y=1",24,0.02919245887610456,0.34782608695652173
8,candidate,0.9999999999999993,crime,"D=0,Y=1",24,0.02919245887610456,0.34782608695652173
8,candidate,0.996367978844018,crime,"D=0,Y=1",24,0.02919245887610456,0.34782608695652173
8,candidate,0.9932692682980065,crime,"D=0,Y=1",24,0.02919245887610456,0.34782608695652173
9,selected,0.9999999999999991,crime,"D=0,Y=1",24,0.02919245887610456,0.391304347826087
9,candidate,0.9999999999999991,crime,"D=0,Y=1",24,0.02919245887610456,0.391304347826087
9,candidate,0.9976249190780021,crime,"D=0,Y=1",24,0.02919245887610456,0.391304347826087
9,candidate,0.9437708824003324,crime,"D=0,Y=1",24,0.02919245887610456,0.391304347826087
9,candidate,0.9995322469660918,crime,"D=0,Y=1",24,0.02919245887610456,0.391304347826087
9,candidate,0.992187605666082,crime,"D=0,Y=1",24,0.02919245887610456,0.391304347826087
9,candidate,0.9963654447317896,crime,"D=0,Y=1",24,0.02919245887610456,0.391304347826087
9,candidate,0.9223839559230924,crime,"D=0,Y=1",24,0.02919245887610456,0.391304347826087
9,candidate,0.9890567706841231,crime,"D=0,Y=1",24,0.02919245887610456,0.391304347826087
9,candidate,0.9999999999999994,crime,"D=0,Y=1",24,0.02919245887610456,0.391304347826087
9,candidate,0.9537584280148789,crime,"D=0,Y=1",24,0.02919245887610456,0.391304347826087
9,candidate,0.9499145078315072,crime,"D=0,Y=1",24,0.02919245887610456,0.391304347826087
9,candidate,0.9287232710345921,crime,"D=0,Y=1",24,0.02919245887610456,0.391304347826087
9,candidate,0.9723054782087899,crime,"D=0,Y=1",24,0.02919245887610456,0.391304347826087
9,candidate,0.9710934010860522,crime,"D=0,Y=1",24,0.02919245887610456,0.391304347826087
9,candidate,0.9531597233821396,crime,"D=0,Y=1",24,0.02919245887610456,0.391304347826087
9,candidate,0.999812653004442,crime,"D=0,Y=1",24,0.02919245887610456,0.391304347826087
9,candidate,0.9890886099016035,crime,"D=0,Y=1",24,0.02919245887610456,0.391304347826087
9,candidate,0.993881943016932,crime,"D=0,Y=1",24,0.02919245887610456,0.391304347826087
9,candidate,0.9476660173891978,crime,"D=0,Y=1",24,0.02919245887610456,0.391304347826087
9,candidate,0.9962045086926268,crime,"D=0,Y=1",24,0.02919245887610456,0.391304347826087
10,selected,0.9853751443884035,crime,"D=0,Y=1",24,0.02919245887610456,0.43478260869565216
10,candidate,1.0000000000000018,crime,"D=0,Y=1",24,0.02919245887610456,0.43478260869565216
10,candidate,0.9938819430169349,crime,"D=0,Y=1",24,0.02919245887610456,0.43478260869565216
10,candidate,0.9983582365637796,crime,"D=0,Y=1",24,0.02919245887610456,0.43478260869565216
10,candidate,0.9988131877561328,crime,"D=0,Y=1",24,0.02919245887610456,0.43478260869565216
10,candidate,0.9792588261162868,crime,"D=0,Y=1",24,0.02919245887610456,0.43478260869565216
10,candidate,0.9607353995200698,crime,"D=0,Y=1",24,0.02919245887610456,0.43478260869565216
10,candidate,0.9433439835359475,crime,"D=0,Y=1",24,0.02919245887610456,0.43478260869565216
10,candidate,0.9531597233821418,crime,"D=0,Y=1",24,0.02919245887610456,0.43478260869565216
10,candidate,1.0000000000000009,crime,"D=0,Y=1",24,0.02919245887610456,0.43478260869565216
10,candidate,0.9748110791232278,crime,"D=0,Y=1",24,0.02919245887610456,0.43478260869565216
10,candidate,0.9526746905010978,crime,"D=0,Y=1",24,0.02919245887610456,0.43478260869565216
10,candidate,0.9813299628535563,crime,"D=0,Y=1",24,0.02919245887610456,0.43478260869565216
10,candidate,0.9499145078315083,crime,"D=0,Y=1",24,0.02919245887610456,0.43478260869565216
10,candidate,0.9415843178193319,crime,"D=0,Y=1",24,0.02919245887610456,0.43478260869565216
10,candidate,0.9506629070198193,crime,"D=0,Y=1",24,0.02919245887610456,0.43478260869565216
10,candidate,0.990325835074797,crime,"D=0,Y=1",24,0.02919245887610456,0.43478260869565216
10,candidate,0.9700654071034783,crime,"D=0,Y=1",24,0.02919245887610456,0.43478260869565216
10,candidate,1.0,crime,"D=0,Y=1",24,0.02919245887610456,0.43478260869565216
10,candidate,0.9942420954492064,crime,"D=0,Y=1",24,0.02919245887610456,0.43478260869565216
10,candidate,0.9967568820261785,crime,"D=0,Y=1",24,0.02919245887610456,0.43478260869565216
11,selected,1.0000000000000027,crime,"D=0,Y=1",24,0.02919245887610456,0.4782608695652174
11,candidate,0.9962121046280127,crime,"D=0,Y=1",24,0.02919245887610456,0.4782608695652174
11,candidate,0.9938487151653702,crime,"D=0,Y=1",24,0.02919245887610456,0.4782608695652174
11,candidate,0.9944395071626568,crime,"D=0,Y=1",24,0.02919245887610456,0.4782608695652174
11,candidate,0.9988131877561354,crime,"D=0,Y=1",24,0.02919245887610456,0.4782608695652174
11,candidate,0.9978878412498315,crime,"D=0,Y=1",24,0.02919245887610456,0.4782608695652174
11,candidate,0.9969778490684349,crime,"D=0,Y=1",24,0.02919245887610456,0.4782608695652174
11,candidate,0.9778512921459765,crime,"D=0,Y=1",24,0.02919245887610456,0.4782608695652174
11,candidate,0.9487596964149975,crime,"D=0,Y=1",24,0.02919245887610456,0.4782608695652174
11,candidate,0.9411276072708201,crime,"D=0,Y=1",24,0.02919245887610456,0.4782608695652174
11,candidate,0.971384973000227,crime,"D=0,Y=1",24,0.02919245887610456,0.4782608695652174
11,candidate,0.9984044909814526,crime,"D=0,Y=1",24,0.02919245887610456,0.4782608695652174
11,candidate,0.9890567706841243,crime,"D=0,Y=1",24,0.02919245887610456,0.4782608695652174
11,candidate,0.996365444731792,crime,"D=0,Y=1",24,0.02919245887610456,0.4782608695652174
11,candidate,0.9894095488718594,crime,"D=0,Y=1",24,0.02919245887610456,0.4782608695652174
11,candidate,0.9494898295578579,crime,"D=0,Y=1",24,0.02919245887610456,0.4782608695652174
11,candidate,0.9971457789422836,crime,"D=0,Y=1",24,0.02919245887610456,0.4782608695652174
11,candidate,0.9994319871591112,crime,"D=0,Y=1",24,0.02919245887610456,0.4782608695652174
11,candidate,1.0000000000000022,crime,"D=0,Y=1",24,0.02919245887610456,0.4782608695652174
11,candidate,0.9892441184293347,crime,"D=0,Y=1",24,0.02919245887610456,0.4782608695652174
11,candidate,0.999812653004442,crime,"D=0,Y=1",24,0.02919245887610456,0.4782608695652174
12,selected,0.9890886099016024,crime,"D=0,Y=1",24,0.02919245887610456,0.5217391304347826
12,candidate,0.9463355282192449,crime,"D=0,Y=1",24,0.02919245887610456,0.5217391304347826
12,candidate,0.9999999999999972,crime,"D=0,Y=1",24,0.02919245887610456,0.5217391304347826
12,candidate,0.9953026666452431,crime,"D=0,Y=1",24,0.02919245887610456,0.5217391304347826
12,candidate,0.9969778490684326,crime,"D=0,Y=1",24,0.02919245887610456,0.5217391304347826
12,candidate,0.9996782030442234,crime,"D=0,Y=1",24,0.02919245887610456,0.5217391304347826
12,candidate,0.9999999999999983,crime,"D=0,Y=1",24,0.02919245887610456,0.5217391304347826
12,candidate,0.9710934010860499,crime,"D=0,Y=1",24,0.02919245887610456,0.5217391304347826
12,candidate,0.9969013027920866,crime,"D=0,Y=1",24,0.02919245887610456,0.5217391304347826
12,candidate,0.986305537929564,crime,"D=0,Y=1",24,0.02919245887610456,0.5217391304347826
12,candidate,0.9318436112279876,crime,"D=0,Y=1",24,0.02919245887610456,0.5217391304347826
12,candidate,0.9958120071724107,crime,"D=0,Y=1",24,0.02919245887610456,0.5217391304347826
12,candidate,0.9965816972058941,crime,"D=0,Y=1",24,0.02919245887610456,0.5217391304347826
12,candidate,0.999999999999998,crime,"D=0,Y=1",24,0.02919245887610456,0.5217391304347826
12,candidate,0.942894513750371,crime,"D=0,Y=1",24,0.02919245887610456,0.5217391304347826
12,candidate,0.9331151527091295,crime,"D=0,Y=1",24,0.02919245887610456,0.5217391304347826
12,candidate,0.9999999999999976,crime,"D=0,Y=1",24,0.02919245887610456,0.5217391304347826
12,candidate,0.9223839559230912,crime,"D=0,Y=1",24,0.02919245887610456,0.5217391304347826
12,candidate,0.9367369636532424,crime,"D=0,Y=1",24,0.02919245887610456,0.5217391304347826
12,candidate,0.9892441184293322,crime,"D=0,Y=1",24,0.02919245887610456,0.5217391304347826
12,candidate,0.941402114578021,crime,"D=0,Y=1",24,0.02919245887610456,0.5217391304347826
13,selected,0.9984044909814502,crime,"D=0,Y=1",24,0.02919245887610456,0.5652173913043478
13,candidate,0.9999999999999988,crime,"D=0,Y=1",24,0.02919245887610456,0.5652173913043478
13,candidate,0.9999999999999997,crime,"D=0,Y=1",24,0.02919245887610456,0.5652173913043478
13,candidate,0.999999999999998,crime,"D=0,Y=1",24,0.02919245887610456,0.5652173913043478
13,candidate,0.9294660455403747,crime,"D=0,Y=1",24,0.02919245887610456,0.5652173913043478
13,candidate,0.9996782030442257,crime,"D=0,Y=1",24,0.02919245887610456,0.5652173913043478
13,candidate,0.9349532031599612,crime,"D=0,Y=1",24,0.02919245887610456,0.5652173913043478
13,candidate,0.937891338582933,crime,"D=0,Y=1",24,0.02919245887610456,0.5652173913043478
13,candidate,0.9540127782961847,crime,"D=0,Y=1",24,0.02919245887610456,0.5652173913043478
13,candidate,0.989409548871857,crime,"D=0,Y=1",24,0.02919245887610456,0.5652173913043478
13,candidate,0.9367369636532424,crime,"D=0,Y=1",24,0.02919245887610456,0.5652173913043478
13,candidate,0.9428945137503733,crime,"D=0,Y=1",24,0.02919245887610456,0.5652173913043478
13,candidate,0.9941551342163675,crime,"D=0,Y=1",24,0.02919245887610456,0.5652173913043478
13,candidate,0.9253494573212282,crime,"D=0,Y=1",24,0.02919245887610456,0.5652173913043478
13,candidate,0.9661961451629335,crime,"D=0,Y=1",24,0.02919245887610456,0.5652173913043478
13,candidate,0.9531597233821396,crime,"D=0,Y=1",24,0.02919245887610456,0.5652173913043478
13,candidate,0.9221466276447675,crime,"D=0,Y=1",24,0.02919245887610456,0.5652173913043478
13,candidate,0.906528475289209,crime,"D=0,Y=1",24,0.02919245887610456,0.5652173913043478
13,candidate,0.9106553202586686,crime,"D=0,Y=1",24,0.02919245887610456,0.5652173913043478
13,candidate,0.9909857841683885,crime,"D=0,Y=1",24,0.02919245887610456,0.5652173913043478
13,candidate,0.9376936159148722,crime,"D=0,Y=1",24,0.02919245887610456,0.5652173913043478
14,selected,0.9969013027920889,crime,"D=0,Y=1",24,0.02919245887610456,0.6086956521739131
14,candidate,0.9999999999999994,crime,"D=0,Y=1",24,0.02919245887610456,0.6086956521739131
14,candidate,0.8941719210219247,crime,"D=0,Y=1",24,0.02919245887610456,0.6086956521739131
14,candidate,0.9398968710757654,crime,"D=0,Y=1",24,0.02919245887610456,0.6086956521739131
14,candidate,0.9253494573212282,crime,"D=0,Y=1",24,0.02919245887610456,0.6086956521739131
14,candidate,0.9801924221417309,crime,"D=0,Y=1",24,0.02919245887610456,0.6086956521739131
14,candidate,0.9206458701360926,crime,"D=0,Y=1",24,0.02919245887610456,0.6086956521739131
14,candidate,0.9806346255503099,crime,"D=0,Y=1",24,0.02919245887610456,0.6086956521739131
14,candidate,0.9207487305492962,crime,"D=0,Y=1",24,0.02919245887610456,0.6086956521739131
14,candidate,0.9382149770309185,crime,"D=0,Y=1",24,0.02919245887610456,0.6086956521739131
14,candidate,0.9348510502843307,crime,"D=0,Y=1",24,0.02919245887610456,0.6086956521739131
14,candidate,0.9378913385829307,crime,"D=0,Y=1",24,0.02919245887610456,0.6086956521739131
14,candidate,0.8955878654580206,crime,"D=0,Y=1",24,0.02919245887610456,0.6086956521739131
14,candidate,0.9015414174317266,crime,"D=0,Y=1",24,0.02919245887610456,0.6086956521739131
14,candidate,0.9221466276447675,crime,"D=0,Y=1",24,0.02919245887610456,0.6086956521739131
14,candidate,0.906528475289209,crime,"D=0,Y=1",24,0.02919245887610456,0.6086956521739131
14,candidate,0.9910748488283727,crime,"D=0,Y=1",24,0.02919245887610456,0.6086956521739131
14,candidate,0.9224935584551035,crime,"D=0,Y=1",24,0.02919245887610456,0.6086956521739131
14,candidate,0.9406974442429594,crime,"D=0,Y=1",24,0.02919245887610456,0.6086956521739131
14,candidate,0.9233802386800444,crime,"D=0,Y=1",24,0.02919245887610456,0.6086956521739131
14,candidate,0.9354093082155892,crime,"D=0,Y=1",24,0.02919245887610456,0.6086956521739131
15,selected,0.9985950650727893,crime,"D=0,Y=1",24,0.02919245887610456,0.6521739130434783
15,candidate,0.9324885663292269,crime,"D=0,Y=1",24,0.02919245887610456,0.6521739130434783
15,candidate,0.9451100640534271,crime,"D=0,Y=1",24,0.02919245887610456,0.6521739130434783
15,candidate,0.9775445984512483,crime,"D=0,Y=1",24,0.02919245887610456,0.6521739130434783
15,candidate,1.000000000000001,crime,"D=0,Y=1",24,0.02919245887610456,0.6521739130434783
15,candidate,0.9635402423470085,crime,"D=0,Y=1",24,0.02919245887610456,0.6521739130434783
15,candidate,0.9540127782961847,crime,"D=0,Y=1",24,0.02919245887610456,0.6521739130434783
15,candidate,0.9083156790247068,crime,"D=0,Y=1",24,0.02919245887610456,0.6521739130434783
15,candidate,0.9990007956352259,crime,"D=0,Y=1",24,0.02919245887610456,0.6521739130434783
15,candidate,0.933807598408304,crime,"D=0,Y=1",24,0.02919245887610456,0.6521739130434783
15,candidate,0.9019527785607525,crime,"D=0,Y=1",24,0.02919245887610456,0.6521739130434783
15,candidate,0.9946904323376616,crime,"D=0,Y=1",24,0.02919245887610456,0.6521739130434783
15,candidate,0.9363473763804643,crime,"D=0,Y=1",24,0.02919245887610456,0.6521739130434783
15,candidate,0.9372812198778495,crime,"D=0,Y=1",24,0.02919245887610456,0.6521739130434783
15,candidate,0.9065284752892114,crime,"D=0,Y=1",24,0.02919245887610456,0.6521739130434783
15,candidate,0.9395613521313607,crime,"D=0,Y=1",24,0.02919245887610456,0.6521739130434783
15,candidate,0.8948447950716503,crime,"D=0,Y=1",24,0.02919245887610456,0.6521739130434783
15,candidate,0.9909857841683885,crime,"D=0,Y=1",24,0.02919245887610456,0.6521739130434783
15,candidate,0.9440433119006438,crime,"D=0,Y=1",24,0.02919245887610456,0.6521739130434783
15,candidate,0.9376936159148722,crime,"D=0,Y=1",24,0.02919245887610456,0.6521739130434783
15,candidate,0.9871416856172948,crime,"D=0,Y=1",24,0.02919245887610456,0.6521739130434783
16,selected,0.9861773976091012,crime,"D=0,Y=1",24,0.02919245887610456,0.6956521739130435
16,candidate,0.894171921021927,crime,"D=0,Y=1",24,0.02919245887610456,0.6956521739130435
16,candidate,0.9176588291861014,crime,"D=0,Y=1",24,0.02919245887610456,0.6956521739130435
16,candidate,1.000000000000005,crime,"D=0,Y=1",24,0.02919245887610456,0.6956521739130435
16,candidate,0.9818184238868508,crime,"D=0,Y=1",24,0.02919245887610456,0.6956521739130435
16,candidate,0.9149586694681209,crime,"D=0,Y=1",24,0.02919245887610456,0.6956521739130435
16,candidate,0.916824401396634,crime,"D=0,Y=1",24,0.02919245887610456,0.6956521739130435
16,candidate,0.9788367008364218,crime,"D=0,Y=1",24,0.02919245887610456,0.6956521739130435
16,candidate,0.9145821203943543,crime,"D=0,Y=1",24,0.02919245887610456,0.6956521739130435
16,candidate,0.9341931206206978,crime,"D=0,Y=1",24,0.02919245887610456,0.6956521739130435
16,candidate,0.9405163836990601,crime,"D=0,Y=1",24,0.02919245887610456,0.6956521739130435
16,candidate,0.8873003369111637,crime,"D=0,Y=1",24,0.02919245887610456,0.6956521739130435
16,candidate,0.9019527785607548,crime,"D=0,Y=1",24,0.02919245887610456,0.6956521739130435
16,candidate,0.9761610735494065,crime,"D=0,Y=1",24,0.02919245887610456,0.6956521739130435
16,candidate,0.9338439138376645,crime,"D=0,Y=1",24,0.02919245887610456,0.6956521739130435
16,candidate,0.9202361024294006,crime,"D=0,Y=1",24,0.02919245887610456,0.6956521739130435
16,candidate,0.9052249835569709,crime,"D=0,Y=1",24,0.02919245887610456,0.6956521739130435
16,candidate,0.867215237558142,crime,"D=0,Y=1",24,0.02919245887610456,0.6956521739130435
16,candidate,0.9165530677578996,crime,"D=0,Y=1",24,0.02919245887610456,0.6956521739130435
16,candidate,0.994007711992086,crime,"D=0,Y=1",24,0.02919245887610456,0.6956521739130435
16,candidate,0.8932053011060986,crime,"D=0,Y=1",24,0.02919245887610456,0.6956521739130435
17,selected,0.9763353431979265,crime,"D=0,Y=1",24,0.02919245887610456,0.7391304347826086
17,candidate,0.9535163490561351,crime,"D=0,Y=1",24,0.02919245887610456,0.7391304347826086
17,candidate,0.9540127782961847,crime,"D=0,Y=1",24,0.02919245887610456,0.7391304347826086
17,candidate,0.9802758644088416,crime,"D=0,Y=1",24,0.02919245887610456,0.7391304347826086
17,candidate,0.9106553202586662,crime,"D=0,Y=1",24,0.02919245887610456,0.7391304347826086
17,candidate,0.9830636344521436,crime,"D=0,Y=1",24,0.02919245887610456,0.7391304347826086
17,candidate,0.8968389207325229,crime,"D=0,Y=1",24,0.02919245887610456,0.7391304347826086
17,candidate,0.972974782405927,crime,"D=0,Y=1",24,0.02919245887610456,0.7391304347826086
17,candidate,0.9376430769808513,crime,"D=0,Y=1",24,0.02919245887610456,0.7391304347826086
17,candidate,0.8902168075235801,crime,"D=0,Y=1",24,0.02919245887610456,0.7391304347826086
17,candidate,0.8852884984285547,crime,"D=0,Y=1",24,0.02919245887610456,0.7391304347826086
17,candidate,0.9222792654123337,crime,"D=0,Y=1",24,0.02919245887610456,0.7391304347826086
17,candidate,0.9165530677578971,crime,"D=0,Y=1",24,0.02919245887610456,0.7391304347826086
17,candidate,0.9177415796387793,crime,"D=0,Y=1",24,0.02919245887610456,0.7391304347826086
17,candidate,0.8786256963404474,crime,"D=0,Y=1",24,0.02919245887610456,0.7391304347826086
17,candidate,0.967534094452685,crime,"D=0,Y=1",24,0.02919245887610456,0.7391304347826086
17,candidate,0.9135200425772768,crime,"D=0,Y=1",24,0.02919245887610456,0.7391304347826086
17,candidate,0.9155919137335184,crime,"D=0,Y=1",24,0.02919245887610456,0.7391304347826086
17,candidate,0.9228496844518073,crime,"D=0,Y=1",24,0.02919245887610456,0.7391304347826086
17,candidate,0.9357640269430435,crime,"D=0,Y=1",24,0.02919245887610456,0.7391304347826086
17,candidate,0.900586993863584,crime,"D=0,Y=1",24,0.02919245887610456,0.7391304347826086
18,selected,0.9896963965906653,crime,"D=0,Y=1",24,0.02919245887610456,0.782608695652174
18,candidate,0.9159393308232846,crime,"D=0,Y=1",24,0.02919245887610456,0.782608695652174
18,candidate,0.8749208682779389,crime,"D=0,Y=1",24,0.02919245887610456,0.782608695652174
18,candidate,0.9128835708241722,crime,"D=0,Y=1",24,0.02919245887610456,0.782608695652174
18,candidate,0.9453251298413384,crime,"D=0,Y=1",24,0.02919245887610456,0.782608695652174
18,candidate,0.988709721644205,crime,"D=0,Y=1",24,0.02919245887610456,0.782608695652174
18,candidate,0.9565153816240634,crime,"D=0,Y=1",24,0.02919245887610456,0.782608695652174
18,candidate,0.8632698670514178,crime,"D=0,Y=1",24,0.02919245887610456,0.782608695652174
18,candidate,0.9796531139899375,crime,"D=0,Y=1",24,0.02919245887610456,0.782608695652174
18,candidate,0.8822166961402942,crime,"D=0,Y=1",24,0.02919245887610456,0.782608695652174
18,candidate,0.9868182155078082,crime,"D=0,Y=1",24,0.02919245887610456,0.782608695652174
18,candidate,0.9046016957142947,crime,"D=0,Y=1",24,0.02919245887610456,0.782608695652174
18,candidate,0.9167835479811567,crime,"D=0,Y=1",24,0.02919245887610456,0.782608695652174
18,candidate,0.9247685258982129,crime,"D=0,Y=1",24,0.02919245887610456,0.782608695652174
18,candidate,0.889505162316368,crime,"D=0,Y=1",24,0.02919245887610456,0.782608695652174
18,candidate,0.8950300647852665,crime,"D=0,Y=1",24,0.02919245887610456,0.782608695652174
18,candidate,0.8935136006794325,crime,"D=0,Y=1",24,0.02919245887610456,0.782608695652174
18,candidate,0.8649956872426494,crime,"D=0,Y=1",24,0.02919245887610456,0.782608695652174
18,candidate,0.8783946546136364,crime,"D=0,Y=1",24,0.02919245887610456,0.782608695652174
18,candidate,0.9128018484538417,crime,"D=0,Y=1",24,0.02919245887610456,0.782608695652174
18,candidate,0.874669516871279,crime,"D=0,Y=1",24,0.02919245887610456,0.782608695652174
19,selected,0.9549860853874272,crime,"D=0,Y=1",24,0.02919245887610456,0.8260869565217391
19,candidate,0.9301259411005036,crime,"D=0,Y=1",24,0.02919245887610456,0.8260869565217391
19,candidate,0.8779655184579558,crime,"D=0,Y=1",24,0.02919245887610456,0.8260869565217391
19,candidate,1.0000000000000024,crime,"D=0,Y=1",24,0.02919245887610456,0.8260869565217391
19,candidate,0.8760517563280837,crime,"D=0,Y=1",24,0.02919245887610456,0.8260869565217391
19,candidate,0.900405871284129,crime,"D=0,Y=1",24,0.02919245887610456,0.8260869565217391
19,candidate,0.840912582022126,crime,"D=0,Y=1",24,0.02919245887610456,0.8260869565217391
19,candidate,0.8713504938426025,crime,"D=0,Y=1",24,0.02919245887610456,0.8260869565217391
19,candidate,0.9735683911366871,crime,"D=0,Y=1",24,0.02919245887610456,0.8260869565217391
19,candidate,0.8943217458086603,crime,"D=0,Y=1",24,0.02919245887610456,0.8260869565217391
19,candidate,0.8616694074401756,crime,"D=0,Y=1",24,0.02919245887610456,0.8260869565217391
19,candidate,0.9087196754563109,crime,"D=0,Y=1",24,0.02919245887610456,0.8260869565217391
19,candidate,0.8838157847612929,crime,"D=0,Y=1",24,0.02919245887610456,0.8260869565217391
19,candidate,0.8953630957314503,crime,"D=0,Y=1",24,0.02919245887610456,0.8260869565217391
19,candidate,0.8667031119793804,crime,"D=0,Y=1",24,0.02919245887610456,0.8260869565217391
19,candidate,0.9487794791636346,crime,"D=0,Y=1",24,0.02919245887610456,0.8260869565217391
19,candidate,0.8412532799823452,crime,"D=0,Y=1",24,0.02919245887610456,0.8260869565217391
19,candidate,0.868900044042026,crime,"D=0,Y=1",24,0.02919245887610456,0.8260869565217391
19,candidate,0.8815272912526344,crime,"D=0,Y=1",24,0.02919245887610456,0.8260869565217391
19,candidate,0.9055910947677971,crime,"D=0,Y=1",24,0.02919245887610456,0.8260869565217391
19,candidate,0.8868689710449862,crime,"D=0,Y=1",24,0.02919245887610456,0.8260869565217391
20,selected,0.9501597015413741,crime,"D=0,Y=1",24,0.02919245887610456,0.8695652173913043
20,candidate,0.8629377761212358,crime,"D=0,Y=1",24,0.02919245887610456,0.8695652173913043
20,candidate,0.8660632192982586,crime,"D=0,Y=1",24,0.02919245887610456,0.8695652173913043
20,candidate,0.9999999999999997,crime,"D=0,Y=1",24,0.02919245887610456,0.8695652173913043
20,candidate,0.8853062179331874,crime,"D=0,Y=1",24,0.02919245887610456,0.8695652173913043
20,candidate,0.8804511209168864,crime,"D=0,Y=1",24,0.02919245887610456,0.8695652173913043
20,candidate,0.9336011454343833,crime,"D=0,Y=1",24,0.02919245887610456,0.8695652173913043
20,candidate,0.830191002973714,crime,"D=0,Y=1",24,0.02919245887610456,0.8695652173913043
20,candidate,0.8893590753466515,crime,"D=0,Y=1",24,0.02919245887610456,0.8695652173913043
20,candidate,0.865992604413639,crime,"D=0,Y=1",24,0.02919245887610456,0.8695652173913043
20,candidate,0.9717558330449306,crime,"D=0,Y=1",24,0.02919245887610456,0.8695652173913043
20,candidate,0.9372285819979893,crime,"D=0,Y=1",24,0.02919245887610456,0.8695652173913043
20,candidate,0.8289559726922637,crime,"D=0,Y=1",24,0.02919245887610456,0.8695652173913043
20,candidate,0.9068806469278533,crime,"D=0,Y=1",24,0.02919245887610456,0.8695652173913043
20,candidate,0.8820171422574213,crime,"D=0,Y=1",24,0.02919245887610456,0.8695652173913043
20,candidate,0.8554607229346409,crime,"D=0,Y=1",24,0.02919245887610456,0.8695652173913043
20,candidate,0.8926782300598443,crime,"D=0,Y=1",24,0.02919245887610456,0.8695652173913043
20,candidate,0.8427827704818138,crime,"D=0,Y=1",24,0.02919245887610456,0.8695652173913043
20,candidate,0.8724491317465775,crime,"D=0,Y=1",24,0.02919245887610456,0.8695652173913043
20,candidate,0.8460759525184824,crime,"D=0,Y=1",24,0.02919245887610456,0.8695652173913043
20,candidate,0.9010488887664742,crime,"D=0,Y=1",24,0.02919245887610456,0.8695652173913043
21,selected,0.9642668803555211,crime,"D=0,Y=1",24,0.02919245887610456,0.9130434782608695
21,candidate,0.8724491317465775,crime,"D=0,Y=1",24,0.02919245887610456,0.9130434782608695
21,candidate,0.9717558330449251,crime,"D=0,Y=1",24,0.02919245887610456,0.9130434782608695
21,candidate,0.8646659763563933,crime,"D=0,Y=1",24,0.02919245887610456,0.9130434782608695
21,candidate,0.6969704142887391,crime,"D=0,Y=1",24,0.02919245887610456,0.9130434782608695
21,candidate,0.8896706291421258,crime,"D=0,Y=1",24,0.02919245887610456,0.9130434782608695
21,candidate,0.8601652496854217,crime,"D=0,Y=1",24,0.02919245887610456,0.9130434782608695
21,candidate,0.8588430968382877,crime,"D=0,Y=1",24,0.02919245887610456,0.9130434782608695
21,candidate,0.8885003151974423,crime,"D=0,Y=1",24,0.02919245887610456,0.9130434782608695
21,candidate,0.657548503633187,crime,"D=0,Y=1",24,0.02919245887610456,0.9130434782608695
21,candidate,0.824227165583347,crime,"D=0,Y=1",24,0.02919245887610456,0.9130434782608695
21,candidate,0.9372285819979893,crime,"D=0,Y=1",24,0.02919245887610456,0.9130434782608695
21,candidate,0.7654435511077968,crime,"D=0,Y=1",24,0.02919245887610456,0.9130434782608695
21,candidate,0.8756313518521864,crime,"D=0,Y=1",24,0.02919245887610456,0.9130434782608695
21,candidate,0.903730465686071,crime,"D=0,Y=1",24,0.02919245887610456,0.9130434782608695
21,candidate,0.8749226138591563,crime,"D=0,Y=1",24,0.02919245887610456,0.9130434782608695
21,candidate,0.7060609526252387,crime,"D=0,Y=1",24,0.02919245887610456,0.9130434782608695
21,candidate,0.8962522416086758,crime,"D=0,Y=1",24,0.02919245887610456,0.9130434782608695
21,candidate,0.787347433508288,crime,"D=0,Y=1",24,0.02919245887610456,0.9130434782608695
21,candidate,0.8460759525184824,crime,"D=0,Y=1",24,0.02919245887610456,0.9130434782608695
21,candidate,0.7446708656132851,crime,"D=0,Y=1",24,0.02919245887610456,0.9130434782608695
22,selected,0.9505067123197134,crime,"D=0,Y=1",24,0.02919245887610456,0.9565217391304348
22,candidate,0.7913102178604017,crime,"D=0,Y=1",24,0.02919245887610456,0.9565217391304348
22,candidate,0.7887046866947058,crime,"D=0,Y=1",24,0.02919245887610456,0.9565217391304348
22,candidate,0.8474893511800192,crime,"D=0,Y=1",24,0.02919245887610456,0.9565217391304348
22,candidate,0.8954297413947977,crime,"D=0,Y=1",24,0.02919245887610456,0.9565217391304348
22,candidate,0.9986105349057091,crime,"D=0,Y=1",24,0.02919245887610456,0.9565217391304348
22,candidate,0.779537355667255,crime,"D=0,Y=1",24,0.02919245887610456,0.9565217391304348
22,candidate,0.82212645891262,crime,"D=0,Y=1",24,0.02919245887610456,0.9565217391304348
22,candidate,0.7599919901723168,crime,"D=0,Y=1",24,0.02919245887610456,0.9565217391304348
22,candidate,0.6870380504158315,crime,"D=0,Y=1",24,0.02919245887610456,0.9565217391304348
22,candidate,0.9943822845344218,crime,"D=0,Y=1",24,0.02919245887610456,0.9565217391304348
22,candidate,0.9571711388090712,crime,"D=0,Y=1",24,0.02919245887610456,0.9565217391304348
22,candidate,0.8266341624216156,crime,"D=0,Y=1",24,0.02919245887610456,0.9565217391304348
22,candidate,0.7595324467056934,crime,"D=0,Y=1",24,0.02919245887610456,0.9565217391304348
22,candidate,0.6992081057095729,crime,"D=0,Y=1",24,0.02919245887610456,0.9565217391304348
22,candidate,0.7684283755625934,crime,"D=0,Y=1",24,0.02919245887610456,0.9565217391304348
22,candidate,0.7346658655394002,crime,"D=0,Y=1",24,0.02919245887610456,0.9565217391304348
22,candidate,0.8477364966375808,crime,"D=0,Y=1",24,0.02919245887610456,0.9565217391304348
22,candidate,0.7838779309793399,crime,"D=0,Y=1",24,0.02919245887610456,0.9565217391304348
22,candidate,0.9482315370345586,crime,"D=0,Y=1",24,0.02919245887610456,0.9565217391304348
22,candidate,0.8295370380637551,crime,"D=0,Y=1",24,0.02919245887610456,0.9565217391304348
23,selected,0.9882917905238289,crime,"D=0,Y=1",24,0.02919245887610456,1.0
23,candidate,0.419083408980202,crime,"D=0,Y=1",24,0.02919245887610456,1.0
23,candidate,0.5643684767824687,crime,"D=0,Y=1",24,0.02919245887610456,1.0
23,candidate,0.340155793100644,crime,"D=0,Y=1",24,0.02919245887610456,1.0
23,candidate,0.8224256945148498,crime,"D=0,Y=1",24,0.02919245887610456,1.0
23,candidate,0.71960104564605,crime,"D=0,Y=1",24,0.02919245887610456,1.0
23,candidate,0.7283341255965703,crime,"D=0,Y=1",24,0.02919245887610456,1.0
23,candidate,0.7275669065542116,crime,"D=0,Y=1",24,0.02919245887610456,1.0
23,candidate,0.4509382589717257,crime,"D=0,Y=1",24,0.02919245887610456,1.0
23,candidate,0.7367037536321724,crime,"D=0,Y=1",24,0.02919245887610456,1.0
23,candidate,0.6380580690103559,crime,"D=0,Y=1",24,0.02919245887610456,1.0
23,candidate,0.8146736666400433,crime,"D=0,Y=1",24,0.02919245887610456,1.0
23,candidate,0.7197070297629617,crime,"D=0,Y=1",24,0.02919245887610456,1.0
23,candidate,0.8357065670620103,crime,"D=0,Y=1",24,0.02919245887610456,1.0
23,candidate,0.8232010481935244,crime,"D=0,Y=1",24,0.02919245887610456,1.0
23,candidate,0.7547172588783547,crime,"D=0,Y=1",24,0.02919245887610456,1.0
23,candidate,0.6486659612595234,crime,"D=0,Y=1",24,0.02919245887610456,1.0
23,candidate,0.9790274787843247,crime,"D=0,Y=1",24,0.02919245887610456,1.0
23,candidate,0.3650033206219902,crime,"D=0,Y=1",24,0.02919245887610456,1.0
23,candidate,0.9734803171327191,crime,"D=0,Y=1",24,0.02919245887610456,1.0
23,candidate,0.8179962551998871,crime,"D=0,Y=1",24,0.02919245887610456,1.0
0,selected,1.0000000000000002,crime,"D=0,Y=0",44,0.09574231975319411,0.0
0,candidate,1.0,crime,"D=0,Y=0",44,0.09574231975319411,0.0
0,candidate,1.0000000000000002,crime,"D=0,Y=0",44,0.09574231975319411,0.0
0,candidate,1.0000000000000002,crime,"D=0,Y=0",44,0.09574231975319411,0.0
0,candidate,1.0,crime,"D=0,Y=0",44,0.09574231975319411,0.0
0,candidate,1.0000000000000002,crime,"D=0,Y=0",44,0.09574231975319411,0.0
0,candidate,1.0,crime,"D=0,Y=0",44,0.09574231975319411,0.0
0,candidate,1.0000000000000002,crime,"D=0,Y=0",44,0.09574231975319411,0.0
0,candidate,1.0,crime,"D=0,Y=0",44,0.09574231975319411,0.0
0,candidate,1.0000000000000002,crime,"D=0,Y=0",44,0.09574231975319411,0.0
0,candidate,1.0,crime,"D=0,Y=0",44,0.09574231975319411,0.0
0,candidate,1.0,crime,"D=0,Y=0",44,0.09574231975319411,0.0
0,candidate,1.0,crime,"D=0,Y=0",44,0.09574231975319411,0.0
0,candidate,1.0,crime,"D=0,Y=0",44,0.09574231975319411,0.0
0,candidate,1.0,crime,"D=0,Y=0",44,0.09574231975319411,0.0
0,candidate,1.0,crime,"D=0,Y=0",44,0.09574231975319411,0.0
0,candidate,1.0000000000000002,crime,"D=0,Y=0",44,0.09574231975319411,0.0
0,candidate,1.0000000000000002,crime,"D=0,Y=0",44,0.09574231975319411,0.0
0,candidate,1.0000000000000002,crime,"D=0,Y=0",44,0.09574231975319411,0.0
0,candidate,1.0,crime,"D=0,Y=0",44,0.09574231975319411,0.0
0,candidate,1.0,crime,"D=0,Y=0",44,0.09574231975319411,0.0
1,selected,1.0,crime,"D=0,Y=0",44,0.09574231975319411,0.023255813953488372
1,candidate,1.0,crime,"D=0,Y=0",44,0.09574231975319411,0.023255813953488372
1,candidate,1.0,crime,"D=0,Y=0",44,0.09574231975319411,0.023255813953488372
1,candidate,1.0,crime,"D=0,Y=0",44,0.09574231975319411,0.023255813953488372
1,candidate,1.0000000000000002,crime,"D=0,Y=0",44,0.09574231975319411,0.023255813953488372
1,candidate,0.9999999999999999,crime,"D=0,Y=0",44,0.09574231975319411,0.023255813953488372
1,candidate,1.0000000000000002,crime,"D=0,Y=0",44,0.09574231975319411,0.023255813953488372
1,candidate,1.0000000000000002,crime,"D=0,Y=0",44,0.09574231975319411,0.023255813953488372
1,candidate,1.0000000000000002,crime,"D=0,Y=0",44,0.09574231975319411,0.023255813953488372
1,candidate,1.0,crime,"D=0,Y=0",44,0.09574231975319411,0.023255813953488372
1,candidate,1.0,crime,"D=0,Y=0",44,0.09574231975319411,0.023255813953488372
1,candidate,1.0,crime,"D=0,Y=0",44,0.09574231975319411,0.023255813953488372
1,candidate,1.0000000000000002,crime,"D=0,Y=0",44,0.09574231975319411,0.023255813953488372
1,candidate,1.0000000000000002,crime,"D=0,Y=0",44,0.09574231975319411,0.023255813953488372
1,candidate,0.9999999999999999,crime,"D=0,Y=0",44,0.09574231975319411,0.023255813953488372
1,candidate,1.0,crime,"D=0,Y=0",44,0.09574231975319411,0.023255813953488372
1,candidate,0.9970158849518589,crime,"D=0,Y=0",44,0.09574231975319411,0.023255813953488372
1,candidate,0.9824345743424424,crime,"D=0,Y=0",44,0.09574231975319411,0.023255813953488372
1,candidate,0.999627864922494,crime,"D=0,Y=0",44,0.09574231975319411,0.023255813953488372
1,candidate,1.0,crime,"D=0,Y=0",44,0.09574231975319411,0.023255813953488372
1,candidate,1.0,crime,"D=0,Y=0",44,0.09574231975319411,0.023255813953488372
2,selected,0.9999999999999999,crime,"D=0,Y=0",44,0.09574231975319411,0.046511627906976744
2,candidate,0.9999999999999998,crime,"D=0,Y=0",44,0.09574231975319411,0.046511627906976744
2,candidate,0.9999999999999998,crime,"D=0,Y=0",44,0.09574231975319411,0.046511627906976744
2,candidate,1.0,crime,"D=0,Y=0",44,0.09574231975319411,0.046511627906976744
2,candidate,1.0,crime,"D=0,Y=0",44,0.09574231975319411,0.046511627906976744
2,candidate,0.9999999999999999,crime,"D=0,Y=0",44,0.09574231975319411,0.046511627906976744
2,candidate,1.0,crime,"D=0,Y=0",44,0.09574231975319411,0.046511627906976744
2,candidate,0.9959607596748561,crime,"D=0,Y=0",44,0.09574231975319411,0.046511627906976744
2,candidate,0.9999999999999996,crime,"D=0,Y=0",44,0.09574231975319411,0.046511627906976744
2,candidate,0.9999999999999999,crime,"D=0,Y=0",44,0.09574231975319411,0.046511627906976744
2,candidate,1.0,crime,"D=0,Y=0",44,0.09574231975319411,0.046511627906976744
2,candidate,0.9999999999999999,crime,"D=0,Y=0",44,0.09574231975319411,0.046511627906976744
2,candidate,0.9994004004754217,crime,"D=0,Y=0",44,0.09574231975319411,0.046511627906976744
2,candidate,0.997879120258913,crime,"D=0,Y=0",44,0.09574231975319411,0.046511627906976744
2,candidate,1.0,crime,"D=0,Y=0",44,0.09574231975319411,0.046511627906976744
2,candidate,1.0,crime,"D=0,Y=0",44,0.09574231975319411,0.046511627906976744
2,candidate,0.9999999999999999,crime,"D=0,Y=0",44,0.09574231975319411,0.046511627906976744
2,candidate,0.9999999999999999,crime,"D=0,Y=0",44,0.09574231975319411,0.046511627906976744
2,candidate,0.9999999999999999,crime,"D=0,Y=0",44,0.09574231975319411,0.046511627906976744
2,candidate,0.9999999999999997,crime,"D=0,Y=0",44,0.09574231975319411,0.046511627906976744
2,candidate,1.0000000000000002,crime,"D=0,Y=0",44,0.09574231975319411,0.046511627906976744
3,selected,1.0000000000000007,crime,"D=0,Y=0",44,0.09574231975319411,0.06976744186046512
3,candidate,1.0000000000000002,crime,"D=0,Y=0",44,0.09574231975319411,0.06976744186046512
3,candidate,0.9987856555937824,crime,"D=0,Y=0",44,0.09574231975319411,0.06976744186046512
3,candidate,1.0000000000000004,crime,"D=0,Y=0",44,0.09574231975319411,0.06976744186046512
3,candidate,0.9805174018477353,crime,"D=0,Y=0",44,0.09574231975319411,0.06976744186046512
3,candidate,1.0000000000000007,crime,"D=0,Y=0",44,0.09574231975319411,0.06976744186046512
3,candidate,0.9790876973481564,crime,"D=0,Y=0",44,0.09574231975319411,0.06976744186046512
3,candidate,0.9979639393862564,crime,"D=0,Y=0",44,0.09574231975319411,0.06976744186046512
3,candidate,0.9983835763599492,crime,"D=0,Y=0",44,0.09574231975319411,0.06976744186046512
3,candidate,1.0000000000000002,crime,"D=0,Y=0",44,0.09574231975319411,0.06976744186046512
3,candidate,1.0,crime,"D=0,Y=0",44,0.09574231975319411,0.06976744186046512
3,candidate,1.0000000000000002,crime,"D=0,Y=0",44,0.09574231975319411,0.06976744186046512
3,candidate,1.0000000000000004,crime,"D=0,Y=0",44,0.09574231975319411,0.06976744186046512
3,candidate,1.0000000000000007,crime,"D=0,Y=0",44,0.09574231975319411,0.06976744186046512
3,candidate,0.9999999999999999,crime,"D=0,Y=0",44,0.09574231975319411,0.06976744186046512
3,candidate,1.0000000000000002,crime,"D=0,Y=0",44,0.09574231975319411,0.06976744186046512
3,candidate,1.0,crime,"D=0,Y=0",44,0.09574231975319411,0.06976744186046512
3,candidate,1.0000000000000002,crime,"D=0,Y=0",44,0.09574231975319411,0.06976744186046512
3,candidate,0.9838724728346766,crime,"D=0,Y=0",44,0.09574231975319411,0.06976744186046512
3,candidate,0.999239905993193,crime,"D=0,Y=0",44,0.09574231975319411,0.06976744186046512
3,candidate,0.9999999999999957,crime,"D=0,Y=0",44,0.09574231975319411,0.06976744186046512
4,selected,0.9999775528557585,crime,"D=0,Y=0",44,0.09574231975319411,0.09302325581395349
4,candidate,0.999868677261791,crime,"D=0,Y=0",44,0.09574231975319411,0.09302325581395349
4,candidate,0.9927276504652097,crime,"D=0,Y=0",44,0.09574231975319411,0.09302325581395349
4,candidate,0.9977479706188817,crime,"D=0,Y=0",44,0.09574231975319411,0.09302325581395349
4,candidate,0.9999999999999993,crime,"D=0,Y=0",44,0.09574231975319411,0.09302325581395349
4,candidate,0.9999999999999987,crime,"D=0,Y=0",44,0.09574231975319411,0.09302325581395349
4,candidate,0.9999999999999993,crime,"D=0,Y=0",44,0.09574231975319411,0.09302325581395349
4,candidate,0.9972574585207923,crime,"D=0,Y=0",44,0.09574231975319411,0.09302325581395349
4,candidate,0.9999999999999989,crime,"D=0,Y=0",44,0.09574231975319411,0.09302325581395349
4,candidate,0.999999999999999,crime,"D=0,Y=0",44,0.09574231975319411,0.09302325581395349
4,candidate,0.9990779259781428,crime,"D=0,Y=0",44,0.09574231975319411,0.09302325581395349
4,candidate,0.9999998951311962,crime,"D=0,Y=0",44,0.09574231975319411,0.09302325581395349
4,candidate,0.9965140473690619,crime,"D=0,Y=0",44,0.09574231975319411,0.09302325581395349
4,candidate,0.9999999999999991,crime,"D=0,Y=0",44,0.09574231975319411,0.09302325581395349
4,candidate,0.9999999999999997,crime,"D=0,Y=0",44,0.09574231975319411,0.09302325581395349
4,candidate,0.9999999999999994,crime,"D=0,Y=0",44,0.09574231975319411,0.09302325581395349
4,candidate,0.9985064134904393,crime,"D=0,Y=0",44,0.09574231975319411,0.09302325581395349
4,candidate,0.9999999999999997,crime,"D=0,Y=0",44,0.09574231975319411,0.09302325581395349
4,candidate,0.9999999999999994,crime,"D=0,Y=0",44,0.09574231975319411,0.09302325581395349
4,candidate,0.9992999448063957,crime,"D=0,Y=0",44,0.09574231975319411,0.09302325581395349
4,candidate,0.9999999999999991,crime,"D=0,Y=0",44,0.09574231975319411,0.09302325581395349
5,selected,0.9984652047746222,crime,"D=0,Y=0",44,0.09574231975319411,0.11627906976744186
5,candidate,0.9973893834561428,crime,"D=0,Y=0",44,0.09574231975319411,0.11627906976744186
5,candidate,0.9976927677800275,crime,"D=0,Y=0",44,0.09574231975319411,0.11627906976744186
5,candidate,0.9999999999999994,crime,"D=0,Y=0",44,0.09574231975319411,0.11627906976744186
5,candidate,1.0,crime,"D=0,Y=0",44,0.09574231975319411,0.11627906976744186
5,candidate,1.0000000000000002,crime,"D=0,Y=0",44,0.09574231975319411,0.11627906976744186
5,candidate,0.9999999999999993,crime,"D=0,Y=0",44,0.09574231975319411,0.11627906976744186
5,candidate,0.9973732945649473,crime,"D=0,Y=0",44,0.09574231975319411,0.11627906976744186
5,candidate,0.9875479821466234,crime,"D=0,Y=0",44,0.09574231975319411,0.11627906976744186
5,candidate,0.9999103544916642,crime,"D=0,Y=0",44,0.09574231975319411,0.11627906976744186
5,candidate,0.9999979602396484,crime,"D=0,Y=0",44,0.09574231975319411,0.11627906976744186
5,candidate,0.9992709297200344,crime,"D=0,Y=0",44,0.09574231975319411,0.11627906976744186
5,candidate,0.9936907868567602,crime,"D=0,Y=0",44,0.09574231975319411,0.11627906976744186
5,candidate,1.0,crime,"D=0,Y=0",44,0.09574231975319411,0.11627906976744186
5,candidate,1.0000000000000007,crime,"D=0,Y=0",44,0.09574231975319411,0.11627906976744186
5,candidate,0.9927467418671742,crime,"D=0,Y=0",44,0.09574231975319411,0.11627906976744186
5,candidate,0.9975020453796768,crime,"D=0,Y=0",44,0.09574231975319411,0.11627906976744186
5,candidate,0.9979366884520259,crime,"D=0,Y=0",44,0.09574231975319411,0.11627906976744186
5,candidate,0.9999302092251743,crime,"D=0,Y=0",44,0.09574231975319411,0.11627906976744186
5,candidate,0.9977612517710281,crime,"D=0,Y=0",44,0.09574231975319411,0.11627906976744186
5,candidate,1.0000000000000002,crime,"D=0,Y=0",44,0.09574231975319411,0.11627906976744186
6,selected,0.9977021655945859,crime,"D=0,Y=0",44,0.09574231975319411,0.13953488372093023
6,candidate,0.9989733618881366,crime,"D=0,Y=0",44,0.09574231975319411,0.13953488372093023
6,candidate,0.9998502807778976,crime,"D=0,Y=0",44,0.09574231975319411,0.13953488372093023
6,candidate,0.9998078694853112,crime,"D=0,Y=0",44,0.09574231975319411,0.13953488372093023
6,candidate,0.9963738612212397,crime,"D=0,Y=0",44,0.09574231975319411,0.13953488372093023
6,candidate,0.9923761490283827,crime,"D=0,Y=0",44,0.09574231975319411,0.13953488372093023
6,candidate,0.9999999999999996,crime,"D=0,Y=0",44,0.09574231975319411,0.13953488372093023
6,candidate,0.9999999999999992,crime,"D=0,Y=0",44,0.09574231975319411,0.13953488372093023
6,candidate,0.9999999999999998,crime,"D=0,Y=0",44,0.09574231975319411,0.13953488372093023
6,candidate,0.9999999999999997,crime,"D=0,Y=0",44,0.09574231975319411,0.13953488372093023
6,candidate,0.9978469281168795,crime,"D=0,Y=0",44,0.09574231975319411,0.13953488372093023
6,candidate,1.0,crime,"D=0,Y=0",44,0.09574231975319411,0.13953488372093023
6,candidate,0.9832414154507784,crime,"D=0,Y=0",44,0.09574231975319411,0.13953488372093023
6,candidate,0.9999833479599572,crime,"D=0,Y=0",44,0.09574231975319411,0.13953488372093023
6,candidate,0.9999999999999986,crime,"D=0,Y=0",44,0.09574231975319411,0.13953488372093023
6,candidate,1.0000000000000007,crime,"D=0,Y=0",44,0.09574231975319411,0.13953488372093023
6,candidate,0.9905424867258381,crime,"D=0,Y=0",44,0.09574231975319411,0.13953488372093023
6,candidate,0.9999999999999994,crime,"D=0,Y=0",44,0.09574231975319411,0.13953488372093023
6,candidate,0.9997369536962779,crime,"D=0,Y=0",44,0.09574231975319411,0.13953488372093023
6,candidate,0.9999999999999997,crime,"D=0,Y=0",44,0.09574231975319411,0.13953488372093023
6,candidate,0.9999999999999994,crime,"D=0,Y=0",44,0.09574231975319411,0.13953488372093023
7,selected,0.9995828256094205,crime,"D=0,Y=0",44,0.09574231975319411,0.16279069767441862
7,candidate,0.9978469281168795,crime,"D=0,Y=0",44,0.09574231975319411,0.16279069767441862
7,candidate,1.0000000000000002,crime,"D=0,Y=0",44,0.09574231975319411,0.16279069767441862
7,candidate,1.0000000000000007,crime,"D=0,Y=0",44,0.09574231975319411,0.16279069767441862
7,candidate,0.9999999999999994,crime,"D=0,Y=0",44,0.09574231975319411,0.16279069767441862
7,candidate,1.000000000000001,crime,"D=0,Y=0",44,0.09574231975319411,0.16279069767441862
7,candidate,0.9994072919969467,crime,"D=0,Y=0",44,0.09574231975319411,0.16279069767441862
7,candidate,1.0000000000000004,crime,"D=0,Y=0",44,0.09574231975319411,0.16279069767441862
7,candidate,0.9999999999999994,crime,"D=0,Y=0",44,0.09574231975319411,0.16279069767441862
7,candidate,0.9958108459831113,crime,"D=0,Y=0",44,0.09574231975319411,0.16279069767441862
7,candidate,0.9999999999999994,crime,"D=0,Y=0",44,0.09574231975319411,0.16279069767441862
7,candidate,0.9967122412708369,crime,"D=0,Y=0",44,0.09574231975319411,0.16279069767441862
7,candidate,0.9878200530791508,crime,"D=0,Y=0",44,0.09574231975319411,0.16279069767441862
7,candidate,0.9980349789933889,crime,"D=0,Y=0",44,0.09574231975319411,0.16279069767441862
7,candidate,1.0000000000000002,crime,"D=0,Y=0",44,0.09574231975319411,0.16279069767441862
7,candidate,0.9972097971269992,crime,"D=0,Y=0",44,0.09574231975319411,0.16279069767441862
7,candidate,0.9985732570399638,crime,"D=0,Y=0",44,0.09574231975319411,0.16279069767441862
7,candidate,1.0,crime,"D=0,Y=0",44,0.09574231975319411,0.16279069767441862
7,candidate,0.980095781796825,crime,"D=0,Y=0",44,0.09574231975319411,0.16279069767441862
7,candidate,0.9886518482800464,crime,"D=0,Y=0",44,0.09574231975319411,0.16279069767441862
7,candidate,0.9994166064501726,crime,"D=0,Y=0",44,0.09574231975319411,0.16279069767441862
8,selected,0.9978616587512343,crime,"D=0,Y=0",44,0.09574231975319411,0.18604651162790697
8,candidate,0.9770673270724101,crime,"D=0,Y=0",44,0.09574231975319411,0.18604651162790697
8,candidate,1.0,crime,"D=0,Y=0",44,0.09574231975319411,0.18604651162790697
8,candidate,0.9999053677246629,crime,"D=0,Y=0",44,0.09574231975319411,0.18604651162790697
8,candidate,0.9814609977751718,crime,"D=0,Y=0",44,0.09574231975319411,0.18604651162790697
8,candidate,0.9997369536962802,crime,"D=0,Y=0",44,0.09574231975319411,0.18604651162790697
8,candidate,0.9999999999999994,crime,"D=0,Y=0",44,0.09574231975319411,0.18604651162790697
8,candidate,0.9999103544916653,crime,"D=0,Y=0",44,0.09574231975319411,0.18604651162790697
8,candidate,1.0,crime,"D=0,Y=0",44,0.09574231975319411,0.18604651162790697
8,candidate,1.0000000000000007,crime,"D=0,Y=0",44,0.09574231975319411,0.18604651162790697
8,candidate,0.9991440059718233,crime,"D=0,Y=0",44,0.09574231975319411,0.18604651162790697
8,candidate,0.9967242279574513,crime,"D=0,Y=0",44,0.09574231975319411,0.18604651162790697
8,candidate,1.0000000000000004,crime,"D=0,Y=0",44,0.09574231975319411,0.18604651162790697
8,candidate,0.9975938706074284,crime,"D=0,Y=0",44,0.09574231975319411,0.18604651162790697
8,candidate,0.9971594954398227,crime,"D=0,Y=0",44,0.09574231975319411,0.18604651162790697
8,candidate,0.9977581773389079,crime,"D=0,Y=0",44,0.09574231975319411,0.18604651162790697
8,candidate,0.9921558693378019,crime,"D=0,Y=0",44,0.09574231975319411,0.18604651162790697
8,candidate,0.9924579851959578,crime,"D=0,Y=0",44,0.09574231975319411,0.18604651162790697
8,candidate,0.9806218628000236,crime,"D=0,Y=0",44,0.09574231975319411,0.18604651162790697
8,candidate,0.9776344864568979,crime,"D=0,Y=0",44,0.09574231975319411,0.18604651162790697
8,candidate,0.978515525937989,crime,"D=0,Y=0",44,0.09574231975319411,0.18604651162790697
9,selected,1.0,crime,"D=0,Y=0",44,0.09574231975319411,0.20930232558139536
9,candidate,0.9982336202381793,crime,"D=0,Y=0",44,0.09574231975319411,0.20930232558139536
9,candidate,1.0000000000000018,crime,"D=0,Y=0",44,0.09574231975319411,0.20930232558139536
9,candidate,0.9904451126478261,crime,"D=0,Y=0",44,0.09574231975319411,0.20930232558139536
9,candidate,1.0000000000000002,crime,"D=0,Y=0",44,0.09574231975319411,0.20930232558139536
9,candidate,0.9999999999999994,crime,"D=0,Y=0",44,0.09574231975319411,0.20930232558139536
9,candidate,0.9960882281211514,crime,"D=0,Y=0",44,0.09574231975319411,0.20930232558139536
9,candidate,0.9987004134966543,crime,"D=0,Y=0",44,0.09574231975319411,0.20930232558139536
9,candidate,0.9985654040028826,crime,"D=0,Y=0",44,0.09574231975319411,0.20930232558139536
9,candidate,0.9944953966626637,crime,"D=0,Y=0",44,0.09574231975319411,0.20930232558139536
9,candidate,0.9968323082482742,crime,"D=0,Y=0",44,0.09574231975319411,0.20930232558139536
9,candidate,0.9790733027810316,crime,"D=0,Y=0",44,0.09574231975319411,0.20930232558139536
9,candidate,0.9880198426737369,crime,"D=0,Y=0",44,0.09574231975319411,0.20930232558139536
9,candidate,0.9982184206170875,crime,"D=0,Y=0",44,0.09574231975319411,0.20930232558139536
9,candidate,0.9955600799340365,crime,"D=0,Y=0",44,0.09574231975319411,0.20930232558139536
9,candidate,1.0000000000000013,crime,"D=0,Y=0",44,0.09574231975319411,0.20930232558139536
9,candidate,0.9999999999999997,crime,"D=0,Y=0",44,0.09574231975319411,0.20930232558139536
9,candidate,0.9754701322165891,crime,"D=0,Y=0",44,0.09574231975319411,0.20930232558139536
9,candidate,0.9762747997853871,crime,"D=0,Y=0",44,0.09574231975319411,0.20930232558139536
9,candidate,0.9812689654457976,crime,"D=0,Y=0",44,0.09574231975319411,0.20930232558139536
9,candidate,0.9999490264480583,crime,"D=0,Y=0",44,0.09574231975319411,0.20930232558139536
10,selected,0.9999999999999989,crime,"D=0,Y=0",44,0.09574231975319411,0.23255813953488372
10,candidate,0.9998830456321645,crime,"D=0,Y=0",44,0.09574231975319411,0.23255813953488372
10,candidate,0.9988440156032877,crime,"D=0,Y=0",44,0.09574231975319411,0.23255813953488372
10,candidate,0.9999999999999994,crime,"D=0,Y=0",44,0.09574231975319411,0.23255813953488372
10,candidate,0.995927405894051,crime,"D=0,Y=0",44,0.09574231975319411,0.23255813953488372
10,candidate,0.9974850358732792,crime,"D=0,Y=0",44,0.09574231975319411,0.23255813953488372
10,candidate,0.9944953966626637,crime,"D=0,Y=0",44,0.09574231975319411,0.23255813953488372
10,candidate,0.980137769717297,crime,"D=0,Y=0",44,0.09574231975319411,0.23255813953488372
10,candidate,0.98854588942449,crime,"D=0,Y=0",44,0.09574231975319411,0.23255813953488372
10,candidate,1.0000000000000009,crime,"D=0,Y=0",44,0.09574231975319411,0.23255813953488372
10,candidate,0.999676931390227,crime,"D=0,Y=0",44,0.09574231975319411,0.23255813953488372
10,candidate,0.9987669762489202,crime,"D=0,Y=0",44,0.09574231975319411,0.23255813953488372
10,candidate,0.9968541760597861,crime,"D=0,Y=0",44,0.09574231975319411,0.23255813953488372
10,candidate,0.9833432282132237,crime,"D=0,Y=0",44,0.09574231975319411,0.23255813953488372
10,candidate,0.9999999999999982,crime,"D=0,Y=0",44,0.09574231975319411,0.23255813953488372
10,candidate,0.9938729962157814,crime,"D=0,Y=0",44,0.09574231975319411,0.23255813953488372
10,candidate,0.9860515866298301,crime,"D=0,Y=0",44,0.09574231975319411,0.23255813953488372
10,candidate,0.9796695249965425,crime,"D=0,Y=0",44,0.09574231975319411,0.23255813953488372
10,candidate,0.9961170822870172,crime,"D=0,Y=0",44,0.09574231975319411,0.23255813953488372
10,candidate,0.9993778816137877,crime,"D=0,Y=0",44,0.09574231975319411,0.23255813953488372
10,candidate,0.9770409968537581,crime,"D=0,Y=0",44,0.09574231975319411,0.23255813953488372
11,selected,1.0000000000000009,crime,"D=0,Y=0",44,0.09574231975319411,0.2558139534883721
11,candidate,0.9986786514108695,crime,"D=0,Y=0",44,0.09574231975319411,0.2558139534883721
11,candidate,0.9984354608207424,crime,"D=0,Y=0",44,0.09574231975319411,0.2558139534883721
11,candidate,0.9785823999233759,crime,"D=0,Y=0",44,0.09574231975319411,0.2558139534883721
11,candidate,1.0000000000000004,crime,"D=0,Y=0",44,0.09574231975319411,0.2558139534883721
11,candidate,0.9981995233108726,crime,"D=0,Y=0",44,0.09574231975319411,0.2558139534883721
11,candidate,0.9999999999999999,crime,"D=0,Y=0",44,0.09574231975319411,0.2558139534883721
11,candidate,0.9897416596885447,crime,"D=0,Y=0",44,0.09574231975319411,0.2558139534883721
11,candidate,0.9831985834327912,crime,"D=0,Y=0",44,0.09574231975319411,0.2558139534883721
11,candidate,0.9796695249965446,crime,"D=0,Y=0",44,0.09574231975319411,0.2558139534883721
11,candidate,0.9912396804735276,crime,"D=0,Y=0",44,0.09574231975319411,0.2558139534883721
11,candidate,1.0000000000000013,crime,"D=0,Y=0",44,0.09574231975319411,0.2558139534883721
11,candidate,0.9999999999999994,crime,"D=0,Y=0",44,0.09574231975319411,0.2558139534883721
11,candidate,0.9727918909537371,crime,"D=0,Y=0",44,0.09574231975319411,0.2558139534883721
11,candidate,0.991255306161743,crime,"D=0,Y=0",44,0.09574231975319411,0.2558139534883721
11,candidate,1.0000000000000007,crime,"D=0,Y=0",44,0.09574231975319411,0.2558139534883721
11,candidate,0.9998536715847622,crime,"D=0,Y=0",44,0.09574231975319411,0.2558139534883721
11,candidate,0.9952759042828945,crime,"D=0,Y=0",44,0.09574231975319411,0.2558139534883721
11,candidate,0.9938729962157814,crime,"D=0,Y=0",44,0.09574231975319411,0.2558139534883721
11,candidate,0.9799256723245959,crime,"D=0,Y=0",44,0.09574231975319411,0.2558139534883721
11,candidate,0.9921363601610066,crime,"D=0,Y=0",44,0.09574231975319411,0.2558139534883721
12,selected,0.9994238411485377,crime,"D=0,Y=0",44,0.09574231975319411,0.27906976744186046
12,candidate,0.9827486666599679,crime,"D=0,Y=0",44,0.09574231975319411,0.27906976744186046
12,candidate,0.9725432708169754,crime,"D=0,Y=0",44,0.09574231975319411,0.27906976744186046
12,candidate,0.9817067648173432,crime,"D=0,Y=0",44,0.09574231975319411,0.27906976744186046
12,candidate,0.9944534090004291,crime,"D=0,Y=0",44,0.09574231975319411,0.27906976744186046
12,candidate,0.9999999999999989,crime,"D=0,Y=0",44,0.09574231975319411,0.27906976744186046
12,candidate,0.9701301364560968,crime,"D=0,Y=0",44,0.09574231975319411,0.27906976744186046
12,candidate,0.9801389004517816,crime,"D=0,Y=0",44,0.09574231975319411,0.27906976744186046
12,candidate,0.9754738133860288,crime,"D=0,Y=0",44,0.09574231975319411,0.27906976744186046
12,candidate,1.000000000000001,crime,"D=0,Y=0",44,0.09574231975319411,0.27906976744186046
12,candidate,0.9978774236117008,crime,"D=0,Y=0",44,0.09574231975319411,0.27906976744186046
12,candidate,0.9906295142032695,crime,"D=0,Y=0",44,0.09574231975319411,0.27906976744186046
12,candidate,0.9849001556398489,crime,"D=0,Y=0",44,0.09574231975319411,0.27906976744186046
12,candidate,0.9958122053127422,crime,"D=0,Y=0",44,0.09574231975319411,0.27906976744186046
12,candidate,0.9759058668104106,crime,"D=0,Y=0",44,0.09574231975319411,0.27906976744186046
12,candidate,0.9829459106840795,crime,"D=0,Y=0",44,0.09574231975319411,0.27906976744186046
12,candidate,0.9818515606037304,crime,"D=0,Y=0",44,0.09574231975319411,0.27906976744186046
12,candidate,0.9992662902213983,crime,"D=0,Y=0",44,0.09574231975319411,0.27906976744186046
12,candidate,0.9999999999999983,crime,"D=0,Y=0",44,0.09574231975319411,0.27906976744186046
12,candidate,0.9969863480609933,crime,"D=0,Y=0",44,0.09574231975319411,0.27906976744186046
12,candidate,0.9784645078962301,crime,"D=0,Y=0",44,0.09574231975319411,0.27906976744186046
13,selected,0.9893456703750891,crime,"D=0,Y=0",44,0.09574231975319411,0.3023255813953488
13,candidate,0.9965186527330768,crime,"D=0,Y=0",44,0.09574231975319411,0.3023255813953488
13,candidate,0.9859082630094809,crime,"D=0,Y=0",44,0.09574231975319411,0.3023255813953488
13,candidate,0.9831004502206945,crime,"D=0,Y=0",44,0.09574231975319411,0.3023255813953488
13,candidate,0.9999750135980167,crime,"D=0,Y=0",44,0.09574231975319411,0.3023255813953488
13,candidate,0.9916371557856418,crime,"D=0,Y=0",44,0.09574231975319411,0.3023255813953488
13,candidate,1.0000000000000024,crime,"D=0,Y=0",44,0.09574231975319411,0.3023255813953488
13,candidate,1.0000000000000002,crime,"D=0,Y=0",44,0.09574231975319411,0.3023255813953488
13,candidate,0.9790356164032605,crime,"D=0,Y=0",44,0.09574231975319411,0.3023255813953488
13,candidate,0.9777632900163863,crime,"D=0,Y=0",44,0.09574231975319411,0.3023255813953488
13,candidate,0.9593984073441935,crime,"D=0,Y=0",44,0.09574231975319411,0.3023255813953488
13,candidate,0.9785033527134519,crime,"D=0,Y=0",44,0.09574231975319411,0.3023255813953488
13,candidate,0.9999941908012177,crime,"D=0,Y=0",44,0.09574231975319411,0.3023255813953488
13,candidate,0.9836598413353373,crime,"D=0,Y=0",44,0.09574231975319411,0.3023255813953488
13,candidate,0.9832073791383954,crime,"D=0,Y=0",44,0.09574231975319411,0.3023255813953488
13,candidate,1.0000000000000007,crime,"D=0,Y=0",44,0.09574231975319411,0.3023255813953488
13,candidate,1.0000000000000009,crime,"D=0,Y=0",44,0.09574231975319411,0.3023255813953488
13,candidate,0.994103725219385,crime,"D=0,Y=0",44,0.09574231975319411,0.3023255813953488
13,candidate,0.9997948513671929,crime,"D=0,Y=0",44,0.09574231975319411,0.3023255813953488
13,candidate,1.000000000000001,crime,"D=0,Y=0",44,0.09574231975319411,0.3023255813953488
13,candidate,0.9981713187885453,crime,"D=0,Y=0",44,0.09574231975319411,0.3023255813953488
14,selected,0.9982356005764151,crime,"D=0,Y=0",44,0.09574231975319411,0.32558139534883723
14,candidate,0.9924031622179433,crime,"D=0,Y=0",44,0.09574231975319411,0.32558139534883723
14,candidate,0.9943726638511383,crime,"D=0,Y=0",44,0.09574231975319411,0.32558139534883723
14,candidate,0.9999999999999989,crime,"D=0,Y=0",44,0.09574231975319411,0.32558139534883723
14,candidate,0.9942654425187889,crime,"D=0,Y=0",44,0.09574231975319411,0.32558139534883723
14,candidate,0.9955153945956492,crime,"D=0,Y=0",44,0.09574231975319411,0.32558139534883723
14,candidate,0.9788783628912128,crime,"D=0,Y=0",44,0.09574231975319411,0.32558139534883723
14,candidate,0.9973048047268769,crime,"D=0,Y=0",44,0.09574231975319411,0.32558139534883723
14,candidate,0.9791376683314871,crime,"D=0,Y=0",44,0.09574231975319411,0.32558139534883723
14,candidate,1.0,crime,"D=0,Y=0",44,0.09574231975319411,0.32558139534883723
14,candidate,0.9999999999999997,crime,"D=0,Y=0",44,0.09574231975319411,0.32558139534883723
14,candidate,0.9958334618680762,crime,"D=0,Y=0",44,0.09574231975319411,0.32558139534883723
14,candidate,0.9964491786208274,crime,"D=0,Y=0",44,0.09574231975319411,0.32558139534883723
14,candidate,0.9999999999999982,crime,"D=0,Y=0",44,0.09574231975319411,0.32558139534883723
14,candidate,0.9767257401934513,crime,"D=0,Y=0",44,0.09574231975319411,0.32558139534883723
14,candidate,0.9747517692009955,crime,"D=0,Y=0",44,0.09574231975319411,0.32558139534883723
14,candidate,0.9780425608119467,crime,"D=0,Y=0",44,0.09574231975319411,0.32558139534883723
14,candidate,0.9947157698522644,crime,"D=0,Y=0",44,0.09574231975319411,0.32558139534883723
14,candidate,0.999999393409027,crime,"D=0,Y=0",44,0.09574231975319411,0.32558139534883723
14,candidate,0.9999999999999989,crime,"D=0,Y=0",44,0.09574231975319411,0.32558139534883723
14,candidate,0.9755058174478121,crime,"D=0,Y=0",44,0.09574231975319411,0.32558139534883723
15,selected,0.9994547872394559,crime,"D=0,Y=0",44,0.09574231975319411,0.3488372093023256
15,candidate,0.9894505151552937,crime,"D=0,Y=0",44,0.09574231975319411,0.3488372093023256
15,candidate,0.9951217927135114,crime,"D=0,Y=0",44,0.09574231975319411,0.3488372093023256
15,candidate,0.9959876881250941,crime,"D=0,Y=0",44,0.09574231975319411,0.3488372093023256
15,candidate,0.9758495992372305,crime,"D=0,Y=0",44,0.09574231975319411,0.3488372093023256
15,candidate,0.9949420439867048,crime,"D=0,Y=0",44,0.09574231975319411,0.3488372093023256
15,candidate,0.9970541911665078,crime,"D=0,Y=0",44,0.09574231975319411,0.3488372093023256
15,candidate,0.9848747924666859,crime,"D=0,Y=0",44,0.09574231975319411,0.3488372093023256
15,candidate,0.9913334392482341,crime,"D=0,Y=0",44,0.09574231975319411,0.3488372093023256
15,candidate,1.0000000000000022,crime,"D=0,Y=0",44,0.09574231975319411,0.3488372093023256
15,candidate,0.9985956469013272,crime,"D=0,Y=0",44,0.09574231975319411,0.3488372093023256
15,candidate,0.9992028021846742,crime,"D=0,Y=0",44,0.09574231975319411,0.3488372093023256
15,candidate,0.9733171126694278,crime,"D=0,Y=0",44,0.09574231975319411,0.3488372093023256
15,candidate,0.9933691211190554,crime,"D=0,Y=0",44,0.09574231975319411,0.3488372093023256
15,candidate,1.000000000000004,crime,"D=0,Y=0",44,0.09574231975319411,0.3488372093023256
15,candidate,0.9946764835048864,crime,"D=0,Y=0",44,0.09574231975319411,0.3488372093023256
15,candidate,0.9754522150307948,crime,"D=0,Y=0",44,0.09574231975319411,0.3488372093023256
15,candidate,0.9714316103447219,crime,"D=0,Y=0",44,0.09574231975319411,0.3488372093023256
15,candidate,0.99655484295792,crime,"D=0,Y=0",44,0.09574231975319411,0.3488372093023256
15,candidate,0.9742515538030686,crime,"D=0,Y=0",44,0.09574231975319411,0.3488372093023256
15,candidate,0.9908733241556925,crime,"D=0,Y=0",44,0.09574231975319411,0.3488372093023256
16,selected,0.9961822539108941,crime,"D=0,Y=0",44,0.09574231975319411,0.37209302325581395
16,candidate,0.9909858467124597,crime,"D=0,Y=0",44,0.09574231975319411,0.37209302325581395
16,candidate,0.9894086031314404,crime,"D=0,Y=0",44,0.09574231975319411,0.37209302325581395
16,candidate,0.9953586207161789,crime,"D=0,Y=0",44,0.09574231975319411,0.37209302325581395
16,candidate,0.9744226043258347,crime,"D=0,Y=0",44,0.09574231975319411,0.37209302325581395
16,candidate,0.9970667109814663,crime,"D=0,Y=0",44,0.09574231975319411,0.37209302325581395
16,candidate,0.9827755293771572,crime,"D=0,Y=0",44,0.09574231975319411,0.37209302325581395
16,candidate,0.9991532999779703,crime,"D=0,Y=0",44,0.09574231975319411,0.37209302325581395
16,candidate,0.9811141849045679,crime,"D=0,Y=0",44,0.09574231975319411,0.37209302325581395
16,candidate,0.9969297344123249,crime,"D=0,Y=0",44,0.09574231975319411,0.37209302325581395
16,candidate,0.9920502666073756,crime,"D=0,Y=0",44,0.09574231975319411,0.37209302325581395
16,candidate,0.9776293506888848,crime,"D=0,Y=0",44,0.09574231975319411,0.37209302325581395
16,candidate,0.9949553010091011,crime,"D=0,Y=0",44,0.09574231975319411,0.37209302325581395
16,candidate,0.9945665800496308,crime,"D=0,Y=0",44,0.09574231975319411,0.37209302325581395
16,candidate,0.9706098936858664,crime,"D=0,Y=0",44,0.09574231975319411,0.37209302325581395
16,candidate,0.9732762294055374,crime,"D=0,Y=0",44,0.09574231975319411,0.37209302325581395
16,candidate,0.9891756183380421,crime,"D=0,Y=0",44,0.09574231975319411,0.37209302325581395
16,candidate,0.9917524237103834,crime,"D=0,Y=0",44,0.09574231975319411,0.37209302325581395
16,candidate,0.9800652885146247,crime,"D=0,Y=0",44,0.09574231975319411,0.37209302325581395
16,candidate,0.9982852403009179,crime,"D=0,Y=0",44,0.09574231975319411,0.37209302325581395
16,candidate,0.9951240613221635,crime,"D=0,Y=0",44,0.09574231975319411,0.37209302325581395
17,selected,0.9970113989464833,crime,"D=0,Y=0",44,0.09574231975319411,0.3953488372093023
17,candidate,0.9849311336485046,crime,"D=0,Y=0",44,0.09574231975319411,0.3953488372093023
17,candidate,0.9860768762164042,crime,"D=0,Y=0",44,0.09574231975319411,0.3953488372093023
17,candidate,0.990199838498622,crime,"D=0,Y=0",44,0.09574231975319411,0.3953488372093023
17,candidate,1.0000000000000016,crime,"D=0,Y=0",44,0.09574231975319411,0.3953488372093023
17,candidate,0.9830902248505836,crime,"D=0,Y=0",44,0.09574231975319411,0.3953488372093023
17,candidate,0.9999143571358567,crime,"D=0,Y=0",44,0.09574231975319411,0.3953488372093023
17,candidate,0.9999921334407499,crime,"D=0,Y=0",44,0.09574231975319411,0.3953488372093023
17,candidate,0.9922775684143527,crime,"D=0,Y=0",44,0.09574231975319411,0.3953488372093023
17,candidate,0.9999999999999996,crime,"D=0,Y=0",44,0.09574231975319411,0.3953488372093023
17,candidate,0.9713682035195986,crime,"D=0,Y=0",44,0.09574231975319411,0.3953488372093023
17,candidate,0.9999999999999997,crime,"D=0,Y=0",44,0.09574231975319411,0.3953488372093023
17,candidate,0.9906144397678158,crime,"D=0,Y=0",44,0.09574231975319411,0.3953488372093023
17,candidate,0.9801405179090331,crime,"D=0,Y=0",44,0.09574231975319411,0.3953488372093023
17,candidate,0.9955876845535886,crime,"D=0,Y=0",44,0.09574231975319411,0.3953488372093023
17,candidate,0.9999999999999996,crime,"D=0,Y=0",44,0.09574231975319411,0.3953488372093023
17,candidate,0.9953025819248773,crime,"D=0,Y=0",44,0.09574231975319411,0.3953488372093023
17,candidate,0.9730611762554806,crime,"D=0,Y=0",44,0.09574231975319411,0.3953488372093023
17,candidate,0.9817250241988833,crime,"D=0,Y=0",44,0.09574231975319411,0.3953488372093023
17,candidate,0.9918559168687643,crime,"D=0,Y=0",44,0.09574231975319411,0.3953488372093023
17,candidate,0.9939117973372076,crime,"D=0,Y=0",44,0.09574231975319411,0.3953488372093023
18,selected,1.0000000000000024,crime,"D=0,Y=0",44,0.09574231975319411,0.4186046511627907
18,candidate,1.0000000000000009,crime,"D=0,Y=0",44,0.09574231975319411,0.4186046511627907
18,candidate,0.9967641854627567,crime,"D=0,Y=0",44,0.09574231975319411,0.4186046511627907
18,candidate,0.982682274494911,crime,"D=0,Y=0",44,0.09574231975319411,0.4186046511627907
18,candidate,0.97332854539664,crime,"D=0,Y=0",44,0.09574231975319411,0.4186046511627907
18,candidate,0.959352407710845,crime,"D=0,Y=0",44,0.09574231975319411,0.4186046511627907
18,candidate,0.9693215994885952,crime,"D=0,Y=0",44,0.09574231975319411,0.4186046511627907
18,candidate,0.9596768964705863,crime,"D=0,Y=0",44,0.09574231975319411,0.4186046511627907
18,candidate,0.9642257715447463,crime,"D=0,Y=0",44,0.09574231975319411,0.4186046511627907
18,candidate,0.965144922435588,crime,"D=0,Y=0",44,0.09574231975319411,0.4186046511627907
18,candidate,0.9911938475571496,crime,"D=0,Y=0",44,0.09574231975319411,0.4186046511627907
18,candidate,1.0000000000000009,crime,"D=0,Y=0",44,0.09574231975319411,0.4186046511627907
18,candidate,0.9718107102702558,crime,"D=0,Y=0",44,0.09574231975319411,0.4186046511627907
18,candidate,0.974261284359354,crime,"D=0,Y=0",44,0.09574231975319411,0.4186046511627907
18,candidate,1.0000000000000018,crime,"D=0,Y=0",44,0.09574231975319411,0.4186046511627907
18,candidate,0.9812834932451258,crime,"D=0,Y=0",44,0.09574231975319411,0.4186046511627907
18,candidate,0.9999127313078582,crime,"D=0,Y=0",44,0.09574231975319411,0.4186046511627907
18,candidate,0.9938162979454006,crime,"D=0,Y=0",44,0.09574231975319411,0.4186046511627907
18,candidate,0.9646337245436021,crime,"D=0,Y=0",44,0.09574231975319411,0.4186046511627907
18,candidate,0.9656972134066282,crime,"D=0,Y=0",44,0.09574231975319411,0.4186046511627907
18,candidate,0.9922184243068672,crime,"D=0,Y=0",44,0.09574231975319411,0.4186046511627907
19,selected,0.9992808096339231,crime,"D=0,Y=0",44,0.09574231975319411,0.4418604651162791
19,candidate,0.9957816231349923,crime,"D=0,Y=0",44,0.09574231975319411,0.4418604651162791
19,candidate,0.9702280828087865,crime,"D=0,Y=0",44,0.09574231975319411,0.4418604651162791
19,candidate,0.9999999999999943,crime,"D=0,Y=0",44,0.09574231975319411,0.4418604651162791
19,candidate,0.9929118662538777,crime,"D=0,Y=0",44,0.09574231975319411,0.4418604651162791
19,candidate,0.9928560413765258,crime,"D=0,Y=0",44,0.09574231975319411,0.4418604651162791
19,candidate,0.9986590720668408,crime,"D=0,Y=0",44,0.09574231975319411,0.4418604651162791
19,candidate,0.9712033359353409,crime,"D=0,Y=0",44,0.09574231975319411,0.4418604651162791
19,candidate,0.9942866225052721,crime,"D=0,Y=0",44,0.09574231975319411,0.4418604651162791
19,candidate,0.9999999999999947,crime,"D=0,Y=0",44,0.09574231975319411,0.4418604651162791
19,candidate,0.9707930857044523,crime,"D=0,Y=0",44,0.09574231975319411,0.4418604651162791
19,candidate,0.990790337594652,crime,"D=0,Y=0",44,0.09574231975319411,0.4418604651162791
19,candidate,0.9999999999999986,crime,"D=0,Y=0",44,0.09574231975319411,0.4418604651162791
19,candidate,0.9611228292663133,crime,"D=0,Y=0",44,0.09574231975319411,0.4418604651162791
19,candidate,0.9999904570520003,crime,"D=0,Y=0",44,0.09574231975319411,0.4418604651162791
19,candidate,0.9795466105342139,crime,"D=0,Y=0",44,0.09574231975319411,0.4418604651162791
19,candidate,0.9778478499357176,crime,"D=0,Y=0",44,0.09574231975319411,0.4418604651162791
19,candidate,0.9903590024973316,crime,"D=0,Y=0",44,0.09574231975319411,0.4418604651162791
19,candidate,0.9782698561623377,crime,"D=0,Y=0",44,0.09574231975319411,0.4418604651162791
19,candidate,0.9934452888691196,crime,"D=0,Y=0",44,0.09574231975319411,0.4418604651162791
19,candidate,0.9600047849656365,crime,"D=0,Y=0",44,0.09574231975319411,0.4418604651162791
20,selected,0.995437726657622,crime,"D=0,Y=0",44,0.09574231975319411,0.46511627906976744
20,candidate,0.9789784561387491,crime,"D=0,Y=0",44,0.09574231975319411,0.46511627906976744
20,candidate,0.9938014259102129,crime,"D=0,Y=0",44,0.09574231975319411,0.46511627906976744
20,candidate,0.9493651812113841,crime,"D=0,Y=0",44,0.09574231975319411,0.46511627906976744
20,candidate,0.9598688582727338,crime,"D=0,Y=0",44,0.09574231975319411,0.46511627906976744
20,candidate,0.990187773781941,crime,"D=0,Y=0",44,0.09574231975319411,0.46511627906976744
20,candidate,0.9773771762506196,crime,"D=0,Y=0",44,0.09574231975319411,0.46511627906976744
20,candidate,0.999999999999998,crime,"D=0,Y=0",44,0.09574231975319411,0.46511627906976744
20,candidate,0.9766096398380603,crime,"D=0,Y=0",44,0.09574231975319411,0.46511627906976744
20,candidate,0.9706195952037514,crime,"D=0,Y=0",44,0.09574231975319411,0.46511627906976744
20,candidate,0.9907995597615764,crime,"D=0,Y=0",44,0.09574231975319411,0.46511627906976744
20,candidate,0.9934526706832859,crime,"D=0,Y=0",44,0.09574231975319411,0.46511627906976744
20,candidate,0.9894824503076998,crime,"D=0,Y=0",44,0.09574231975319411,0.46511627906976744
20,candidate,0.99997637307471,crime,"D=0,Y=0",44,0.09574231975319411,0.46511627906976744
20,candidate,0.971161030021284,crime,"D=0,Y=0",44,0.09574231975319411,0.46511627906976744
20,candidate,0.9689647210982661,crime,"D=0,Y=0",44,0.09574231975319411,0.46511627906976744
20,candidate,0.99761272374564,crime,"D=0,Y=0",44,0.09574231975319411,0.46511627906976744
20,candidate,0.9911968712625755,crime,"D=0,Y=0",44,0.09574231975319411,0.46511627906976744
20,candidate,0.9912386298360785,crime,"D=0,Y=0",44,0.09574231975319411,0.46511627906976744
20,candidate,0.9819296368554601,crime,"D=0,Y=0",44,0.09574231975319411,0.46511627906976744
20,candidate,0.9858750787056973,crime,"D=0,Y=0",44,0.09574231975319411,0.46511627906976744
21,selected,0.9902299555840074,crime,"D=0,Y=0",44,0.09574231975319411,0.4883720930232558
21,candidate,0.9984934159819697,crime,"D=0,Y=0",44,0.09574231975319411,0.4883720930232558
21,candidate,0.9941339284074362,crime,"D=0,Y=0",44,0.09574231975319411,0.4883720930232558
21,candidate,0.9689367864888891,crime,"D=0,Y=0",44,0.09574231975319411,0.4883720930232558
21,candidate,0.9926969630106568,crime,"D=0,Y=0",44,0.09574231975319411,0.4883720930232558
21,candidate,0.9999999999999996,crime,"D=0,Y=0",44,0.09574231975319411,0.4883720930232558
21,candidate,0.9576276170333046,crime,"D=0,Y=0",44,0.09574231975319411,0.4883720930232558
21,candidate,0.968814396112429,crime,"D=0,Y=0",44,0.09574231975319411,0.4883720930232558
21,candidate,0.9985771252771087,crime,"D=0,Y=0",44,0.09574231975319411,0.4883720930232558
21,candidate,0.9664977213282988,crime,"D=0,Y=0",44,0.09574231975319411,0.4883720930232558
21,candidate,0.9673000441612539,crime,"D=0,Y=0",44,0.09574231975319411,0.4883720930232558
21,candidate,0.9715734278150685,crime,"D=0,Y=0",44,0.09574231975319411,0.4883720930232558
21,candidate,0.9610130803662098,crime,"D=0,Y=0",44,0.09574231975319411,0.4883720930232558
21,candidate,0.9655473344637352,crime,"D=0,Y=0",44,0.09574231975319411,0.4883720930232558
21,candidate,0.9798022774750226,crime,"D=0,Y=0",44,0.09574231975319411,0.4883720930232558
21,candidate,0.999586894648525,crime,"D=0,Y=0",44,0.09574231975319411,0.4883720930232558
21,candidate,1.0000000000000016,crime,"D=0,Y=0",44,0.09574231975319411,0.4883720930232558
21,candidate,0.9936208117291412,crime,"D=0,Y=0",44,0.09574231975319411,0.4883720930232558
21,candidate,0.9702830202707586,crime,"D=0,Y=0",44,0.09574231975319411,0.4883720930232558
21,candidate,0.999999999999998,crime,"D=0,Y=0",44,0.09574231975319411,0.4883720930232558
21,candidate,0.9697034167457046,crime,"D=0,Y=0",44,0.09574231975319411,0.4883720930232558
22,selected,0.9957552782062963,crime,"D=0,Y=0",44,0.09574231975319411,0.5116279069767442
22,candidate,0.9896334497465645,crime,"D=0,Y=0",44,0.09574231975319411,0.5116279069767442
22,candidate,0.9906314669195352,crime,"D=0,Y=0",44,0.09574231975319411,0.5116279069767442
22,candidate,0.9557098116470191,crime,"D=0,Y=0",44,0.09574231975319411,0.5116279069767442
22,candidate,0.9694771501228321,crime,"D=0,Y=0",44,0.09574231975319411,0.5116279069767442
22,candidate,0.9677065319474794,crime,"D=0,Y=0",44,0.09574231975319411,0.5116279069767442
22,candidate,0.9903657186660848,crime,"D=0,Y=0",44,0.09574231975319411,0.5116279069767442
22,candidate,0.9698656170315695,crime,"D=0,Y=0",44,0.09574231975319411,0.5116279069767442
22,candidate,0.9846627873574123,crime,"D=0,Y=0",44,0.09574231975319411,0.5116279069767442
22,candidate,0.9855992795690484,crime,"D=0,Y=0",44,0.09574231975319411,0.5116279069767442
22,candidate,0.9896199657379589,crime,"D=0,Y=0",44,0.09574231975319411,0.5116279069767442
22,candidate,0.9951953762824758,crime,"D=0,Y=0",44,0.09574231975319411,0.5116279069767442
22,candidate,0.9999999999999999,crime,"D=0,Y=0",44,0.09574231975319411,0.5116279069767442
22,candidate,0.9630658453894015,crime,"D=0,Y=0",44,0.09574231975319411,0.5116279069767442
22,candidate,0.9862496061247444,crime,"D=0,Y=0",44,0.09574231975319411,0.5116279069767442
22,candidate,0.9623495775001392,crime,"D=0,Y=0",44,0.09574231975319411,0.5116279069767442
22,candidate,0.962619609378316,crime,"D=0,Y=0",44,0.09574231975319411,0.5116279069767442
22,candidate,0.9734912220470434,crime,"D=0,Y=0",44,0.09574231975319411,0.5116279069767442
22,candidate,0.9928890573579243,crime,"D=0,Y=0",44,0.09574231975319411,0.5116279069767442
22,candidate,0.9795371768568268,crime,"D=0,Y=0",44,0.09574231975319411,0.5116279069767442
22,candidate,0.9642826743738805,crime,"D=0,Y=0",44,0.09574231975319411,0.5116279069767442
23,selected,0.9948501062328277,crime,"D=0,Y=0",44,0.09574231975319411,0.5348837209302325
23,candidate,0.995950281355304,crime,"D=0,Y=0",44,0.09574231975319411,0.5348837209302325
23,candidate,0.9882568758433378,crime,"D=0,Y=0",44,0.09574231975319411,0.5348837209302325
23,candidate,0.9931722289843324,crime,"D=0,Y=0",44,0.09574231975319411,0.5348837209302325
23,candidate,0.9628981146200903,crime,"D=0,Y=0",44,0.09574231975319411,0.5348837209302325
23,candidate,0.9997589785410308,crime,"D=0,Y=0",44,0.09574231975319411,0.5348837209302325
23,candidate,0.9421200517297799,crime,"D=0,Y=0",44,0.09574231975319411,0.5348837209302325
23,candidate,1.0000000000000024,crime,"D=0,Y=0",44,0.09574231975319411,0.5348837209302325
23,candidate,0.9986163894636598,crime,"D=0,Y=0",44,0.09574231975319411,0.5348837209302325
23,candidate,0.9864754961555515,crime,"D=0,Y=0",44,0.09574231975319411,0.5348837209302325
23,candidate,0.9459663993834105,crime,"D=0,Y=0",44,0.09574231975319411,0.5348837209302325
23,candidate,0.9999999999999999,crime,"D=0,Y=0",44,0.09574231975319411,0.5348837209302325
23,candidate,0.9903305751119151,crime,"D=0,Y=0",44,0.09574231975319411,0.5348837209302325
23,candidate,0.9431535791321004,crime,"D=0,Y=0",44,0.09574231975319411,0.5348837209302325
23,candidate,0.9977647830664768,crime,"D=0,Y=0",44,0.09574231975319411,0.5348837209302325
23,candidate,0.9897565964524698,crime,"D=0,Y=0",44,0.09574231975319411,0.5348837209302325
23,candidate,0.9605716870662109,crime,"D=0,Y=0",44,0.09574231975319411,0.5348837209302325
23,candidate,0.9938032859728047,crime,"D=0,Y=0",44,0.09574231975319411,0.5348837209302325
23,candidate,0.9544250601339767,crime,"D=0,Y=0",44,0.09574231975319411,0.5348837209302325
23,candidate,0.9522948543651099,crime,"D=0,Y=0",44,0.09574231975319411,0.5348837209302325
23,candidate,0.9644795824069132,crime,"D=0,Y=0",44,0.09574231975319411,0.5348837209302325
24,selected,0.9884241038187772,crime,"D=0,Y=0",44,0.09574231975319411,0.5581395348837209
24,candidate,0.9678743874538833,crime,"D=0,Y=0",44,0.09574231975319411,0.5581395348837209
24,candidate,0.9905648200207862,crime,"D=0,Y=0",44,0.09574231975319411,0.5581395348837209
24,candidate,0.9940074887934833,crime,"D=0,Y=0",44,0.09574231975319411,0.5581395348837209
24,candidate,0.9477525014276479,crime,"D=0,Y=0",44,0.09574231975319411,0.5581395348837209
24,candidate,0.9999927572568824,crime,"D=0,Y=0",44,0.09574231975319411,0.5581395348837209
24,candidate,0.9635269738680803,crime,"D=0,Y=0",44,0.09574231975319411,0.5581395348837209
24,candidate,0.9925878789445345,crime,"D=0,Y=0",44,0.09574231975319411,0.5581395348837209
24,candidate,0.9665764083307679,crime,"D=0,Y=0",44,0.09574231975319411,0.5581395348837209
24,candidate,0.9698339997417078,crime,"D=0,Y=0",44,0.09574231975319411,0.5581395348837209
24,candidate,0.9717932182279507,crime,"D=0,Y=0",44,0.09574231975319411,0.5581395348837209
24,candidate,0.9859483384259892,crime,"D=0,Y=0",44,0.09574231975319411,0.5581395348837209
24,candidate,0.9541069581688263,crime,"D=0,Y=0",44,0.09574231975319411,0.5581395348837209
24,candidate,0.9596741392881644,crime,"D=0,Y=0",44,0.09574231975319411,0.5581395348837209
24,candidate,0.988854292538415,crime,"D=0,Y=0",44,0.09574231975319411,0.5581395348837209
24,candidate,0.9443252935975847,crime,"D=0,Y=0",44,0.09574231975319411,0.5581395348837209
24,candidate,0.992437613903884,crime,"D=0,Y=0",44,0.09574231975319411,0.5581395348837209
24,candidate,0.9999999999999956,crime,"D=0,Y=0",44,0.09574231975319411,0.5581395348837209
24,candidate,0.9945513456453404,crime,"D=0,Y=0",44,0.09574231975319411,0.5581395348837209
24,candidate,0.9941100889905944,crime,"D=0,Y=0",44,0.09574231975319411,0.5581395348837209
24,candidate,0.9999999999999958,crime,"D=0,Y=0",44,0.09574231975319411,0.5581395348837209
25,selected,0.99397936932225,crime,"D=0,Y=0",44,0.09574231975319411,0.5813953488372093
25,candidate,0.9922024730899448,crime,"D=0,Y=0",44,0.09574231975319411,0.5813953488372093
25,candidate,0.9702371153934151,crime,"D=0,Y=0",44,0.09574231975319411,0.5813953488372093
25,candidate,0.9450732313560516,crime,"D=0,Y=0",44,0.09574231975319411,0.5813953488372093
25,candidate,0.9954935393450911,crime,"D=0,Y=0",44,0.09574231975319411,0.5813953488372093
25,candidate,0.9298210739043055,crime,"D=0,Y=0",44,0.09574231975319411,0.5813953488372093
25,candidate,0.9999139592656152,crime,"D=0,Y=0",44,0.09574231975319411,0.5813953488372093
25,candidate,0.9879162847987487,crime,"D=0,Y=0",44,0.09574231975319411,0.5813953488372093
25,candidate,0.9806309361496272,crime,"D=0,Y=0",44,0.09574231975319411,0.5813953488372093
25,candidate,0.9857140375403284,crime,"D=0,Y=0",44,0.09574231975319411,0.5813953488372093
25,candidate,0.9628900297628291,crime,"D=0,Y=0",44,0.09574231975319411,0.5813953488372093
25,candidate,0.9999794501011969,crime,"D=0,Y=0",44,0.09574231975319411,0.5813953488372093
25,candidate,0.9759941642519302,crime,"D=0,Y=0",44,0.09574231975319411,0.5813953488372093
25,candidate,0.9699357436753309,crime,"D=0,Y=0",44,0.09574231975319411,0.5813953488372093
25,candidate,0.9959502813552935,crime,"D=0,Y=0",44,0.09574231975319411,0.5813953488372093
25,candidate,0.9999999999999932,crime,"D=0,Y=0",44,0.09574231975319411,0.5813953488372093
25,candidate,0.9880100145752823,crime,"D=0,Y=0",44,0.09574231975319411,0.5813953488372093
25,candidate,0.9999999999999912,crime,"D=0,Y=0",44,0.09574231975319411,0.5813953488372093
25,candidate,0.9452085268681086,crime,"D=0,Y=0",44,0.09574231975319411,0.5813953488372093
25,candidate,0.9912107963166192,crime,"D=0,Y=0",44,0.09574231975319411,0.5813953488372093
25,candidate,0.9835092642783844,crime,"D=0,Y=0",44,0.09574231975319411,0.5813953488372093
26,selected,0.9984731026683987,crime,"D=0,Y=0",44,0.09574231975319411,0.6046511627906976
26,candidate,0.9999999999999996,crime,"D=0,Y=0",44,0.09574231975319411,0.6046511627906976
26,candidate,0.9945134146290424,crime,"D=0,Y=0",44,0.09574231975319411,0.6046511627906976
26,candidate,0.9657880073829781,crime,"D=0,Y=0",44,0.09574231975319411,0.6046511627906976
26,candidate,0.9553168333454551,crime,"D=0,Y=0",44,0.09574231975319411,0.6046511627906976
26,candidate,0.9838535698769065,crime,"D=0,Y=0",44,0.09574231975319411,0.6046511627906976
26,candidate,0.9551781096104466,crime,"D=0,Y=0",44,0.09574231975319411,0.6046511627906976
26,candidate,0.9999999999999956,crime,"D=0,Y=0",44,0.09574231975319411,0.6046511627906976
26,candidate,0.997341682865493,crime,"D=0,Y=0",44,0.09574231975319411,0.6046511627906976
26,candidate,0.9999999999999973,crime,"D=0,Y=0",44,0.09574231975319411,0.6046511627906976
26,candidate,0.9531989255003943,crime,"D=0,Y=0",44,0.09574231975319411,0.6046511627906976
26,candidate,0.9930564020696576,crime,"D=0,Y=0",44,0.09574231975319411,0.6046511627906976
26,candidate,0.9721517130039691,crime,"D=0,Y=0",44,0.09574231975319411,0.6046511627906976
26,candidate,0.9597305494039197,crime,"D=0,Y=0",44,0.09574231975319411,0.6046511627906976
26,candidate,0.9788639245092375,crime,"D=0,Y=0",44,0.09574231975319411,0.6046511627906976
26,candidate,0.990434834199144,crime,"D=0,Y=0",44,0.09574231975319411,0.6046511627906976
26,candidate,0.9403314536847462,crime,"D=0,Y=0",44,0.09574231975319411,0.6046511627906976
26,candidate,0.9795959542992856,crime,"D=0,Y=0",44,0.09574231975319411,0.6046511627906976
26,candidate,0.9298210739043055,crime,"D=0,Y=0",44,0.09574231975319411,0.6046511627906976
26,candidate,0.937853797965852,crime,"D=0,Y=0",44,0.09574231975319411,0.6046511627906976
26,candidate,0.9615129118904845,crime,"D=0,Y=0",44,0.09574231975319411,0.6046511627906976
27,selected,1.000000000000003,crime,"D=0,Y=0",44,0.09574231975319411,0.627906976744186
27,candidate,0.9687212861646247,crime,"D=0,Y=0",44,0.09574231975319411,0.627906976744186
27,candidate,0.9504437136943058,crime,"D=0,Y=0",44,0.09574231975319411,0.627906976744186
27,candidate,0.9807227974682937,crime,"D=0,Y=0",44,0.09574231975319411,0.627906976744186
27,candidate,0.9935119312440672,crime,"D=0,Y=0",44,0.09574231975319411,0.627906976744186
27,candidate,0.9488205345696011,crime,"D=0,Y=0",44,0.09574231975319411,0.627906976744186
27,candidate,0.9964404566621713,crime,"D=0,Y=0",44,0.09574231975319411,0.627906976744186
27,candidate,0.9466546283430578,crime,"D=0,Y=0",44,0.09574231975319411,0.627906976744186
27,candidate,0.9634030450323057,crime,"D=0,Y=0",44,0.09574231975319411,0.627906976744186
27,candidate,0.9604999300071158,crime,"D=0,Y=0",44,0.09574231975319411,0.627906976744186
27,candidate,0.9738598485209844,crime,"D=0,Y=0",44,0.09574231975319411,0.627906976744186
27,candidate,0.9603499379883388,crime,"D=0,Y=0",44,0.09574231975319411,0.627906976744186
27,candidate,0.9940681828492559,crime,"D=0,Y=0",44,0.09574231975319411,0.627906976744186
27,candidate,0.9772873240684964,crime,"D=0,Y=0",44,0.09574231975319411,0.627906976744186
27,candidate,0.9650445068953392,crime,"D=0,Y=0",44,0.09574231975319411,0.627906976744186
27,candidate,0.9715944245974174,crime,"D=0,Y=0",44,0.09574231975319411,0.627906976744186
27,candidate,0.9890794475034496,crime,"D=0,Y=0",44,0.09574231975319411,0.627906976744186
27,candidate,0.9496229443205456,crime,"D=0,Y=0",44,0.09574231975319411,0.627906976744186
27,candidate,0.9645528657177154,crime,"D=0,Y=0",44,0.09574231975319411,0.627906976744186
27,candidate,0.9985712297199125,crime,"D=0,Y=0",44,0.09574231975319411,0.627906976744186
27,candidate,0.9942604977582702,crime,"D=0,Y=0",44,0.09574231975319411,0.627906976744186
28,selected,0.9855388027275763,crime,"D=0,Y=0",44,0.09574231975319411,0.6511627906976745
28,candidate,0.9683916284744327,crime,"D=0,Y=0",44,0.09574231975319411,0.6511627906976745
28,candidate,0.9480283513030084,crime,"D=0,Y=0",44,0.09574231975319411,0.6511627906976745
28,candidate,0.9214939102016555,crime,"D=0,Y=0",44,0.09574231975319411,0.6511627906976745
28,candidate,0.9401723899345191,crime,"D=0,Y=0",44,0.09574231975319411,0.6511627906976745
28,candidate,0.9580236481637361,crime,"D=0,Y=0",44,0.09574231975319411,0.6511627906976745
28,candidate,0.9643529245864321,crime,"D=0,Y=0",44,0.09574231975319411,0.6511627906976745
28,candidate,0.9709358266454353,crime,"D=0,Y=0",44,0.09574231975319411,0.6511627906976745
28,candidate,0.9774267828850175,crime,"D=0,Y=0",44,0.09574231975319411,0.6511627906976745
28,candidate,0.98128368049593,crime,"D=0,Y=0",44,0.09574231975319411,0.6511627906976745
28,candidate,0.9816158279410115,crime,"D=0,Y=0",44,0.09574231975319411,0.6511627906976745
28,candidate,0.9665058276946806,crime,"D=0,Y=0",44,0.09574231975319411,0.6511627906976745
28,candidate,0.9683630061912182,crime,"D=0,Y=0",44,0.09574231975319411,0.6511627906976745
28,candidate,0.9964404566621681,crime,"D=0,Y=0",44,0.09574231975319411,0.6511627906976745
28,candidate,0.9737849679396218,crime,"D=0,Y=0",44,0.09574231975319411,0.6511627906976745
28,candidate,0.9517074209181983,crime,"D=0,Y=0",44,0.09574231975319411,0.6511627906976745
28,candidate,0.9605061223541734,crime,"D=0,Y=0",44,0.09574231975319411,0.6511627906976745
28,candidate,0.9490307073945367,crime,"D=0,Y=0",44,0.09574231975319411,0.6511627906976745
28,candidate,0.9521936189600687,crime,"D=0,Y=0",44,0.09574231975319411,0.6511627906976745
28,candidate,0.9604999300071115,crime,"D=0,Y=0",44,0.09574231975319411,0.6511627906976745
28,candidate,0.9560083056841073,crime,"D=0,Y=0",44,0.09574231975319411,0.6511627906976745
29,selected,0.9758960773133122,crime,"D=0,Y=0",44,0.09574231975319411,0.6744186046511628
29,candidate,0.9476999102053372,crime,"D=0,Y=0",44,0.09574231975319411,0.6744186046511628
29,candidate,0.9505693772594003,crime,"D=0,Y=0",44,0.09574231975319411,0.6744186046511628
29,candidate,0.9561593045716805,crime,"D=0,Y=0",44,0.09574231975319411,0.6744186046511628
29,candidate,0.9885893783438974,crime,"D=0,Y=0",44,0.09574231975319411,0.6744186046511628
29,candidate,0.9496612780992498,crime,"D=0,Y=0",44,0.09574231975319411,0.6744186046511628
29,candidate,0.9922947808897483,crime,"D=0,Y=0",44,0.09574231975319411,0.6744186046511628
29,candidate,0.9621602858014091,crime,"D=0,Y=0",44,0.09574231975319411,0.6744186046511628
29,candidate,0.9450583984089854,crime,"D=0,Y=0",44,0.09574231975319411,0.6744186046511628
29,candidate,0.9429178088806591,crime,"D=0,Y=0",44,0.09574231975319411,0.6744186046511628
29,candidate,0.9708426630679241,crime,"D=0,Y=0",44,0.09574231975319411,0.6744186046511628
29,candidate,0.9283652109335202,crime,"D=0,Y=0",44,0.09574231975319411,0.6744186046511628
29,candidate,0.9943101219960353,crime,"D=0,Y=0",44,0.09574231975319411,0.6744186046511628
29,candidate,0.9467744221216533,crime,"D=0,Y=0",44,0.09574231975319411,0.6744186046511628
29,candidate,0.9984433069186917,crime,"D=0,Y=0",44,0.09574231975319411,0.6744186046511628
29,candidate,0.9858289197534482,crime,"D=0,Y=0",44,0.09574231975319411,0.6744186046511628
29,candidate,0.9351243161330741,crime,"D=0,Y=0",44,0.09574231975319411,0.6744186046511628
29,candidate,0.9562431914038064,crime,"D=0,Y=0",44,0.09574231975319411,0.6744186046511628
29,candidate,0.9398240719996112,crime,"D=0,Y=0",44,0.09574231975319411,0.6744186046511628
29,candidate,0.9937588045920405,crime,"D=0,Y=0",44,0.09574231975319411,0.6744186046511628
29,candidate,0.9433614213494188,crime,"D=0,Y=0",44,0.09574231975319411,0.6744186046511628
30,selected,0.9983024239481778,crime,"D=0,Y=0",44,0.09574231975319411,0.6976744186046512
30,candidate,0.9387351875836263,crime,"D=0,Y=0",44,0.09574231975319411,0.6976744186046512
30,candidate,0.9999999999999989,crime,"D=0,Y=0",44,0.09574231975319411,0.6976744186046512
30,candidate,0.9778072336217429,crime,"D=0,Y=0",44,0.09574231975319411,0.6976744186046512
30,candidate,0.9262272479727679,crime,"D=0,Y=0",44,0.09574231975319411,0.6976744186046512
30,candidate,0.9638129450262666,crime,"D=0,Y=0",44,0.09574231975319411,0.6976744186046512
30,candidate,0.9985746158833628,crime,"D=0,Y=0",44,0.09574231975319411,0.6976744186046512
30,candidate,0.9632422495471671,crime,"D=0,Y=0",44,0.09574231975319411,0.6976744186046512
30,candidate,0.9596148068073714,crime,"D=0,Y=0",44,0.09574231975319411,0.6976744186046512
30,candidate,0.9502630728536267,crime,"D=0,Y=0",44,0.09574231975319411,0.6976744186046512
30,candidate,0.9474524937611779,crime,"D=0,Y=0",44,0.09574231975319411,0.6976744186046512
30,candidate,0.9789850889913949,crime,"D=0,Y=0",44,0.09574231975319411,0.6976744186046512
30,candidate,0.936690001659954,crime,"D=0,Y=0",44,0.09574231975319411,0.6976744186046512
30,candidate,0.9413489229772241,crime,"D=0,Y=0",44,0.09574231975319411,0.6976744186046512
30,candidate,0.9930782791601653,crime,"D=0,Y=0",44,0.09574231975319411,0.6976744186046512
30,candidate,0.953538727142547,crime,"D=0,Y=0",44,0.09574231975319411,0.6976744186046512
30,candidate,0.9385044251251664,crime,"D=0,Y=0",44,0.09574231975319411,0.6976744186046512
30,candidate,0.9447358313701169,crime,"D=0,Y=0",44,0.09574231975319411,0.6976744186046512
30,candidate,0.9382357687498338,crime,"D=0,Y=0",44,0.09574231975319411,0.6976744186046512
30,candidate,0.9614106069581304,crime,"D=0,Y=0",44,0.09574231975319411,0.6976744186046512
30,candidate,0.9478470853072763,crime,"D=0,Y=0",44,0.09574231975319411,0.6976744186046512
31,selected,0.9887913717889437,crime,"D=0,Y=0",44,0.09574231975319411,0.7209302325581395
31,candidate,0.9527213277480738,crime,"D=0,Y=0",44,0.09574231975319411,0.7209302325581395
31,candidate,0.9688966998555808,crime,"D=0,Y=0",44,0.09574231975319411,0.7209302325581395
31,candidate,0.9573666124112385,crime,"D=0,Y=0",44,0.09574231975319411,0.7209302325581395
31,candidate,0.9489057394172048,crime,"D=0,Y=0",44,0.09574231975319411,0.7209302325581395
31,candidate,0.9427901452389178,crime,"D=0,Y=0",44,0.09574231975319411,0.7209302325581395
31,candidate,0.9641484157323028,crime,"D=0,Y=0",44,0.09574231975319411,0.7209302325581395
31,candidate,0.9555155868269043,crime,"D=0,Y=0",44,0.09574231975319411,0.7209302325581395
31,candidate,0.9334145551013882,crime,"D=0,Y=0",44,0.09574231975319411,0.7209302325581395
31,candidate,0.9846994603974591,crime,"D=0,Y=0",44,0.09574231975319411,0.7209302325581395
31,candidate,0.9508443938982303,crime,"D=0,Y=0",44,0.09574231975319411,0.7209302325581395
31,candidate,0.9551345042286478,crime,"D=0,Y=0",44,0.09574231975319411,0.7209302325581395
31,candidate,0.9999803082604353,crime,"D=0,Y=0",44,0.09574231975319411,0.7209302325581395
31,candidate,0.9777916924388783,crime,"D=0,Y=0",44,0.09574231975319411,0.7209302325581395
31,candidate,0.9451401869857511,crime,"D=0,Y=0",44,0.09574231975319411,0.7209302325581395
31,candidate,0.9438890638280096,crime,"D=0,Y=0",44,0.09574231975319411,0.7209302325581395
31,candidate,0.9665316564226455,crime,"D=0,Y=0",44,0.09574231975319411,0.7209302325581395
31,candidate,0.941086909440344,crime,"D=0,Y=0",44,0.09574231975319411,0.7209302325581395
31,candidate,0.9463856864940391,crime,"D=0,Y=0",44,0.09574231975319411,0.7209302325581395
31,candidate,0.9766991647125381,crime,"D=0,Y=0",44,0.09574231975319411,0.7209302325581395
31,candidate,0.9449109283335578,crime,"D=0,Y=0",44,0.09574231975319411,0.7209302325581395
32,selected,0.99143762820009,crime,"D=0,Y=0",44,0.09574231975319411,0.7441860465116279
32,candidate,0.9912824619464725,crime,"D=0,Y=0",44,0.09574231975319411,0.7441860465116279
32,candidate,0.9835913481784699,crime,"D=0,Y=0",44,0.09574231975319411,0.7441860465116279
32,candidate,0.995963859976589,crime,"D=0,Y=0",44,0.09574231975319411,0.7441860465116279
32,candidate,0.9376368532978857,crime,"D=0,Y=0",44,0.09574231975319411,0.7441860465116279
32,candidate,0.9401656013292701,crime,"D=0,Y=0",44,0.09574231975319411,0.7441860465116279
32,candidate,0.9365597152929225,crime,"D=0,Y=0",44,0.09574231975319411,0.7441860465116279
32,candidate,1.0000000000000013,crime,"D=0,Y=0",44,0.09574231975319411,0.7441860465116279
32,candidate,0.9418322563748865,crime,"D=0,Y=0",44,0.09574231975319411,0.7441860465116279
32,candidate,0.9603760597417282,crime,"D=0,Y=0",44,0.09574231975319411,0.7441860465116279
32,candidate,0.9368604260109128,crime,"D=0,Y=0",44,0.09574231975319411,0.7441860465116279
32,candidate,0.9456660690811088,crime,"D=0,Y=0",44,0.09574231975319411,0.7441860465116279
32,candidate,0.9367485142935545,crime,"D=0,Y=0",44,0.09574231975319411,0.7441860465116279
32,candidate,0.9775664811062053,crime,"D=0,Y=0",44,0.09574231975319411,0.7441860465116279
32,candidate,0.9518333682480972,crime,"D=0,Y=0",44,0.09574231975319411,0.7441860465116279
32,candidate,0.9638394281221635,crime,"D=0,Y=0",44,0.09574231975319411,0.7441860465116279
32,candidate,0.9371669880956459,crime,"D=0,Y=0",44,0.09574231975319411,0.7441860465116279
32,candidate,0.9362758191579613,crime,"D=0,Y=0",44,0.09574231975319411,0.7441860465116279
32,candidate,0.9378324282833456,crime,"D=0,Y=0",44,0.09574231975319411,0.7441860465116279
32,candidate,0.9299273888499809,crime,"D=0,Y=0",44,0.09574231975319411,0.7441860465116279
32,candidate,0.9529950527865634,crime,"D=0,Y=0",44,0.09574231975319411,0.7441860465116279
33,selected,0.9891311927782206,crime,"D=0,Y=0",44,0.09574231975319411,0.7674418604651163
33,candidate,0.9935035266254263,crime,"D=0,Y=0",44,0.09574231975319411,0.7674418604651163
33,candidate,0.9402125683369459,crime,"D=0,Y=0",44,0.09574231975319411,0.7674418604651163
33,candidate,0.9465291812784118,crime,"D=0,Y=0",44,0.09574231975319411,0.7674418604651163
33,candidate,0.9728544841596641,crime,"D=0,Y=0",44,0.09574231975319411,0.7674418604651163
33,candidate,0.9429776926433032,crime,"D=0,Y=0",44,0.09574231975319411,0.7674418604651163
33,candidate,0.9465242312718152,crime,"D=0,Y=0",44,0.09574231975319411,0.7674418604651163
33,candidate,0.9212478465909485,crime,"D=0,Y=0",44,0.09574231975319411,0.7674418604651163
33,candidate,0.943285866228042,crime,"D=0,Y=0",44,0.09574231975319411,0.7674418604651163
33,candidate,0.9722554627504209,crime,"D=0,Y=0",44,0.09574231975319411,0.7674418604651163
33,candidate,0.9619591528115616,crime,"D=0,Y=0",44,0.09574231975319411,0.7674418604651163
33,candidate,0.9449125046820173,crime,"D=0,Y=0",44,0.09574231975319411,0.7674418604651163
33,candidate,0.9363184042358139,crime,"D=0,Y=0",44,0.09574231975319411,0.7674418604651163
33,candidate,0.9751972527585702,crime,"D=0,Y=0",44,0.09574231975319411,0.7674418604651163
33,candidate,0.943131746871998,crime,"D=0,Y=0",44,0.09574231975319411,0.7674418604651163
33,candidate,0.9461633743607895,crime,"D=0,Y=0",44,0.09574231975319411,0.7674418604651163
33,candidate,0.9994350047142997,crime,"D=0,Y=0",44,0.09574231975319411,0.7674418604651163
33,candidate,0.9934679134747566,crime,"D=0,Y=0",44,0.09574231975319411,0.7674418604651163
33,candidate,0.9569806753731109,crime,"D=0,Y=0",44,0.09574231975319411,0.7674418604651163
33,candidate,0.9187436729231513,crime,"D=0,Y=0",44,0.09574231975319411,0.7674418604651163
33,candidate,0.9494550095339909,crime,"D=0,Y=0",44,0.09574231975319411,0.7674418604651163
34,selected,0.9676152095085314,crime,"D=0,Y=0",44,0.09574231975319411,0.7906976744186046
34,candidate,0.9312672447672735,crime,"D=0,Y=0",44,0.09574231975319411,0.7906976744186046
34,candidate,0.9452218250087077,crime,"D=0,Y=0",44,0.09574231975319411,0.7906976744186046
34,candidate,0.9409432947253668,crime,"D=0,Y=0",44,0.09574231975319411,0.7906976744186046
34,candidate,0.9694052920382799,crime,"D=0,Y=0",44,0.09574231975319411,0.7906976744186046
34,candidate,0.9386080341300143,crime,"D=0,Y=0",44,0.09574231975319411,0.7906976744186046
34,candidate,0.9519815713716794,crime,"D=0,Y=0",44,0.09574231975319411,0.7906976744186046
34,candidate,0.9747067064817857,crime,"D=0,Y=0",44,0.09574231975319411,0.7906976744186046
34,candidate,0.924767000907096,crime,"D=0,Y=0",44,0.09574231975319411,0.7906976744186046
34,candidate,0.9528729899142369,crime,"D=0,Y=0",44,0.09574231975319411,0.7906976744186046
34,candidate,0.9412920003147516,crime,"D=0,Y=0",44,0.09574231975319411,0.7906976744186046
34,candidate,0.9297450170336179,crime,"D=0,Y=0",44,0.09574231975319411,0.7906976744186046
34,candidate,0.948799054452973,crime,"D=0,Y=0",44,0.09574231975319411,0.7906976744186046
34,candidate,0.9494342339914658,crime,"D=0,Y=0",44,0.09574231975319411,0.7906976744186046
34,candidate,0.9451976036951957,crime,"D=0,Y=0",44,0.09574231975319411,0.7906976744186046
34,candidate,0.9473722767950152,crime,"D=0,Y=0",44,0.09574231975319411,0.7906976744186046
34,candidate,0.9405632284827223,crime,"D=0,Y=0",44,0.09574231975319411,0.7906976744186046
34,candidate,0.9217256137274071,crime,"D=0,Y=0",44,0.09574231975319411,0.7906976744186046
34,candidate,0.9360455007195009,crime,"D=0,Y=0",44,0.09574231975319411,0.7906976744186046
34,candidate,0.9484852788850267,crime,"D=0,Y=0",44,0.09574231975319411,0.7906976744186046
34,candidate,0.9349071635116815,crime,"D=0,Y=0",44,0.09574231975319411,0.7906976744186046
35,selected,0.9583982442252199,crime,"D=0,Y=0",44,0.09574231975319411,0.813953488372093
35,candidate,0.9439073775593119,crime,"D=0,Y=0",44,0.09574231975319411,0.813953488372093
35,candidate,0.9264917019429263,crime,"D=0,Y=0",44,0.09574231975319411,0.813953488372093
35,candidate,0.9613440676623397,crime,"D=0,Y=0",44,0.09574231975319411,0.813953488372093
35,candidate,0.919311372763244,crime,"D=0,Y=0",44,0.09574231975319411,0.813953488372093
35,candidate,0.9456863439735008,crime,"D=0,Y=0",44,0.09574231975319411,0.813953488372093
35,candidate,0.9341010077148325,crime,"D=0,Y=0",44,0.09574231975319411,0.813953488372093
35,candidate,0.9626287496872362,crime,"D=0,Y=0",44,0.09574231975319411,0.813953488372093
35,candidate,1.0,crime,"D=0,Y=0",44,0.09574231975319411,0.813953488372093
35,candidate,0.9207354940436078,crime,"D=0,Y=0",44,0.09574231975319411,0.813953488372093
35,candidate,0.9999999999999997,crime,"D=0,Y=0",44,0.09574231975319411,0.813953488372093
35,candidate,0.9397850418226836,crime,"D=0,Y=0",44,0.09574231975319411,0.813953488372093
35,candidate,0.9373611491810868,crime,"D=0,Y=0",44,0.09574231975319411,0.813953488372093
35,candidate,0.9464934492820305,crime,"D=0,Y=0",44,0.09574231975319411,0.813953488372093
35,candidate,0.9444870269395675,crime,"D=0,Y=0",44,0.09574231975319411,0.813953488372093
35,candidate,0.9426787796460876,crime,"D=0,Y=0",44,0.09574231975319411,0.813953488372093
35,candidate,0.9268226699785559,crime,"D=0,Y=0",44,0.09574231975319411,0.813953488372093
35,candidate,0.9483124187074,crime,"D=0,Y=0",44,0.09574231975319411,0.813953488372093
35,candidate,0.9432985172021634,crime,"D=0,Y=0",44,0.09574231975319411,0.813953488372093
35,candidate,0.9330569842044318,crime,"D=0,Y=0",44,0.09574231975319411,0.813953488372093
35,candidate,0.921334704805818,crime,"D=0,Y=0",44,0.09574231975319411,0.813953488372093
36,selected,0.9815529905665009,crime,"D=0,Y=0",44,0.09574231975319411,0.8372093023255814
36,candidate,0.9195579675303797,crime,"D=0,Y=0",44,0.09574231975319411,0.8372093023255814
36,candidate,0.9157398053600508,crime,"D=0,Y=0",44,0.09574231975319411,0.8372093023255814
36,candidate,0.9964959625437994,crime,"D=0,Y=0",44,0.09574231975319411,0.8372093023255814
36,candidate,0.9054622861971409,crime,"D=0,Y=0",44,0.09574231975319411,0.8372093023255814
36,candidate,0.9433374055353637,crime,"D=0,Y=0",44,0.09574231975319411,0.8372093023255814
36,candidate,0.9556955556142287,crime,"D=0,Y=0",44,0.09574231975319411,0.8372093023255814
36,candidate,0.9526464407822405,crime,"D=0,Y=0",44,0.09574231975319411,0.8372093023255814
36,candidate,0.9324083216950164,crime,"D=0,Y=0",44,0.09574231975319411,0.8372093023255814
36,candidate,0.9353005126184459,crime,"D=0,Y=0",44,0.09574231975319411,0.8372093023255814
36,candidate,0.944831054851218,crime,"D=0,Y=0",44,0.09574231975319411,0.8372093023255814
36,candidate,0.9538663139265869,crime,"D=0,Y=0",44,0.09574231975319411,0.8372093023255814
36,candidate,0.9742706835552636,crime,"D=0,Y=0",44,0.09574231975319411,0.8372093023255814
36,candidate,0.9314151954964934,crime,"D=0,Y=0",44,0.09574231975319411,0.8372093023255814
36,candidate,0.9292535092661229,crime,"D=0,Y=0",44,0.09574231975319411,0.8372093023255814
36,candidate,0.9240730322634584,crime,"D=0,Y=0",44,0.09574231975319411,0.8372093023255814
36,candidate,0.9118660499618045,crime,"D=0,Y=0",44,0.09574231975319411,0.8372093023255814
36,candidate,0.9488033868253549,crime,"D=0,Y=0",44,0.09574231975319411,0.8372093023255814
36,candidate,0.9793798936596175,crime,"D=0,Y=0",44,0.09574231975319411,0.8372093023255814
36,candidate,0.9223283873667922,crime,"D=0,Y=0",44,0.09574231975319411,0.8372093023255814
36,candidate,0.9333175496602925,crime,"D=0,Y=0",44,0.09574231975319411,0.8372093023255814
37,selected,0.9834848928853384,crime,"D=0,Y=0",44,0.09574231975319411,0.8604651162790697
37,candidate,0.9674742105864621,crime,"D=0,Y=0",44,0.09574231975319411,0.8604651162790697
37,candidate,0.9987946871278974,crime,"D=0,Y=0",44,0.09574231975319411,0.8604651162790697
37,candidate,0.9336638541689699,crime,"D=0,Y=0",44,0.09574231975319411,0.8604651162790697
37,candidate,0.9180300868716754,crime,"D=0,Y=0",44,0.09574231975319411,0.8604651162790697
37,candidate,0.9448815348425167,crime,"D=0,Y=0",44,0.09574231975319411,0.8604651162790697
37,candidate,0.9678518346711193,crime,"D=0,Y=0",44,0.09574231975319411,0.8604651162790697
37,candidate,0.9361411576875306,crime,"D=0,Y=0",44,0.09574231975319411,0.8604651162790697
37,candidate,0.9222286382757501,crime,"D=0,Y=0",44,0.09574231975319411,0.8604651162790697
37,candidate,0.9246098284159171,crime,"D=0,Y=0",44,0.09574231975319411,0.8604651162790697
37,candidate,0.927902143091624,crime,"D=0,Y=0",44,0.09574231975319411,0.8604651162790697
37,candidate,0.9145541672850486,crime,"D=0,Y=0",44,0.09574231975319411,0.8604651162790697
37,candidate,0.9091195678826773,crime,"D=0,Y=0",44,0.09574231975319411,0.8604651162790697
37,candidate,0.9238690644234202,crime,"D=0,Y=0",44,0.09574231975319411,0.8604651162790697
37,candidate,0.9110441583526374,crime,"D=0,Y=0",44,0.09574231975319411,0.8604651162790697
37,candidate,0.9411047789663676,crime,"D=0,Y=0",44,0.09574231975319411,0.8604651162790697
37,candidate,0.9183563115417425,crime,"D=0,Y=0",44,0.09574231975319411,0.8604651162790697
37,candidate,0.9172064613347083,crime,"D=0,Y=0",44,0.09574231975319411,0.8604651162790697
37,candidate,0.9374690133325928,crime,"D=0,Y=0",44,0.09574231975319411,0.8604651162790697
37,candidate,0.9222860772526335,crime,"D=0,Y=0",44,0.09574231975319411,0.8604651162790697
37,candidate,0.9469196855168424,crime,"D=0,Y=0",44,0.09574231975319411,0.8604651162790697
38,selected,0.9719819280685897,crime,"D=0,Y=0",44,0.09574231975319411,0.8837209302325582
38,candidate,0.9283487652408589,crime,"D=0,Y=0",44,0.09574231975319411,0.8837209302325582
38,candidate,0.8845300824372085,crime,"D=0,Y=0",44,0.09574231975319411,0.8837209302325582
38,candidate,0.9224368252153488,crime,"D=0,Y=0",44,0.09574231975319411,0.8837209302325582
38,candidate,0.9210818681709224,crime,"D=0,Y=0",44,0.09574231975319411,0.8837209302325582
38,candidate,0.9252426189566277,crime,"D=0,Y=0",44,0.09574231975319411,0.8837209302325582
38,candidate,0.8953768537669009,crime,"D=0,Y=0",44,0.09574231975319411,0.8837209302325582
38,candidate,0.9562979488101525,crime,"D=0,Y=0",44,0.09574231975319411,0.8837209302325582
38,candidate,0.8841192435752196,crime,"D=0,Y=0",44,0.09574231975319411,0.8837209302325582
38,candidate,0.8987166566053222,crime,"D=0,Y=0",44,0.09574231975319411,0.8837209302325582
38,candidate,0.9142765262705574,crime,"D=0,Y=0",44,0.09574231975319411,0.8837209302325582
38,candidate,0.916800035580523,crime,"D=0,Y=0",44,0.09574231975319411,0.8837209302325582
38,candidate,0.9256629442601122,crime,"D=0,Y=0",44,0.09574231975319411,0.8837209302325582
38,candidate,0.9108417584257462,crime,"D=0,Y=0",44,0.09574231975319411,0.8837209302325582
38,candidate,0.9344443747517609,crime,"D=0,Y=0",44,0.09574231975319411,0.8837209302325582
38,candidate,0.9068743675101931,crime,"D=0,Y=0",44,0.09574231975319411,0.8837209302325582
38,candidate,0.9263651739844205,crime,"D=0,Y=0",44,0.09574231975319411,0.8837209302325582
38,candidate,0.9967086875565285,crime,"D=0,Y=0",44,0.09574231975319411,0.8837209302325582
38,candidate,0.9028480291039921,crime,"D=0,Y=0",44,0.09574231975319411,0.8837209302325582
38,candidate,0.9264245395407437,crime,"D=0,Y=0",44,0.09574231975319411,0.8837209302325582
38,candidate,0.9274699499938367,crime,"D=0,Y=0",44,0.09574231975319411,0.8837209302325582
39,selected,0.9751870246807095,crime,"D=0,Y=0",44,0.09574231975319411,0.9069767441860465
39,candidate,0.9015808354810133,crime,"D=0,Y=0",44,0.09574231975319411,0.9069767441860465
39,candidate,0.9180864344698668,crime,"D=0,Y=0",44,0.09574231975319411,0.9069767441860465
39,candidate,0.9209945020782965,crime,"D=0,Y=0",44,0.09574231975319411,0.9069767441860465
39,candidate,0.912016157549618,crime,"D=0,Y=0",44,0.09574231975319411,0.9069767441860465
39,candidate,0.9151077915924709,crime,"D=0,Y=0",44,0.09574231975319411,0.9069767441860465
39,candidate,0.9022202193685229,crime,"D=0,Y=0",44,0.09574231975319411,0.9069767441860465
39,candidate,0.8945688324772172,crime,"D=0,Y=0",44,0.09574231975319411,0.9069767441860465
39,candidate,0.9011311825708306,crime,"D=0,Y=0",44,0.09574231975319411,0.9069767441860465
39,candidate,0.8937892539793149,crime,"D=0,Y=0",44,0.09574231975319411,0.9069767441860465
39,candidate,0.9065978112525095,crime,"D=0,Y=0",44,0.09574231975319411,0.9069767441860465
39,candidate,0.9122434474819776,crime,"D=0,Y=0",44,0.09574231975319411,0.9069767441860465
39,candidate,0.9179459842503424,crime,"D=0,Y=0",44,0.09574231975319411,0.9069767441860465
39,candidate,0.9037716793665086,crime,"D=0,Y=0",44,0.09574231975319411,0.9069767441860465
39,candidate,0.9084621519723381,crime,"D=0,Y=0",44,0.09574231975319411,0.9069767441860465
39,candidate,0.8356374273701743,crime,"D=0,Y=0",44,0.09574231975319411,0.9069767441860465
39,candidate,0.899230301636359,crime,"D=0,Y=0",44,0.09574231975319411,0.9069767441860465
39,candidate,0.8888621430700752,crime,"D=0,Y=0",44,0.09574231975319411,0.9069767441860465
39,candidate,0.9136214780532917,crime,"D=0,Y=0",44,0.09574231975319411,0.9069767441860465
39,candidate,0.9041943644278292,crime,"D=0,Y=0",44,0.09574231975319411,0.9069767441860465
39,candidate,0.8900371986986596,crime,"D=0,Y=0",44,0.09574231975319411,0.9069767441860465
40,selected,0.9133754601616962,crime,"D=0,Y=0",44,0.09574231975319411,0.9302325581395349
40,candidate,0.9928228657569579,crime,"D=0,Y=0",44,0.09574231975319411,0.9302325581395349
40,candidate,0.8833450806636003,crime,"D=0,Y=0",44,0.09574231975319411,0.9302325581395349
40,candidate,0.8567966325540938,crime,"D=0,Y=0",44,0.09574231975319411,0.9302325581395349
40,candidate,0.9035083088840583,crime,"D=0,Y=0",44,0.09574231975319411,0.9302325581395349
40,candidate,0.8895091263157758,crime,"D=0,Y=0",44,0.09574231975319411,0.9302325581395349
40,candidate,0.8923069570169381,crime,"D=0,Y=0",44,0.09574231975319411,0.9302325581395349
40,candidate,0.892204293349068,crime,"D=0,Y=0",44,0.09574231975319411,0.9302325581395349
40,candidate,0.8826829030245383,crime,"D=0,Y=0",44,0.09574231975319411,0.9302325581395349
40,candidate,0.8717852304830045,crime,"D=0,Y=0",44,0.09574231975319411,0.9302325581395349
40,candidate,0.9148757260241386,crime,"D=0,Y=0",44,0.09574231975319411,0.9302325581395349
40,candidate,0.8889301705903906,crime,"D=0,Y=0",44,0.09574231975319411,0.9302325581395349
40,candidate,0.8999720844727297,crime,"D=0,Y=0",44,0.09574231975319411,0.9302325581395349
40,candidate,0.8874700871106723,crime,"D=0,Y=0",44,0.09574231975319411,0.9302325581395349
40,candidate,0.9061427890674552,crime,"D=0,Y=0",44,0.09574231975319411,0.9302325581395349
40,candidate,0.9179106752825348,crime,"D=0,Y=0",44,0.09574231975319411,0.9302325581395349
40,candidate,0.9165274916449053,crime,"D=0,Y=0",44,0.09574231975319411,0.9302325581395349
40,candidate,0.8997671916512988,crime,"D=0,Y=0",44,0.09574231975319411,0.9302325581395349
40,candidate,0.9108618592518362,crime,"D=0,Y=0",44,0.09574231975319411,0.9302325581395349
40,candidate,0.8895022941973032,crime,"D=0,Y=0",44,0.09574231975319411,0.9302325581395349
40,candidate,0.9572760166915107,crime,"D=0,Y=0",44,0.09574231975319411,0.9302325581395349
41,selected,0.9922103017137196,crime,"D=0,Y=0",44,0.09574231975319411,0.9534883720930233
41,candidate,0.7818891632558581,crime,"D=0,Y=0",44,0.09574231975319411,0.9534883720930233
41,candidate,0.852698871539257,crime,"D=0,Y=0",44,0.09574231975319411,0.9534883720930233
41,candidate,0.8975084687083845,crime,"D=0,Y=0",44,0.09574231975319411,0.9534883720930233
41,candidate,0.8453498461596312,crime,"D=0,Y=0",44,0.09574231975319411,0.9534883720930233
41,candidate,0.8901898127232339,crime,"D=0,Y=0",44,0.09574231975319411,0.9534883720930233
41,candidate,0.8099089031389087,crime,"D=0,Y=0",44,0.09574231975319411,0.9534883720930233
41,candidate,0.8726115743738725,crime,"D=0,Y=0",44,0.09574231975319411,0.9534883720930233
41,candidate,0.8232079781200691,crime,"D=0,Y=0",44,0.09574231975319411,0.9534883720930233
41,candidate,0.8723985779609,crime,"D=0,Y=0",44,0.09574231975319411,0.9534883720930233
41,candidate,0.8796458946474172,crime,"D=0,Y=0",44,0.09574231975319411,0.9534883720930233
41,candidate,0.8159160562057459,crime,"D=0,Y=0",44,0.09574231975319411,0.9534883720930233
41,candidate,0.7910603759896506,crime,"D=0,Y=0",44,0.09574231975319411,0.9534883720930233
41,candidate,0.8493173031287198,crime,"D=0,Y=0",44,0.09574231975319411,0.9534883720930233
41,candidate,0.9166717671050824,crime,"D=0,Y=0",44,0.09574231975319411,0.9534883720930233
41,candidate,0.8816724264143657,crime,"D=0,Y=0",44,0.09574231975319411,0.9534883720930233
41,candidate,0.8319739458377187,crime,"D=0,Y=0",44,0.09574231975319411,0.9534883720930233
41,candidate,0.9216238142204788,crime,"D=0,Y=0",44,0.09574231975319411,0.9534883720930233
41,candidate,0.8406817208886376,crime,"D=0,Y=0",44,0.09574231975319411,0.9534883720930233
41,candidate,0.825119383370727,crime,"D=0,Y=0",44,0.09574231975319411,0.9534883720930233
41,candidate,0.8581936582450101,crime,"D=0,Y=0",44,0.09574231975319411,0.9534883720930233
42,selected,0.9485110781686847,crime,"D=0,Y=0",44,0.09574231975319411,0.9767441860465116
42,candidate,0.9178967951929006,crime,"D=0,Y=0",44,0.09574231975319411,0.9767441860465116
42,candidate,0.8604509980786992,crime,"D=0,Y=0",44,0.09574231975319411,0.9767441860465116
42,candidate,0.8697956320910122,crime,"D=0,Y=0",44,0.09574231975319411,0.9767441860465116
42,candidate,0.8440545881883932,crime,"D=0,Y=0",44,0.09574231975319411,0.9767441860465116
42,candidate,0.8623735650923037,crime,"D=0,Y=0",44,0.09574231975319411,0.9767441860465116
42,candidate,0.8010809926378423,crime,"D=0,Y=0",44,0.09574231975319411,0.9767441860465116
42,candidate,0.8924753855726577,crime,"D=0,Y=0",44,0.09574231975319411,0.9767441860465116
42,candidate,0.9029447779036918,crime,"D=0,Y=0",44,0.09574231975319411,0.9767441860465116
42,candidate,0.752920931837643,crime,"D=0,Y=0",44,0.09574231975319411,0.9767441860465116
42,candidate,0.7844655857088293,crime,"D=0,Y=0",44,0.09574231975319411,0.9767441860465116
42,candidate,0.8431698962179881,crime,"D=0,Y=0",44,0.09574231975319411,0.9767441860465116
42,candidate,0.8797063704669128,crime,"D=0,Y=0",44,0.09574231975319411,0.9767441860465116
42,candidate,0.791850935507144,crime,"D=0,Y=0",44,0.09574231975319411,0.9767441860465116
42,candidate,0.8009847244838357,crime,"D=0,Y=0",44,0.09574231975319411,0.9767441860465116
42,candidate,0.7980676221658219,crime,"D=0,Y=0",44,0.09574231975319411,0.9767441860465116
42,candidate,0.8069464510329484,crime,"D=0,Y=0",44,0.09574231975319411,0.9767441860465116
42,candidate,0.8074303066296786,crime,"D=0,Y=0",44,0.09574231975319411,0.9767441860465116
42,candidate,0.7488884073370506,crime,"D=0,Y=0",44,0.09574231975319411,0.9767441860465116
42,candidate,0.8127700195617924,crime,"D=0,Y=0",44,0.09574231975319411,0.9767441860465116
42,candidate,0.8164839999215339,crime,"D=0,Y=0",44,0.09574231975319411,0.9767441860465116
43,selected,0.7977935187090285,crime,"D=0,Y=0",44,0.09574231975319411,1.0
43,candidate,0.6946953630672554,crime,"D=0,Y=0",44,0.09574231975319411,1.0
43,candidate,0.6893157734913419,crime,"D=0,Y=0",44,0.09574231975319411,1.0
43,candidate,0.6925294391922125,crime,"D=0,Y=0",44,0.09574231975319411,1.0
43,candidate,0.75680197075528,crime,"D=0,Y=0",44,0.09574231975319411,1.0
43,candidate,0.7189102907119854,crime,"D=0,Y=0",44,0.09574231975319411,1.0
43,candidate,0.7322163335499058,crime,"D=0,Y=0",44,0.09574231975319411,1.0
43,candidate,0.7264996309301768,crime,"D=0,Y=0",44,0.09574231975319411,1.0
43,candidate,0.7967552463276518,crime,"D=0,Y=0",44,0.09574231975319411,1.0
43,candidate,0.6864062632123005,crime,"D=0,Y=0",44,0.09574231975319411,1.0
43,candidate,0.6788711177128317,crime,"D=0,Y=0",44,0.09574231975319411,1.0
43,candidate,0.7404016265683876,crime,"D=0,Y=0",44,0.09574231975319411,1.0
43,candidate,0.7604799672871168,crime,"D=0,Y=0",44,0.09574231975319411,1.0
43,candidate,0.7347576176857985,crime,"D=0,Y=0",44,0.09574231975319411,1.0
43,candidate,0.7337938343126715,crime,"D=0,Y=0",44,0.09574231975319411,1.0
43,candidate,0.6753827171422861,crime,"D=0,Y=0",44,0.09574231975319411,1.0
43,candidate,0.7521843097880098,crime,"D=0,Y=0",44,0.09574231975319411,1.0
43,candidate,0.7680398872223116,crime,"D=0,Y=0",44,0.09574231975319411,1.0
43,candidate,0.6481502270181747,crime,"D=0,Y=0",44,0.09574231975319411,1.0
43,candidate,0.7443403718680237,crime,"D=0,Y=0",44,0.09574231975319411,1.0
43,candidate,0.7493687896665583,crime,"D=0,Y=0",44,0.09574231975319411,1.0
0,selected,1.0,crime,"D=1,Y=1",23,0.12557138115232436,0.0
0,candidate,0.9999999999999997,crime,"D=1,Y=1",23,0.12557138115232436,0.0
0,candidate,0.9999999999999999,crime,"D=1,Y=1",23,0.12557138115232436,0.0
0,candidate,1.0000000000000002,crime,"D=1,Y=1",23,0.12557138115232436,0.0
0,candidate,1.0,crime,"D=1,Y=1",23,0.12557138115232436,0.0
0,candidate,1.0,crime,"D=1,Y=1",23,0.12557138115232436,0.0
0,candidate,1.0000000000000002,crime,"D=1,Y=1",23,0.12557138115232436,0.0
0,candidate,1.0,crime,"D=1,Y=1",23,0.12557138115232436,0.0
0,candidate,1.0,crime,"D=1,Y=1",23,0.12557138115232436,0.0
0,candidate,1.0,crime,"D=1,Y=1",23,0.12557138115232436,0.0
0,candidate,0.9999999999999999,crime,"D=1,Y=1",23,0.12557138115232436,0.0
0,candidate,1.0,crime,"D=1,Y=1",23,0.12557138115232436,0.0
0,candidate,0.9999999999999999,crime,"D=1,Y=1",23,0.12557138115232436,0.0
0,candidate,1.0,crime,"D=1,Y=1",23,0.12557138115232436,0.0
0,candidate,1.0,crime,"D=1,Y=1",23,0.12557138115232436,0.0
0,candidate,0.9999999999999999,crime,"D=1,Y=1",23,0.12557138115232436,0.0
0,candidate,1.0,crime,"D=1,Y=1",23,0.12557138115232436,0.0
0,candidate,1.0,crime,"D=1,Y=1",23,0.12557138115232436,0.0
0,candidate,1.0000000000000002,crime,"D=1,Y=1",23,0.12557138115232436,0.0
0,candidate,1.0,crime,"D=1,Y=1",23,0.12557138115232436,0.0
0,candidate,1.0,crime,"D=1,Y=1",23,0.12557138115232436,0.0
1,selected,0.9989270356674037,crime,"D=1,Y=1",23,0.12557138115232436,0.045454545454545456
1,candidate,1.0,crime,"D=1,Y=1",23,0.12557138115232436,0.045454545454545456
1,candidate,1.0,crime,"D=1,Y=1",23,0.12557138115232436,0.045454545454545456
1,candidate,0.9977023665845758,crime,"D=1,Y=1",23,0.12557138115232436,0.045454545454545456
1,candidate,0.9999999999999997,crime,"D=1,Y=1",23,0.12557138115232436,0.045454545454545456
1,candidate,1.0,crime,"D=1,Y=1",23,0.12557138115232436,0.045454545454545456
1,candidate,1.0,crime,"D=1,Y=1",23,0.12557138115232436,0.045454545454545456
1,candidate,1.0,crime,"D=1,Y=1",23,0.12557138115232436,0.045454545454545456
1,candidate,0.9996470801001986,crime,"D=1,Y=1",23,0.12557138115232436,0.045454545454545456
1,candidate,1.0,crime,"D=1,Y=1",23,0.12557138115232436,0.045454545454545456
1,candidate,1.0,crime,"D=1,Y=1",23,0.12557138115232436,0.045454545454545456
1,candidate,1.0,crime,"D=1,Y=1",23,0.12557138115232436,0.045454545454545456
1,candidate,0.9997996495096381,crime,"D=1,Y=1",23,0.12557138115232436,0.045454545454545456
1,candidate,0.9999999999999999,crime,"D=1,Y=1",23,0.12557138115232436,0.045454545454545456
1,candidate,0.9999999999999999,crime,"D=1,Y=1",23,0.12557138115232436,0.045454545454545456
1,candidate,1.0,crime,"D=1,Y=1",23,0.12557138115232436,0.045454545454545456
1,candidate,0.997607569224078,crime,"D=1,Y=1",23,0.12557138115232436,0.045454545454545456
1,candidate,0.9999999999999999,crime,"D=1,Y=1",23,0.12557138115232436,0.045454545454545456
1,candidate,1.0000000000000002,crime,"D=1,Y=1",23,0.12557138115232436,0.045454545454545456
1,candidate,1.0,crime,"D=1,Y=1",23,0.12557138115232436,0.045454545454545456
1,candidate,0.999205069676228,crime,"D=1,Y=1",23,0.12557138115232436,0.045454545454545456
2,selected,0.9974880963122874,crime,"D=1,Y=1",23,0.12557138115232436,0.09090909090909091
2,candidate,1.0000000000000002,crime,"D=1,Y=1",23,0.12557138115232436,0.09090909090909091
2,candidate,0.9995560387728576,crime,"D=1,Y=1",23,0.12557138115232436,0.09090909090909091
2,candidate,1.0000000000000002,crime,"D=1,Y=1",23,0.12557138115232436,0.09090909090909091
2,candidate,0.9854696674688231,crime,"D=1,Y=1",23,0.12557138115232436,0.09090909090909091
2,candidate,1.0000000000000007,crime,"D=1,Y=1",23,0.12557138115232436,0.09090909090909091
2,candidate,0.9967528820094441,crime,"D=1,Y=1",23,0.12557138115232436,0.09090909090909091
2,candidate,1.0000000000000007,crime,"D=1,Y=1",23,0.12557138115232436,0.09090909090909091
2,candidate,1.0000000000000002,crime,"D=1,Y=1",23,0.12557138115232436,0.09090909090909091
2,candidate,0.9799857994378328,crime,"D=1,Y=1",23,0.12557138115232436,0.09090909090909091
2,candidate,1.0000000000000002,crime,"D=1,Y=1",23,0.12557138115232436,0.09090909090909091
2,candidate,0.9956043821306175,crime,"D=1,Y=1",23,0.12557138115232436,0.09090909090909091
2,candidate,1.0000000000000004,crime,"D=1,Y=1",23,0.12557138115232436,0.09090909090909091
2,candidate,1.0,crime,"D=1,Y=1",23,0.12557138115232436,0.09090909090909091
2,candidate,0.9982439631937547,crime,"D=1,Y=1",23,0.12557138115232436,0.09090909090909091
2,candidate,1.0000000000000002,crime,"D=1,Y=1",23,0.12557138115232436,0.09090909090909091
2,candidate,1.0000000000000002,crime,"D=1,Y=1",23,0.12557138115232436,0.09090909090909091
2,candidate,0.9941188395953375,crime,"D=1,Y=1",23,0.12557138115232436,0.09090909090909091
2,candidate,1.0000000000000004,crime,"D=1,Y=1",23,0.12557138115232436,0.09090909090909091
2,candidate,0.9981238018874737,crime,"D=1,Y=1",23,0.12557138115232436,0.09090909090909091
2,candidate,1.0000000000000002,crime,"D=1,Y=1",23,0.12557138115232436,0.09090909090909091
3,selected,0.9982671352728624,crime,"D=1,Y=1",23,0.12557138115232436,0.13636363636363635
3,candidate,0.9988444645843428,crime,"D=1,Y=1",23,0.12557138115232436,0.13636363636363635
3,candidate,0.9933377880977445,crime,"D=1,Y=1",23,0.12557138115232436,0.13636363636363635
3,candidate,1.0000000000000002,crime,"D=1,Y=1",23,0.12557138115232436,0.13636363636363635
3,candidate,0.9978262686966476,crime,"D=1,Y=1",23,0.12557138115232436,0.13636363636363635
3,candidate,1.0000000000000002,crime,"D=1,Y=1",23,0.12557138115232436,0.13636363636363635
3,candidate,1.0,crime,"D=1,Y=1",23,0.12557138115232436,0.13636363636363635
3,candidate,1.0000000000000002,crime,"D=1,Y=1",23,0.12557138115232436,0.13636363636363635
3,candidate,0.998418264420866,crime,"D=1,Y=1",23,0.12557138115232436,0.13636363636363635
3,candidate,0.9999834481123657,crime,"D=1,Y=1",23,0.12557138115232436,0.13636363636363635
3,candidate,0.9992845470784323,crime,"D=1,Y=1",23,0.12557138115232436,0.13636363636363635
3,candidate,1.0,crime,"D=1,Y=1",23,0.12557138115232436,0.13636363636363635
3,candidate,1.0,crime,"D=1,Y=1",23,0.12557138115232436,0.13636363636363635
3,candidate,1.0,crime,"D=1,Y=1",23,0.12557138115232436,0.13636363636363635
3,candidate,1.0,crime,"D=1,Y=1",23,0.12557138115232436,0.13636363636363635
3,candidate,1.0000000000000002,crime,"D=1,Y=1",23,0.12557138115232436,0.13636363636363635
3,candidate,0.9977564519354817,crime,"D=1,Y=1",23,0.12557138115232436,0.13636363636363635
3,candidate,1.0000000000000004,crime,"D=1,Y=1",23,0.12557138115232436,0.13636363636363635
3,candidate,0.9907646437054315,crime,"D=1,Y=1",23,0.12557138115232436,0.13636363636363635
3,candidate,0.9996465575825539,crime,"D=1,Y=1",23,0.12557138115232436,0.13636363636363635
3,candidate,0.9994882581816297,crime,"D=1,Y=1",23,0.12557138115232436,0.13636363636363635
4,selected,0.9916686107070862,crime,"D=1,Y=1",23,0.12557138115232436,0.18181818181818182
4,candidate,1.0000000000000004,crime,"D=1,Y=1",23,0.12557138115232436,0.18181818181818182
4,candidate,1.0,crime,"D=1,Y=1",23,0.12557138115232436,0.18181818181818182
4,candidate,0.9999999999999996,crime,"D=1,Y=1",23,0.12557138115232436,0.18181818181818182
4,candidate,1.0,crime,"D=1,Y=1",23,0.12557138115232436,0.18181818181818182
4,candidate,1.0000000000000002,crime,"D=1,Y=1",23,0.12557138115232436,0.18181818181818182
4,candidate,1.0,crime,"D=1,Y=1",23,0.12557138115232436,0.18181818181818182
4,candidate,1.0000000000000009,crime,"D=1,Y=1",23,0.12557138115232436,0.18181818181818182
4,candidate,0.9808680758401963,crime,"D=1,Y=1",23,0.12557138115232436,0.18181818181818182
4,candidate,0.9999999999999999,crime,"D=1,Y=1",23,0.12557138115232436,0.18181818181818182
4,candidate,0.998232634886233,crime,"D=1,Y=1",23,0.12557138115232436,0.18181818181818182
4,candidate,0.9995945436690299,crime,"D=1,Y=1",23,0.12557138115232436,0.18181818181818182
4,candidate,0.978071419532259,crime,"D=1,Y=1",23,0.12557138115232436,0.18181818181818182
4,candidate,0.9954929480893038,crime,"D=1,Y=1",23,0.12557138115232436,0.18181818181818182
4,candidate,1.0000000000000004,crime,"D=1,Y=1",23,0.12557138115232436,0.18181818181818182
4,candidate,0.9974246180218481,crime,"D=1,Y=1",23,0.12557138115232436,0.18181818181818182
4,candidate,0.9764199033589571,crime,"D=1,Y=1",23,0.12557138115232436,0.18181818181818182
4,candidate,0.9972378513306907,crime,"D=1,Y=1",23,0.12557138115232436,0.18181818181818182
4,candidate,0.9990896342385401,crime,"D=1,Y=1",23,0.12557138115232436,0.18181818181818182
4,candidate,1.0000000000000009,crime,"D=1,Y=1",23,0.12557138115232436,0.18181818181818182
4,candidate,0.9999078661993801,crime,"D=1,Y=1",23,0.12557138115232436,0.18181818181818182
5,selected,0.9963820601946541,crime,"D=1,Y=1",23,0.12557138115232436,0.22727272727272727
5,candidate,0.9941191704645849,crime,"D=1,Y=1",23,0.12557138115232436,0.22727272727272727
5,candidate,0.9597260254379364,crime,"D=1,Y=1",23,0.12557138115232436,0.22727272727272727
5,candidate,0.9894727632351403,crime,"D=1,Y=1",23,0.12557138115232436,0.22727272727272727
5,candidate,0.9999999999999994,crime,"D=1,Y=1",23,0.12557138115232436,0.22727272727272727
5,candidate,0.9999999999999996,crime,"D=1,Y=1",23,0.12557138115232436,0.22727272727272727
5,candidate,0.9764451327360707,crime,"D=1,Y=1",23,0.12557138115232436,0.22727272727272727
5,candidate,0.9970986629959607,crime,"D=1,Y=1",23,0.12557138115232436,0.22727272727272727
5,candidate,0.9675734412330218,crime,"D=1,Y=1",23,0.12557138115232436,0.22727272727272727
5,candidate,0.9932252538879169,crime,"D=1,Y=1",23,0.12557138115232436,0.22727272727272727
5,candidate,0.9946583288902872,crime,"D=1,Y=1",23,0.12557138115232436,0.22727272727272727
5,candidate,0.9756561186517869,crime,"D=1,Y=1",23,0.12557138115232436,0.22727272727272727
5,candidate,0.9999999999999994,crime,"D=1,Y=1",23,0.12557138115232436,0.22727272727272727
5,candidate,0.9999999999999989,crime,"D=1,Y=1",23,0.12557138115232436,0.22727272727272727
5,candidate,0.9999999999999991,crime,"D=1,Y=1",23,0.12557138115232436,0.22727272727272727
5,candidate,0.98972566757625,crime,"D=1,Y=1",23,0.12557138115232436,0.22727272727272727
5,candidate,0.9677893487176221,crime,"D=1,Y=1",23,0.12557138115232436,0.22727272727272727
5,candidate,0.9924598848511496,crime,"D=1,Y=1",23,0.12557138115232436,0.22727272727272727
5,candidate,0.9999999999999987,crime,"D=1,Y=1",23,0.12557138115232436,0.22727272727272727
5,candidate,0.9721038922279097,crime,"D=1,Y=1",23,0.12557138115232436,0.22727272727272727
5,candidate,0.9951100300962943,crime,"D=1,Y=1",23,0.12557138115232436,0.22727272727272727
6,selected,0.9830370180681159,crime,"D=1,Y=1",23,0.12557138115232436,0.2727272727272727
6,candidate,1.0000000000000002,crime,"D=1,Y=1",23,0.12557138115232436,0.2727272727272727
6,candidate,0.9945821311414773,crime,"D=1,Y=1",23,0.12557138115232436,0.2727272727272727
6,candidate,0.9591196078406778,crime,"D=1,Y=1",23,0.12557138115232436,0.2727272727272727
6,candidate,0.9988598523805025,crime,"D=1,Y=1",23,0.12557138115232436,0.2727272727272727
6,candidate,0.9999999999999997,crime,"D=1,Y=1",23,0.12557138115232436,0.2727272727272727
6,candidate,0.9996959946504543,crime,"D=1,Y=1",23,0.12557138115232436,0.2727272727272727
6,candidate,1.0,crime,"D=1,Y=1",23,0.12557138115232436,0.2727272727272727
6,candidate,0.9999999999999999,crime,"D=1,Y=1",23,0.12557138115232436,0.2727272727272727
6,candidate,0.9999999999999996,crime,"D=1,Y=1",23,0.12557138115232436,0.2727272727272727
6,candidate,0.9884879611605489,crime,"D=1,Y=1",23,0.12557138115232436,0.2727272727272727
6,candidate,0.9999999999999997,crime,"D=1,Y=1",23,0.12557138115232436,0.2727272727272727
6,candidate,0.9980028248902717,crime,"D=1,Y=1",23,0.12557138115232436,0.2727272727272727
6,candidate,1.0000000000000002,crime,"D=1,Y=1",23,0.12557138115232436,0.2727272727272727
6,candidate,1.0,crime,"D=1,Y=1",23,0.12557138115232436,0.2727272727272727
6,candidate,0.9622952716154259,crime,"D=1,Y=1",23,0.12557138115232436,0.2727272727272727
6,candidate,1.0000000000000002,crime,"D=1,Y=1",23,0.12557138115232436,0.2727272727272727
6,candidate,1.0,crime,"D=1,Y=1",23,0.12557138115232436,0.2727272727272727
6,candidate,0.9893656698901976,crime,"D=1,Y=1",23,0.12557138115232436,0.2727272727272727
6,candidate,0.9944927667375674,crime,"D=1,Y=1",23,0.12557138115232436,0.2727272727272727
6,candidate,0.9754513380184637,crime,"D=1,Y=1",23,0.12557138115232436,0.2727272727272727
7,selected,0.9906509269592815,crime,"D=1,Y=1",23,0.12557138115232436,0.3181818181818182
7,candidate,0.9898825416365296,crime,"D=1,Y=1",23,0.12557138115232436,0.3181818181818182
7,candidate,1.0,crime,"D=1,Y=1",23,0.12557138115232436,0.3181818181818182
7,candidate,0.9526391592416337,crime,"D=1,Y=1",23,0.12557138115232436,0.3181818181818182
7,candidate,0.9934667008342474,crime,"D=1,Y=1",23,0.12557138115232436,0.3181818181818182
7,candidate,0.9881912324646747,crime,"D=1,Y=1",23,0.12557138115232436,0.3181818181818182
7,candidate,0.999999999999999,crime,"D=1,Y=1",23,0.12557138115232436,0.3181818181818182
7,candidate,0.9999999999999996,crime,"D=1,Y=1",23,0.12557138115232436,0.3181818181818182
7,candidate,0.9999999999999997,crime,"D=1,Y=1",23,0.12557138115232436,0.3181818181818182
7,candidate,0.9983495853611838,crime,"D=1,Y=1",23,0.12557138115232436,0.3181818181818182
7,candidate,0.9939130292381639,crime,"D=1,Y=1",23,0.12557138115232436,0.3181818181818182
7,candidate,0.9956590011489046,crime,"D=1,Y=1",23,0.12557138115232436,0.3181818181818182
7,candidate,0.9624216738313831,crime,"D=1,Y=1",23,0.12557138115232436,0.3181818181818182
7,candidate,1.0,crime,"D=1,Y=1",23,0.12557138115232436,0.3181818181818182
7,candidate,0.9729513574544784,crime,"D=1,Y=1",23,0.12557138115232436,0.3181818181818182
7,candidate,0.9997256727093828,crime,"D=1,Y=1",23,0.12557138115232436,0.3181818181818182
7,candidate,0.9976109198640385,crime,"D=1,Y=1",23,0.12557138115232436,0.3181818181818182
7,candidate,1.0000000000000007,crime,"D=1,Y=1",23,0.12557138115232436,0.3181818181818182
7,candidate,0.9869679481943572,crime,"D=1,Y=1",23,0.12557138115232436,0.3181818181818182
7,candidate,0.9568328974269341,crime,"D=1,Y=1",23,0.12557138115232436,0.3181818181818182
7,candidate,0.9499900893556177,crime,"D=1,Y=1",23,0.12557138115232436,0.3181818181818182
8,selected,0.9953095723515578,crime,"D=1,Y=1",23,0.12557138115232436,0.36363636363636365
8,candidate,0.9490617891230853,crime,"D=1,Y=1",23,0.12557138115232436,0.36363636363636365
8,candidate,0.9999999999999997,crime,"D=1,Y=1",23,0.12557138115232436,0.36363636363636365
8,candidate,0.9642460519775868,crime,"D=1,Y=1",23,0.12557138115232436,0.36363636363636365
8,candidate,0.9999999999999999,crime,"D=1,Y=1",23,0.12557138115232436,0.36363636363636365
8,candidate,0.9876366049036743,crime,"D=1,Y=1",23,0.12557138115232436,0.36363636363636365
8,candidate,1.0000000000000009,crime,"D=1,Y=1",23,0.12557138115232436,0.36363636363636365
8,candidate,0.9716217061173965,crime,"D=1,Y=1",23,0.12557138115232436,0.36363636363636365
8,candidate,0.9522266591477622,crime,"D=1,Y=1",23,0.12557138115232436,0.36363636363636365
8,candidate,0.9999999999999991,crime,"D=1,Y=1",23,0.12557138115232436,0.36363636363636365
8,candidate,1.0000000000000007,crime,"D=1,Y=1",23,0.12557138115232436,0.36363636363636365
8,candidate,1.0000000000000007,crime,"D=1,Y=1",23,0.12557138115232436,0.36363636363636365
8,candidate,1.0000000000000007,crime,"D=1,Y=1",23,0.12557138115232436,0.36363636363636365
8,candidate,0.9999999999999992,crime,"D=1,Y=1",23,0.12557138115232436,0.36363636363636365
8,candidate,0.9678197838876,crime,"D=1,Y=1",23,0.12557138115232436,0.36363636363636365
8,candidate,0.9884386257632476,crime,"D=1,Y=1",23,0.12557138115232436,0.36363636363636365
8,candidate,0.9814768871342979,crime,"D=1,Y=1",23,0.12557138115232436,0.36363636363636365
8,candidate,0.9975132185787421,crime,"D=1,Y=1",23,0.12557138115232436,0.36363636363636365
8,candidate,0.9786644425426606,crime,"D=1,Y=1",23,0.12557138115232436,0.36363636363636365
8,candidate,0.9575529144345483,crime,"D=1,Y=1",23,0.12557138115232436,0.36363636363636365
8,candidate,0.988114430842606,crime,"D=1,Y=1",23,0.12557138115232436,0.36363636363636365
9,selected,0.9971445128049334,crime,"D=1,Y=1",23,0.12557138115232436,0.4090909090909091
9,candidate,0.9999999999999997,crime,"D=1,Y=1",23,0.12557138115232436,0.4090909090909091
9,candidate,0.9695867798788583,crime,"D=1,Y=1",23,0.12557138115232436,0.4090909090909091
9,candidate,0.9936747034488436,crime,"D=1,Y=1",23,0.12557138115232436,0.4090909090909091
9,candidate,1.0,crime,"D=1,Y=1",23,0.12557138115232436,0.4090909090909091
9,candidate,0.9999999999999988,crime,"D=1,Y=1",23,0.12557138115232436,0.4090909090909091
9,candidate,0.9999999999999981,crime,"D=1,Y=1",23,0.12557138115232436,0.4090909090909091
9,candidate,0.978330765489863,crime,"D=1,Y=1",23,0.12557138115232436,0.4090909090909091
9,candidate,0.946461288412833,crime,"D=1,Y=1",23,0.12557138115232436,0.4090909090909091
9,candidate,0.9605603888912678,crime,"D=1,Y=1",23,0.12557138115232436,0.4090909090909091
9,candidate,0.9999675016412434,crime,"D=1,Y=1",23,0.12557138115232436,0.4090909090909091
9,candidate,0.9999999999999994,crime,"D=1,Y=1",23,0.12557138115232436,0.4090909090909091
9,candidate,0.9995840357119333,crime,"D=1,Y=1",23,0.12557138115232436,0.4090909090909091
9,candidate,0.9782563485870482,crime,"D=1,Y=1",23,0.12557138115232436,0.4090909090909091
9,candidate,1.0000000000000002,crime,"D=1,Y=1",23,0.12557138115232436,0.4090909090909091
9,candidate,0.9664098763038315,crime,"D=1,Y=1",23,0.12557138115232436,0.4090909090909091
9,candidate,0.9737187870356201,crime,"D=1,Y=1",23,0.12557138115232436,0.4090909090909091
9,candidate,0.9962234608408651,crime,"D=1,Y=1",23,0.12557138115232436,0.4090909090909091
9,candidate,0.9888199150445601,crime,"D=1,Y=1",23,0.12557138115232436,0.4090909090909091
9,candidate,1.0000000000000013,crime,"D=1,Y=1",23,0.12557138115232436,0.4090909090909091
9,candidate,0.9509915793789184,crime,"D=1,Y=1",23,0.12557138115232436,0.4090909090909091
10,selected,0.9989192098655435,crime,"D=1,Y=1",23,0.12557138115232436,0.45454545454545453
10,candidate,0.9780772198799799,crime,"D=1,Y=1",23,0.12557138115232436,0.45454545454545453
10,candidate,0.9467861788938049,crime,"D=1,Y=1",23,0.12557138115232436,0.45454545454545453
10,candidate,0.9542109787814606,crime,"D=1,Y=1",23,0.12557138115232436,0.45454545454545453
10,candidate,0.9757282356054521,crime,"D=1,Y=1",23,0.12557138115232436,0.45454545454545453
10,candidate,0.9431382779787829,crime,"D=1,Y=1",23,0.12557138115232436,0.45454545454545453
10,candidate,1.0000000000000009,crime,"D=1,Y=1",23,0.12557138115232436,0.45454545454545453
10,candidate,0.9564663738830704,crime,"D=1,Y=1",23,0.12557138115232436,0.45454545454545453
10,candidate,0.9515835630369062,crime,"D=1,Y=1",23,0.12557138115232436,0.45454545454545453
10,candidate,0.9970229032598422,crime,"D=1,Y=1",23,0.12557138115232436,0.45454545454545453
10,candidate,0.9853715590976034,crime,"D=1,Y=1",23,0.12557138115232436,0.45454545454545453
10,candidate,1.000000000000002,crime,"D=1,Y=1",23,0.12557138115232436,0.45454545454545453
10,candidate,0.990047368738481,crime,"D=1,Y=1",23,0.12557138115232436,0.45454545454545453
10,candidate,0.9972812863821708,crime,"D=1,Y=1",23,0.12557138115232436,0.45454545454545453
10,candidate,0.9397195030375586,crime,"D=1,Y=1",23,0.12557138115232436,0.45454545454545453
10,candidate,0.9153958695842513,crime,"D=1,Y=1",23,0.12557138115232436,0.45454545454545453
10,candidate,0.9492086208884886,crime,"D=1,Y=1",23,0.12557138115232436,0.45454545454545453
10,candidate,0.9659970315193531,crime,"D=1,Y=1",23,0.12557138115232436,0.45454545454545453
10,candidate,0.9798675340464321,crime,"D=1,Y=1",23,0.12557138115232436,0.45454545454545453
10,candidate,0.951765339824887,crime,"D=1,Y=1",23,0.12557138115232436,0.45454545454545453
10,candidate,0.9544029742307588,crime,"D=1,Y=1",23,0.12557138115232436,0.45454545454545453
11,selected,0.9980167701057846,crime,"D=1,Y=1",23,0.12557138115232436,0.5
11,candidate,0.9900473687384759,crime,"D=1,Y=1",23,0.12557138115232436,0.5
11,candidate,0.9507088115646319,crime,"D=1,Y=1",23,0.12557138115232436,0.5
11,candidate,0.9537593633647975,crime,"D=1,Y=1",23,0.12557138115232436,0.5
11,candidate,0.9775323431708105,crime,"D=1,Y=1",23,0.12557138115232436,0.5
11,candidate,0.9923742873699647,crime,"D=1,Y=1",23,0.12557138115232436,0.5
11,candidate,0.9995673252637695,crime,"D=1,Y=1",23,0.12557138115232436,0.5
11,candidate,0.9982800735508094,crime,"D=1,Y=1",23,0.12557138115232436,0.5
11,candidate,0.9678851387863673,crime,"D=1,Y=1",23,0.12557138115232436,0.5
11,candidate,0.9676190092622139,crime,"D=1,Y=1",23,0.12557138115232436,0.5
11,candidate,0.9534756555688363,crime,"D=1,Y=1",23,0.12557138115232436,0.5
11,candidate,0.980298421894217,crime,"D=1,Y=1",23,0.12557138115232436,0.5
11,candidate,0.982066773358169,crime,"D=1,Y=1",23,0.12557138115232436,0.5
11,candidate,0.9627632706081525,crime,"D=1,Y=1",23,0.12557138115232436,0.5
11,candidate,0.9470114216211906,crime,"D=1,Y=1",23,0.12557138115232436,0.5
11,candidate,0.967834327920271,crime,"D=1,Y=1",23,0.12557138115232436,0.5
11,candidate,1.0,crime,"D=1,Y=1",23,0.12557138115232436,0.5
11,candidate,0.9581121905367995,crime,"D=1,Y=1",23,0.12557138115232436,0.5
11,candidate,0.9541993593131408,crime,"D=1,Y=1",23,0.12557138115232436,0.5
11,candidate,0.9732283739520919,crime,"D=1,Y=1",23,0.12557138115232436,0.5
11,candidate,0.9489171299078168,crime,"D=1,Y=1",23,0.12557138115232436,0.5
12,selected,0.9985114790165596,crime,"D=1,Y=1",23,0.12557138115232436,0.5454545454545454
12,candidate,0.999999999999997,crime,"D=1,Y=1",23,0.12557138115232436,0.5454545454545454
12,candidate,0.9500015426312687,crime,"D=1,Y=1",23,0.12557138115232436,0.5454545454545454
12,candidate,0.9702665088137521,crime,"D=1,Y=1",23,0.12557138115232436,0.5454545454545454
12,candidate,0.9559263725347259,crime,"D=1,Y=1",23,0.12557138115232436,0.5454545454545454
12,candidate,0.9994243925445612,crime,"D=1,Y=1",23,0.12557138115232436,0.5454545454545454
12,candidate,0.9722562314407347,crime,"D=1,Y=1",23,0.12557138115232436,0.5454545454545454
12,candidate,0.9972811587376798,crime,"D=1,Y=1",23,0.12557138115232436,0.5454545454545454
12,candidate,0.9318296552203461,crime,"D=1,Y=1",23,0.12557138115232436,0.5454545454545454
12,candidate,0.9999999999999991,crime,"D=1,Y=1",23,0.12557138115232436,0.5454545454545454
12,candidate,0.969922482905933,crime,"D=1,Y=1",23,0.12557138115232436,0.5454545454545454
12,candidate,0.9374968321003868,crime,"D=1,Y=1",23,0.12557138115232436,0.5454545454545454
12,candidate,0.9545001422432439,crime,"D=1,Y=1",23,0.12557138115232436,0.5454545454545454
12,candidate,0.9888580281319321,crime,"D=1,Y=1",23,0.12557138115232436,0.5454545454545454
12,candidate,0.9780772198799752,crime,"D=1,Y=1",23,0.12557138115232436,0.5454545454545454
12,candidate,0.9568025217110456,crime,"D=1,Y=1",23,0.12557138115232436,0.5454545454545454
12,candidate,0.9893473758586696,crime,"D=1,Y=1",23,0.12557138115232436,0.5454545454545454
12,candidate,0.9945150794334452,crime,"D=1,Y=1",23,0.12557138115232436,0.5454545454545454
12,candidate,0.9446302907933259,crime,"D=1,Y=1",23,0.12557138115232436,0.5454545454545454
12,candidate,0.9866706199412542,crime,"D=1,Y=1",23,0.12557138115232436,0.5454545454545454
12,candidate,0.9873932866773115,crime,"D=1,Y=1",23,0.12557138115232436,0.5454545454545454
13,selected,0.9790689883566465,crime,"D=1,Y=1",23,0.12557138115232436,0.5909090909090909
13,candidate,0.9844909016379462,crime,"D=1,Y=1",23,0.12557138115232436,0.5909090909090909
13,candidate,0.9501973351128714,crime,"D=1,Y=1",23,0.12557138115232436,0.5909090909090909
13,candidate,0.9990673575373916,crime,"D=1,Y=1",23,0.12557138115232436,0.5909090909090909
13,candidate,1.000000000000001,crime,"D=1,Y=1",23,0.12557138115232436,0.5909090909090909
13,candidate,0.9853730313732039,crime,"D=1,Y=1",23,0.12557138115232436,0.5909090909090909
13,candidate,0.9627632706081568,crime,"D=1,Y=1",23,0.12557138115232436,0.5909090909090909
13,candidate,0.9491512536437176,crime,"D=1,Y=1",23,0.12557138115232436,0.5909090909090909
13,candidate,0.9412960465039352,crime,"D=1,Y=1",23,0.12557138115232436,0.5909090909090909
13,candidate,0.976863323749165,crime,"D=1,Y=1",23,0.12557138115232436,0.5909090909090909
13,candidate,0.9543750004514804,crime,"D=1,Y=1",23,0.12557138115232436,0.5909090909090909
13,candidate,0.99286512596837,crime,"D=1,Y=1",23,0.12557138115232436,0.5909090909090909
13,candidate,0.9591781287322325,crime,"D=1,Y=1",23,0.12557138115232436,0.5909090909090909
13,candidate,0.9308559381368908,crime,"D=1,Y=1",23,0.12557138115232436,0.5909090909090909
13,candidate,0.9881670652231805,crime,"D=1,Y=1",23,0.12557138115232436,0.5909090909090909
13,candidate,0.9954546694260724,crime,"D=1,Y=1",23,0.12557138115232436,0.5909090909090909
13,candidate,0.9511381433975074,crime,"D=1,Y=1",23,0.12557138115232436,0.5909090909090909
13,candidate,0.9612868142437951,crime,"D=1,Y=1",23,0.12557138115232436,0.5909090909090909
13,candidate,0.985112846141638,crime,"D=1,Y=1",23,0.12557138115232436,0.5909090909090909
13,candidate,0.9925473435976021,crime,"D=1,Y=1",23,0.12557138115232436,0.5909090909090909
13,candidate,0.9493820888717616,crime,"D=1,Y=1",23,0.12557138115232436,0.5909090909090909
14,selected,0.9976668529432006,crime,"D=1,Y=1",23,0.12557138115232436,0.6363636363636364
14,candidate,0.9188973546485412,crime,"D=1,Y=1",23,0.12557138115232436,0.6363636363636364
14,candidate,0.9549991417493592,crime,"D=1,Y=1",23,0.12557138115232436,0.6363636363636364
14,candidate,0.954045032096042,crime,"D=1,Y=1",23,0.12557138115232436,0.6363636363636364
14,candidate,0.9539600064006886,crime,"D=1,Y=1",23,0.12557138115232436,0.6363636363636364
14,candidate,0.9999999999999981,crime,"D=1,Y=1",23,0.12557138115232436,0.6363636363636364
14,candidate,0.9479733700726434,crime,"D=1,Y=1",23,0.12557138115232436,0.6363636363636364
14,candidate,0.9568968511694796,crime,"D=1,Y=1",23,0.12557138115232436,0.6363636363636364
14,candidate,0.9453964861770923,crime,"D=1,Y=1",23,0.12557138115232436,0.6363636363636364
14,candidate,0.9395357612072948,crime,"D=1,Y=1",23,0.12557138115232436,0.6363636363636364
14,candidate,0.9527625179023583,crime,"D=1,Y=1",23,0.12557138115232436,0.6363636363636364
14,candidate,0.9409003264092249,crime,"D=1,Y=1",23,0.12557138115232436,0.6363636363636364
14,candidate,0.9688041530700034,crime,"D=1,Y=1",23,0.12557138115232436,0.6363636363636364
14,candidate,0.9522281417593383,crime,"D=1,Y=1",23,0.12557138115232436,0.6363636363636364
14,candidate,0.9297901871015303,crime,"D=1,Y=1",23,0.12557138115232436,0.6363636363636364
14,candidate,0.9386401150607243,crime,"D=1,Y=1",23,0.12557138115232436,0.6363636363636364
14,candidate,0.9777205604926801,crime,"D=1,Y=1",23,0.12557138115232436,0.6363636363636364
14,candidate,0.9658071485597609,crime,"D=1,Y=1",23,0.12557138115232436,0.6363636363636364
14,candidate,0.9455175896363929,crime,"D=1,Y=1",23,0.12557138115232436,0.6363636363636364
14,candidate,0.9333810925536491,crime,"D=1,Y=1",23,0.12557138115232436,0.6363636363636364
14,candidate,0.9252437301805894,crime,"D=1,Y=1",23,0.12557138115232436,0.6363636363636364
15,selected,0.9579725920176941,crime,"D=1,Y=1",23,0.12557138115232436,0.6818181818181818
15,candidate,0.9537563627601278,crime,"D=1,Y=1",23,0.12557138115232436,0.6818181818181818
15,candidate,0.9496086767983342,crime,"D=1,Y=1",23,0.12557138115232436,0.6818181818181818
15,candidate,1.000000000000001,crime,"D=1,Y=1",23,0.12557138115232436,0.6818181818181818
15,candidate,0.9401760341322036,crime,"D=1,Y=1",23,0.12557138115232436,0.6818181818181818
15,candidate,0.9923729490890745,crime,"D=1,Y=1",23,0.12557138115232436,0.6818181818181818
15,candidate,0.9492984929476428,crime,"D=1,Y=1",23,0.12557138115232436,0.6818181818181818
15,candidate,0.9527625179023606,crime,"D=1,Y=1",23,0.12557138115232436,0.6818181818181818
15,candidate,0.9209312069303057,crime,"D=1,Y=1",23,0.12557138115232436,0.6818181818181818
15,candidate,0.9713214036329084,crime,"D=1,Y=1",23,0.12557138115232436,0.6818181818181818
15,candidate,0.9412364612306274,crime,"D=1,Y=1",23,0.12557138115232436,0.6818181818181818
15,candidate,0.9412828350323578,crime,"D=1,Y=1",23,0.12557138115232436,0.6818181818181818
15,candidate,0.9860368691118816,crime,"D=1,Y=1",23,0.12557138115232436,0.6818181818181818
15,candidate,0.9967824104610308,crime,"D=1,Y=1",23,0.12557138115232436,0.6818181818181818
15,candidate,0.9954928198771391,crime,"D=1,Y=1",23,0.12557138115232436,0.6818181818181818
15,candidate,0.9427183025285749,crime,"D=1,Y=1",23,0.12557138115232436,0.6818181818181818
15,candidate,0.9802912739622324,crime,"D=1,Y=1",23,0.12557138115232436,0.6818181818181818
15,candidate,0.9688041530700034,crime,"D=1,Y=1",23,0.12557138115232436,0.6818181818181818
15,candidate,0.9905320616984802,crime,"D=1,Y=1",23,0.12557138115232436,0.6818181818181818
15,candidate,0.9655135772897516,crime,"D=1,Y=1",23,0.12557138115232436,0.6818181818181818
15,candidate,0.9550567840513761,crime,"D=1,Y=1",23,0.12557138115232436,0.6818181818181818
16,selected,0.9882278400682935,crime,"D=1,Y=1",23,0.12557138115232436,0.7272727272727273
16,candidate,0.9442267318425666,crime,"D=1,Y=1",23,0.12557138115232436,0.7272727272727273
16,candidate,0.8983071527364452,crime,"D=1,Y=1",23,0.12557138115232436,0.7272727272727273
16,candidate,0.9639227273593313,crime,"D=1,Y=1",23,0.12557138115232436,0.7272727272727273
16,candidate,0.9934864450867894,crime,"D=1,Y=1",23,0.12557138115232436,0.7272727272727273
16,candidate,0.9963862666543035,crime,"D=1,Y=1",23,0.12557138115232436,0.7272727272727273
16,candidate,0.9440135478992119,crime,"D=1,Y=1",23,0.12557138115232436,0.7272727272727273
16,candidate,0.9581583074399379,crime,"D=1,Y=1",23,0.12557138115232436,0.7272727272727273
16,candidate,0.9502989585092606,crime,"D=1,Y=1",23,0.12557138115232436,0.7272727272727273
16,candidate,0.9267585311990214,crime,"D=1,Y=1",23,0.12557138115232436,0.7272727272727273
16,candidate,0.9019073970325271,crime,"D=1,Y=1",23,0.12557138115232436,0.7272727272727273
16,candidate,0.9015567965850316,crime,"D=1,Y=1",23,0.12557138115232436,0.7272727272727273
16,candidate,0.9190431682542795,crime,"D=1,Y=1",23,0.12557138115232436,0.7272727272727273
16,candidate,0.906488941410482,crime,"D=1,Y=1",23,0.12557138115232436,0.7272727272727273
16,candidate,0.9190165048203622,crime,"D=1,Y=1",23,0.12557138115232436,0.7272727272727273
16,candidate,0.8865545745013405,crime,"D=1,Y=1",23,0.12557138115232436,0.7272727272727273
16,candidate,0.9384292853789502,crime,"D=1,Y=1",23,0.12557138115232436,0.7272727272727273
16,candidate,0.9431799272681445,crime,"D=1,Y=1",23,0.12557138115232436,0.7272727272727273
16,candidate,0.9479480870346378,crime,"D=1,Y=1",23,0.12557138115232436,0.7272727272727273
16,candidate,0.9056612457020067,crime,"D=1,Y=1",23,0.12557138115232436,0.7272727272727273
16,candidate,0.911413203445791,crime,"D=1,Y=1",23,0.12557138115232436,0.7272727272727273
17,selected,0.9788979624759322,crime,"D=1,Y=1",23,0.12557138115232436,0.7727272727272727
17,candidate,0.9807287981385238,crime,"D=1,Y=1",23,0.12557138115232436,0.7727272727272727
17,candidate,0.9123683244132542,crime,"D=1,Y=1",23,0.12557138115232436,0.7727272727272727
17,candidate,0.9181790505088293,crime,"D=1,Y=1",23,0.12557138115232436,0.7727272727272727
17,candidate,0.9843771573116004,crime,"D=1,Y=1",23,0.12557138115232436,0.7727272727272727
17,candidate,0.8856070733594357,crime,"D=1,Y=1",23,0.12557138115232436,0.7727272727272727
17,candidate,0.9446798087930917,crime,"D=1,Y=1",23,0.12557138115232436,0.7727272727272727
17,candidate,0.9104318930456907,crime,"D=1,Y=1",23,0.12557138115232436,0.7727272727272727
17,candidate,0.9656229282497871,crime,"D=1,Y=1",23,0.12557138115232436,0.7727272727272727
17,candidate,0.9473472531323268,crime,"D=1,Y=1",23,0.12557138115232436,0.7727272727272727
17,candidate,0.9173886461106082,crime,"D=1,Y=1",23,0.12557138115232436,0.7727272727272727
17,candidate,0.9215280483407079,crime,"D=1,Y=1",23,0.12557138115232436,0.7727272727272727
17,candidate,0.9246003059361579,crime,"D=1,Y=1",23,0.12557138115232436,0.7727272727272727
17,candidate,0.9544882609760788,crime,"D=1,Y=1",23,0.12557138115232436,0.7727272727272727
17,candidate,0.8960613593260413,crime,"D=1,Y=1",23,0.12557138115232436,0.7727272727272727
17,candidate,0.9492984929476428,crime,"D=1,Y=1",23,0.12557138115232436,0.7727272727272727
17,candidate,0.9355217132542949,crime,"D=1,Y=1",23,0.12557138115232436,0.7727272727272727
17,candidate,0.9250963313660504,crime,"D=1,Y=1",23,0.12557138115232436,0.7727272727272727
17,candidate,0.9183224096333651,crime,"D=1,Y=1",23,0.12557138115232436,0.7727272727272727
17,candidate,0.942922983634239,crime,"D=1,Y=1",23,0.12557138115232436,0.7727272727272727
17,candidate,0.9505750588507517,crime,"D=1,Y=1",23,0.12557138115232436,0.7727272727272727
18,selected,0.9840414316956925,crime,"D=1,Y=1",23,0.12557138115232436,0.8181818181818182
18,candidate,0.8792060938009317,crime,"D=1,Y=1",23,0.12557138115232436,0.8181818181818182
18,candidate,0.948020230042434,crime,"D=1,Y=1",23,0.12557138115232436,0.8181818181818182
18,candidate,0.8669407064267091,crime,"D=1,Y=1",23,0.12557138115232436,0.8181818181818182
18,candidate,0.8908548539206907,crime,"D=1,Y=1",23,0.12557138115232436,0.8181818181818182
18,candidate,0.8773890568510209,crime,"D=1,Y=1",23,0.12557138115232436,0.8181818181818182
18,candidate,0.9001962707485565,crime,"D=1,Y=1",23,0.12557138115232436,0.8181818181818182
18,candidate,0.9590022441336533,crime,"D=1,Y=1",23,0.12557138115232436,0.8181818181818182
18,candidate,0.9044119455495906,crime,"D=1,Y=1",23,0.12557138115232436,0.8181818181818182
18,candidate,0.990133958546787,crime,"D=1,Y=1",23,0.12557138115232436,0.8181818181818182
18,candidate,0.9304852532374915,crime,"D=1,Y=1",23,0.12557138115232436,0.8181818181818182
18,candidate,0.899093305669416,crime,"D=1,Y=1",23,0.12557138115232436,0.8181818181818182
18,candidate,0.9228862758575801,crime,"D=1,Y=1",23,0.12557138115232436,0.8181818181818182
18,candidate,0.8912796537798737,crime,"D=1,Y=1",23,0.12557138115232436,0.8181818181818182
18,candidate,0.9389528418329413,crime,"D=1,Y=1",23,0.12557138115232436,0.8181818181818182
18,candidate,0.9083098854343816,crime,"D=1,Y=1",23,0.12557138115232436,0.8181818181818182
18,candidate,0.9135643128853138,crime,"D=1,Y=1",23,0.12557138115232436,0.8181818181818182
18,candidate,0.8953225701671588,crime,"D=1,Y=1",23,0.12557138115232436,0.8181818181818182
18,candidate,0.9005855262246433,crime,"D=1,Y=1",23,0.12557138115232436,0.8181818181818182
18,candidate,0.8951840035802048,crime,"D=1,Y=1",23,0.12557138115232436,0.8181818181818182
18,candidate,0.8728530334718694,crime,"D=1,Y=1",23,0.12557138115232436,0.8181818181818182
19,selected,0.934333967928609,crime,"D=1,Y=1",23,0.12557138115232436,0.8636363636363636
19,candidate,0.8387634298311639,crime,"D=1,Y=1",23,0.12557138115232436,0.8636363636363636
19,candidate,0.891649312153683,crime,"D=1,Y=1",23,0.12557138115232436,0.8636363636363636
19,candidate,0.8353202734953593,crime,"D=1,Y=1",23,0.12557138115232436,0.8636363636363636
19,candidate,0.885952493523874,crime,"D=1,Y=1",23,0.12557138115232436,0.8636363636363636
19,candidate,0.9278612070297902,crime,"D=1,Y=1",23,0.12557138115232436,0.8636363636363636
19,candidate,0.8656079634332831,crime,"D=1,Y=1",23,0.12557138115232436,0.8636363636363636
19,candidate,0.8643758527970102,crime,"D=1,Y=1",23,0.12557138115232436,0.8636363636363636
19,candidate,0.8596834711416884,crime,"D=1,Y=1",23,0.12557138115232436,0.8636363636363636
19,candidate,0.9750340184571611,crime,"D=1,Y=1",23,0.12557138115232436,0.8636363636363636
19,candidate,0.8891401868649247,crime,"D=1,Y=1",23,0.12557138115232436,0.8636363636363636
19,candidate,0.9725800034641042,crime,"D=1,Y=1",23,0.12557138115232436,0.8636363636363636
19,candidate,0.865997824665371,crime,"D=1,Y=1",23,0.12557138115232436,0.8636363636363636
19,candidate,0.8471380440681071,crime,"D=1,Y=1",23,0.12557138115232436,0.8636363636363636
19,candidate,0.8975374047805238,crime,"D=1,Y=1",23,0.12557138115232436,0.8636363636363636
19,candidate,0.9042915307445686,crime,"D=1,Y=1",23,0.12557138115232436,0.8636363636363636
19,candidate,0.8467673267498149,crime,"D=1,Y=1",23,0.12557138115232436,0.8636363636363636
19,candidate,0.8623033721296862,crime,"D=1,Y=1",23,0.12557138115232436,0.8636363636363636
19,candidate,0.8882752171122482,crime,"D=1,Y=1",23,0.12557138115232436,0.8636363636363636
19,candidate,0.8592386749899668,crime,"D=1,Y=1",23,0.12557138115232436,0.8636363636363636
19,candidate,0.8553403870891494,crime,"D=1,Y=1",23,0.12557138115232436,0.8636363636363636
20,selected,0.9565312847339931,crime,"D=1,Y=1",23,0.12557138115232436,0.9090909090909091
20,candidate,0.905793280713005,crime,"D=1,Y=1",23,0.12557138115232436,0.9090909090909091
20,candidate,0.8604155754712528,crime,"D=1,Y=1",23,0.12557138115232436,0.9090909090909091
20,candidate,0.8791996935678948,crime,"D=1,Y=1",23,0.12557138115232436,0.9090909090909091
20,candidate,0.8299400976108089,crime,"D=1,Y=1",23,0.12557138115232436,0.9090909090909091
20,candidate,0.9200816042519608,crime,"D=1,Y=1",23,0.12557138115232436,0.9090909090909091
20,candidate,0.8632188031817214,crime,"D=1,Y=1",23,0.12557138115232436,0.9090909090909091
20,candidate,0.9352457212289647,crime,"D=1,Y=1",23,0.12557138115232436,0.9090909090909091
20,candidate,0.8249583118409538,crime,"D=1,Y=1",23,0.12557138115232436,0.9090909090909091
20,candidate,0.8625358288888971,crime,"D=1,Y=1",23,0.12557138115232436,0.9090909090909091
20,candidate,0.8710587396429754,crime,"D=1,Y=1",23,0.12557138115232436,0.9090909090909091
20,candidate,0.9033244100277297,crime,"D=1,Y=1",23,0.12557138115232436,0.9090909090909091
20,candidate,0.8441710068397063,crime,"D=1,Y=1",23,0.12557138115232436,0.9090909090909091
20,candidate,0.8520388927980291,crime,"D=1,Y=1",23,0.12557138115232436,0.9090909090909091
20,candidate,0.8747317097333439,crime,"D=1,Y=1",23,0.12557138115232436,0.9090909090909091
20,candidate,0.9427566454886033,crime,"D=1,Y=1",23,0.12557138115232436,0.9090909090909091
20,candidate,0.8660258232879818,crime,"D=1,Y=1",23,0.12557138115232436,0.9090909090909091
20,candidate,0.8273290443344525,crime,"D=1,Y=1",23,0.12557138115232436,0.9090909090909091
20,candidate,0.8532573152922139,crime,"D=1,Y=1",23,0.12557138115232436,0.9090909090909091
20,candidate,0.8669822961640821,crime,"D=1,Y=1",23,0.12557138115232436,0.9090909090909091
20,candidate,0.853243213745841,crime,"D=1,Y=1",23,0.12557138115232436,0.9090909090909091
21,selected,0.8797299865702887,crime,"D=1,Y=1",23,0.12557138115232436,0.9545454545454546
21,candidate,0.8288814353691132,crime,"D=1,Y=1",23,0.12557138115232436,0.9545454545454546
21,candidate,0.8256554846359678,crime,"D=1,Y=1",23,0.12557138115232436,0.9545454545454546
21,candidate,0.8328820433184869,crime,"D=1,Y=1",23,0.12557138115232436,0.9545454545454546
21,candidate,0.8533834531680475,crime,"D=1,Y=1",23,0.12557138115232436,0.9545454545454546
21,candidate,0.8446157172437841,crime,"D=1,Y=1",23,0.12557138115232436,0.9545454545454546
21,candidate,0.7492091526203964,crime,"D=1,Y=1",23,0.12557138115232436,0.9545454545454546
21,candidate,0.8285025670546226,crime,"D=1,Y=1",23,0.12557138115232436,0.9545454545454546
21,candidate,0.863837882118178,crime,"D=1,Y=1",23,0.12557138115232436,0.9545454545454546
21,candidate,0.8229249231144729,crime,"D=1,Y=1",23,0.12557138115232436,0.9545454545454546
21,candidate,0.8048572203588498,crime,"D=1,Y=1",23,0.12557138115232436,0.9545454545454546
21,candidate,0.8260353008589058,crime,"D=1,Y=1",23,0.12557138115232436,0.9545454545454546
21,candidate,0.9435304930197533,crime,"D=1,Y=1",23,0.12557138115232436,0.9545454545454546
21,candidate,0.8917496323162031,crime,"D=1,Y=1",23,0.12557138115232436,0.9545454545454546
21,candidate,0.8489408296068855,crime,"D=1,Y=1",23,0.12557138115232436,0.9545454545454546
21,candidate,0.8381154090497148,crime,"D=1,Y=1",23,0.12557138115232436,0.9545454545454546
21,candidate,0.8067677506495325,crime,"D=1,Y=1",23,0.12557138115232436,0.9545454545454546
21,candidate,0.8272819197949779,crime,"D=1,Y=1",23,0.12557138115232436,0.9545454545454546
21,candidate,0.7890688534573311,crime,"D=1,Y=1",23,0.12557138115232436,0.9545454545454546
21,candidate,0.8118512298113364,crime,"D=1,Y=1",23,0.12557138115232436,0.9545454545454546
21,candidate,0.7798270941332921,crime,"D=1,Y=1",23,0.12557138115232436,0.9545454545454546
22,selected,0.812432995716568,crime,"D=1,Y=1",23,0.12557138115232436,1.0
22,candidate,0.6308895142960981,crime,"D=1,Y=1",23,0.12557138115232436,1.0
22,candidate,0.6545641276809311,crime,"D=1,Y=1",23,0.12557138115232436,1.0
22,candidate,0.572500558995234,crime,"D=1,Y=1",23,0.12557138115232436,1.0
22,candidate,0.47131350284965406,crime,"D=1,Y=1",23,0.12557138115232436,1.0
22,candidate,0.8079780812341181,crime,"D=1,Y=1",23,0.12557138115232436,1.0
22,candidate,0.7619330545097874,crime,"D=1,Y=1",23,0.12557138115232436,1.0
22,candidate,0.7580727827524706,crime,"D=1,Y=1",23,0.12557138115232436,1.0
22,candidate,0.6988859067085306,crime,"D=1,Y=1",23,0.12557138115232436,1.0
22,candidate,0.7173948759604414,crime,"D=1,Y=1",23,0.12557138115232436,1.0
22,candidate,0.697645788872988,crime,"D=1,Y=1",23,0.12557138115232436,1.0
22,candidate,0.7628305193104766,crime,"D=1,Y=1",23,0.12557138115232436,1.0
22,candidate,0.7073250080152627,crime,"D=1,Y=1",23,0.12557138115232436,1.0
22,candidate,0.651861245694818,crime,"D=1,Y=1",23,0.12557138115232436,1.0
22,candidate,0.743387582765803,crime,"D=1,Y=1",23,0.12557138115232436,1.0
22,candidate,0.6830520466695028,crime,"D=1,Y=1",23,0.12557138115232436,1.0
22,candidate,0.6972263739888842,crime,"D=1,Y=1",23,0.12557138115232436,1.0
22,candidate,0.6413843141551947,crime,"D=1,Y=1",23,0.12557138115232436,1.0
22,candidate,0.6510479781619966,crime,"D=1,Y=1",23,0.12557138115232436,1.0
22,candidate,0.7611927380487782,crime,"D=1,Y=1",23,0.12557138115232436,1.0
22,candidate,0.7110022581244371,crime,"D=1,Y=1",23,0.12557138115232436,1.0
0,selected,1.0,crime,"D=1,Y=0",43,0.04416712503244857,0.0
0,candidate,1.0000000000000002,crime,"D=1,Y=0",43,0.04416712503244857,0.0
0,candidate,1.0000000000000002,crime,"D=1,Y=0",43,0.04416712503244857,0.0
0,candidate,1.0000000000000002,crime,"D=1,Y=0",43,0.04416712503244857,0.0
0,candidate,1.0,crime,"D=1,Y=0",43,0.04416712503244857,0.0
0,candidate,1.0,crime,"D=1,Y=0",43,0.04416712503244857,0.0
0,candidate,1.0000000000000002,crime,"D=1,Y=0",43,0.04416712503244857,0.0
0,candidate,1.0000000000000002,crime,"D=1,Y=0",43,0.04416712503244857,0.0
0,candidate,1.0000000000000002,crime,"D=1,Y=0",43,0.04416712503244857,0.0
0,candidate,0.9999999999999998,crime,"D=1,Y=0",43,0.04416712503244857,0.0
0,candidate,1.0,crime,"D=1,Y=0",43,0.04416712503244857,0.0
0,candidate,1.0000000000000002,crime,"D=1,Y=0",43,0.04416712503244857,0.0
0,candidate,1.0000000000000002,crime,"D=1,Y=0",43,0.04416712503244857,0.0
0,candidate,1.0000000000000002,crime,"D=1,Y=0",43,0.04416712503244857,0.0
0,candidate,1.0000000000000002,crime,"D=1,Y=0",43,0.04416712503244857,0.0
0,candidate,1.0,crime,"D=1,Y=0",43,0.04416712503244857,0.0
0,candidate,1.0,crime,"D=1,Y=0",43,0.04416712503244857,0.0
0,candidate,1.0,crime,"D=1,Y=0",43,0.04416712503244857,0.0
0,candidate,1.0000000000000002,crime,"D=1,Y=0",43,0.04416712503244857,0.0
0,candidate,1.0,crime,"D=1,Y=0",43,0.04416712503244857,0.0
0,candidate,1.0,crime,"D=1,Y=0",43,0.04416712503244857,0.0
1,selected,1.0,crime,"D=1,Y=0",43,0.04416712503244857,0.023809523809523808
1,candidate,1.0000000000000004,crime,"D=1,Y=0",43,0.04416712503244857,0.023809523809523808
1,candidate,0.9999999999999998,crime,"D=1,Y=0",43,0.04416712503244857,0.023809523809523808
1,candidate,1.0,crime,"D=1,Y=0",43,0.04416712503244857,0.023809523809523808
1,candidate,1.0000000000000002,crime,"D=1,Y=0",43,0.04416712503244857,0.023809523809523808
1,candidate,1.0,crime,"D=1,Y=0",43,0.04416712503244857,0.023809523809523808
1,candidate,1.0000000000000002,crime,"D=1,Y=0",43,0.04416712503244857,0.023809523809523808
1,candidate,1.0000000000000002,crime,"D=1,Y=0",43,0.04416712503244857,0.023809523809523808
1,candidate,1.0,crime,"D=1,Y=0",43,0.04416712503244857,0.023809523809523808
1,candidate,1.0000000000000002,crime,"D=1,Y=0",43,0.04416712503244857,0.023809523809523808
1,candidate,0.9984142476915068,crime,"D=1,Y=0",43,0.04416712503244857,0.023809523809523808
1,candidate,1.0000000000000002,crime,"D=1,Y=0",43,0.04416712503244857,0.023809523809523808
1,candidate,1.0,crime,"D=1,Y=0",43,0.04416712503244857,0.023809523809523808
1,candidate,1.0000000000000002,crime,"D=1,Y=0",43,0.04416712503244857,0.023809523809523808
1,candidate,1.0,crime,"D=1,Y=0",43,0.04416712503244857,0.023809523809523808
1,candidate,1.0,crime,"D=1,Y=0",43,0.04416712503244857,0.023809523809523808
1,candidate,1.0000000000000004,crime,"D=1,Y=0",43,0.04416712503244857,0.023809523809523808
1,candidate,1.0000000000000002,crime,"D=1,Y=0",43,0.04416712503244857,0.023809523809523808
1,candidate,1.0000000000000004,crime,"D=1,Y=0",43,0.04416712503244857,0.023809523809523808
1,candidate,1.0,crime,"D=1,Y=0",43,0.04416712503244857,0.023809523809523808
1,candidate,1.0,crime,"D=1,Y=0",43,0.04416712503244857,0.023809523809523808
2,selected,1.0000000000000004,crime,"D=1,Y=0",43,0.04416712503244857,0.047619047619047616
2,candidate,0.9999999999999958,crime,"D=1,Y=0",43,0.04416712503244857,0.047619047619047616
2,candidate,1.0000000000000004,crime,"D=1,Y=0",43,0.04416712503244857,0.047619047619047616
2,candidate,1.0,crime,"D=1,Y=0",43,0.04416712503244857,0.047619047619047616
2,candidate,1.0000000000000004,crime,"D=1,Y=0",43,0.04416712503244857,0.047619047619047616
2,candidate,1.0000000000000004,crime,"D=1,Y=0",43,0.04416712503244857,0.047619047619047616
2,candidate,1.0000000000000004,crime,"D=1,Y=0",43,0.04416712503244857,0.047619047619047616
2,candidate,1.0000000000000007,crime,"D=1,Y=0",43,0.04416712503244857,0.047619047619047616
2,candidate,0.9620554859106656,crime,"D=1,Y=0",43,0.04416712503244857,0.047619047619047616
2,candidate,0.9515961090772592,crime,"D=1,Y=0",43,0.04416712503244857,0.047619047619047616
2,candidate,0.9996928491942673,crime,"D=1,Y=0",43,0.04416712503244857,0.047619047619047616
2,candidate,1.0000000000000004,crime,"D=1,Y=0",43,0.04416712503244857,0.047619047619047616
2,candidate,0.9999585308038916,crime,"D=1,Y=0",43,0.04416712503244857,0.047619047619047616
2,candidate,1.0000000000000004,crime,"D=1,Y=0",43,0.04416712503244857,0.047619047619047616
2,candidate,0.9998308996788206,crime,"D=1,Y=0",43,0.04416712503244857,0.047619047619047616
2,candidate,0.9999999999999925,crime,"D=1,Y=0",43,0.04416712503244857,0.047619047619047616
2,candidate,1.0000000000000004,crime,"D=1,Y=0",43,0.04416712503244857,0.047619047619047616
2,candidate,1.0000000000000002,crime,"D=1,Y=0",43,0.04416712503244857,0.047619047619047616
2,candidate,1.0000000000000004,crime,"D=1,Y=0",43,0.04416712503244857,0.047619047619047616
2,candidate,1.0000000000000002,crime,"D=1,Y=0",43,0.04416712503244857,0.047619047619047616
2,candidate,1.0000000000000004,crime,"D=1,Y=0",43,0.04416712503244857,0.047619047619047616
3,selected,0.9999999999999998,crime,"D=1,Y=0",43,0.04416712503244857,0.07142857142857142
3,candidate,0.9996377875305035,crime,"D=1,Y=0",43,0.04416712503244857,0.07142857142857142
3,candidate,0.9999999999999998,crime,"D=1,Y=0",43,0.04416712503244857,0.07142857142857142
3,candidate,0.9999999999999997,crime,"D=1,Y=0",43,0.04416712503244857,0.07142857142857142
3,candidate,0.9999999999999992,crime,"D=1,Y=0",43,0.04416712503244857,0.07142857142857142
3,candidate,1.0,crime,"D=1,Y=0",43,0.04416712503244857,0.07142857142857142
3,candidate,1.0000000000000002,crime,"D=1,Y=0",43,0.04416712503244857,0.07142857142857142
3,candidate,0.9999999999999997,crime,"D=1,Y=0",43,0.04416712503244857,0.07142857142857142
3,candidate,0.9999999999999992,crime,"D=1,Y=0",43,0.04416712503244857,0.07142857142857142
3,candidate,0.9999976034027019,crime,"D=1,Y=0",43,0.04416712503244857,0.07142857142857142
3,candidate,0.9999999999999998,crime,"D=1,Y=0",43,0.04416712503244857,0.07142857142857142
3,candidate,0.9999999999999992,crime,"D=1,Y=0",43,0.04416712503244857,0.07142857142857142
3,candidate,0.961615467417676,crime,"D=1,Y=0",43,0.04416712503244857,0.07142857142857142
3,candidate,0.9999999999999997,crime,"D=1,Y=0",43,0.04416712503244857,0.07142857142857142
3,candidate,1.0,crime,"D=1,Y=0",43,0.04416712503244857,0.07142857142857142
3,candidate,0.9999999999999996,crime,"D=1,Y=0",43,0.04416712503244857,0.07142857142857142
3,candidate,1.0000000000000002,crime,"D=1,Y=0",43,0.04416712503244857,0.07142857142857142
3,candidate,1.0,crime,"D=1,Y=0",43,0.04416712503244857,0.07142857142857142
3,candidate,0.9999999999999989,crime,"D=1,Y=0",43,0.04416712503244857,0.07142857142857142
3,candidate,0.9999999999999998,crime,"D=1,Y=0",43,0.04416712503244857,0.07142857142857142
3,candidate,0.9940391758810643,crime,"D=1,Y=0",43,0.04416712503244857,0.07142857142857142
4,selected,0.9999999999999998,crime,"D=1,Y=0",43,0.04416712503244857,0.09523809523809523
4,candidate,1.0,crime,"D=1,Y=0",43,0.04416712503244857,0.09523809523809523
4,candidate,0.9939706226451404,crime,"D=1,Y=0",43,0.04416712503244857,0.09523809523809523
4,candidate,1.0,crime,"D=1,Y=0",43,0.04416712503244857,0.09523809523809523
4,candidate,0.9954149739594025,crime,"D=1,Y=0",43,0.04416712503244857,0.09523809523809523
4,candidate,1.0000000000000004,crime,"D=1,Y=0",43,0.04416712503244857,0.09523809523809523
4,candidate,0.9480143725718277,crime,"D=1,Y=0",43,0.04416712503244857,0.09523809523809523
4,candidate,1.0,crime,"D=1,Y=0",43,0.04416712503244857,0.09523809523809523
4,candidate,1.0,crime,"D=1,Y=0",43,0.04416712503244857,0.09523809523809523
4,candidate,1.0000000000000007,crime,"D=1,Y=0",43,0.04416712503244857,0.09523809523809523
4,candidate,0.9715109526828167,crime,"D=1,Y=0",43,0.04416712503244857,0.09523809523809523
4,candidate,1.0000000000000007,crime,"D=1,Y=0",43,0.04416712503244857,0.09523809523809523
4,candidate,0.99741162610354,crime,"D=1,Y=0",43,0.04416712503244857,0.09523809523809523
4,candidate,1.0000000000000004,crime,"D=1,Y=0",43,0.04416712503244857,0.09523809523809523
4,candidate,1.0,crime,"D=1,Y=0",43,0.04416712503244857,0.09523809523809523
4,candidate,1.0000000000000007,crime,"D=1,Y=0",43,0.04416712503244857,0.09523809523809523
4,candidate,1.0000000000000004,crime,"D=1,Y=0",43,0.04416712503244857,0.09523809523809523
4,candidate,1.0000000000000002,crime,"D=1,Y=0",43,0.04416712503244857,0.09523809523809523
4,candidate,0.9922241421274198,crime,"D=1,Y=0",43,0.04416712503244857,0.09523809523809523
4,candidate,0.9999999999999998,crime,"D=1,Y=0",43,0.04416712503244857,0.09523809523809523
4,candidate,1.0000000000000002,crime,"D=1,Y=0",43,0.04416712503244857,0.09523809523809523
5,selected,1.0000000000000007,crime,"D=1,Y=0",43,0.04416712503244857,0.11904761904761904
5,candidate,0.9715109526828167,crime,"D=1,Y=0",43,0.04416712503244857,0.11904761904761904
5,candidate,0.9935548253641111,crime,"D=1,Y=0",43,0.04416712503244857,0.11904761904761904
5,candidate,0.9967537109305784,crime,"D=1,Y=0",43,0.04416712503244857,0.11904761904761904
5,candidate,0.9999999999999998,crime,"D=1,Y=0",43,0.04416712503244857,0.11904761904761904
5,candidate,1.0000000000000007,crime,"D=1,Y=0",43,0.04416712503244857,0.11904761904761904
5,candidate,1.0,crime,"D=1,Y=0",43,0.04416712503244857,0.11904761904761904
5,candidate,0.9673867938300662,crime,"D=1,Y=0",43,0.04416712503244857,0.11904761904761904
5,candidate,0.9893299679077282,crime,"D=1,Y=0",43,0.04416712503244857,0.11904761904761904
5,candidate,0.9986868925157629,crime,"D=1,Y=0",43,0.04416712503244857,0.11904761904761904
5,candidate,0.9909067414645747,crime,"D=1,Y=0",43,0.04416712503244857,0.11904761904761904
5,candidate,0.9562436023445439,crime,"D=1,Y=0",43,0.04416712503244857,0.11904761904761904
5,candidate,1.0000000000000007,crime,"D=1,Y=0",43,0.04416712503244857,0.11904761904761904
5,candidate,1.0,crime,"D=1,Y=0",43,0.04416712503244857,0.11904761904761904
5,candidate,1.0000000000000004,crime,"D=1,Y=0",43,0.04416712503244857,0.11904761904761904
5,candidate,1.0000000000000007,crime,"D=1,Y=0",43,0.04416712503244857,0.11904761904761904
5,candidate,0.9657711966429228,crime,"D=1,Y=0",43,0.04416712503244857,0.11904761904761904
5,candidate,0.9998084548122538,crime,"D=1,Y=0",43,0.04416712503244857,0.11904761904761904
5,candidate,1.0000000000000007,crime,"D=1,Y=0",43,0.04416712503244857,0.11904761904761904
5,candidate,0.9954596242137056,crime,"D=1,Y=0",43,0.04416712503244857,0.11904761904761904
5,candidate,0.99388600270844,crime,"D=1,Y=0",43,0.04416712503244857,0.11904761904761904
6,selected,0.9960668833788735,crime,"D=1,Y=0",43,0.04416712503244857,0.14285714285714285
6,candidate,0.9934979747127207,crime,"D=1,Y=0",43,0.04416712503244857,0.14285714285714285
6,candidate,0.9970324538583323,crime,"D=1,Y=0",43,0.04416712503244857,0.14285714285714285
6,candidate,0.9948520372883983,crime,"D=1,Y=0",43,0.04416712503244857,0.14285714285714285
6,candidate,0.9999999999999992,crime,"D=1,Y=0",43,0.04416712503244857,0.14285714285714285
6,candidate,0.9999999999999997,crime,"D=1,Y=0",43,0.04416712503244857,0.14285714285714285
6,candidate,0.9968652979777529,crime,"D=1,Y=0",43,0.04416712503244857,0.14285714285714285
6,candidate,0.9999999999999993,crime,"D=1,Y=0",43,0.04416712503244857,0.14285714285714285
6,candidate,0.9949006526774131,crime,"D=1,Y=0",43,0.04416712503244857,0.14285714285714285
6,candidate,0.9999999999999992,crime,"D=1,Y=0",43,0.04416712503244857,0.14285714285714285
6,candidate,0.9954596242137048,crime,"D=1,Y=0",43,0.04416712503244857,0.14285714285714285
6,candidate,0.9999999999999983,crime,"D=1,Y=0",43,0.04416712503244857,0.14285714285714285
6,candidate,0.9999999999999982,crime,"D=1,Y=0",43,0.04416712503244857,0.14285714285714285
6,candidate,0.9603818635265581,crime,"D=1,Y=0",43,0.04416712503244857,0.14285714285714285
6,candidate,0.9999999999999989,crime,"D=1,Y=0",43,0.04416712503244857,0.14285714285714285
6,candidate,0.9985407838746972,crime,"D=1,Y=0",43,0.04416712503244857,0.14285714285714285
6,candidate,0.9999999999999989,crime,"D=1,Y=0",43,0.04416712503244857,0.14285714285714285
6,candidate,0.9999999999999996,crime,"D=1,Y=0",43,0.04416712503244857,0.14285714285714285
6,candidate,0.9657711966429213,crime,"D=1,Y=0",43,0.04416712503244857,0.14285714285714285
6,candidate,0.9995151316872554,crime,"D=1,Y=0",43,0.04416712503244857,0.14285714285714285
6,candidate,0.999999999999999,crime,"D=1,Y=0",43,0.04416712503244857,0.14285714285714285
7,selected,0.9999999999999997,crime,"D=1,Y=0",43,0.04416712503244857,0.16666666666666666
7,candidate,0.9999976034027034,crime,"D=1,Y=0",43,0.04416712503244857,0.16666666666666666
7,candidate,0.9596774225520895,crime,"D=1,Y=0",43,0.04416712503244857,0.16666666666666666
7,candidate,0.9970422891260009,crime,"D=1,Y=0",43,0.04416712503244857,0.16666666666666666
7,candidate,0.9972542215996368,crime,"D=1,Y=0",43,0.04416712503244857,0.16666666666666666
7,candidate,0.9914876227704326,crime,"D=1,Y=0",43,0.04416712503244857,0.16666666666666666
7,candidate,0.9655063705811145,crime,"D=1,Y=0",43,0.04416712503244857,0.16666666666666666
7,candidate,0.9986794406830494,crime,"D=1,Y=0",43,0.04416712503244857,0.16666666666666666
7,candidate,1.0000000000000004,crime,"D=1,Y=0",43,0.04416712503244857,0.16666666666666666
7,candidate,0.9467685144355251,crime,"D=1,Y=0",43,0.04416712503244857,0.16666666666666666
7,candidate,1.0,crime,"D=1,Y=0",43,0.04416712503244857,0.16666666666666666
7,candidate,1.0000000000000007,crime,"D=1,Y=0",43,0.04416712503244857,0.16666666666666666
7,candidate,1.0000000000000007,crime,"D=1,Y=0",43,0.04416712503244857,0.16666666666666666
7,candidate,1.0000000000000009,crime,"D=1,Y=0",43,0.04416712503244857,0.16666666666666666
7,candidate,1.0000000000000007,crime,"D=1,Y=0",43,0.04416712503244857,0.16666666666666666
7,candidate,1.000000000000001,crime,"D=1,Y=0",43,0.04416712503244857,0.16666666666666666
7,candidate,0.997986018924752,crime,"D=1,Y=0",43,0.04416712503244857,0.16666666666666666
7,candidate,1.0000000000000004,crime,"D=1,Y=0",43,0.04416712503244857,0.16666666666666666
7,candidate,0.9724021223531283,crime,"D=1,Y=0",43,0.04416712503244857,0.16666666666666666
7,candidate,1.0000000000000009,crime,"D=1,Y=0",43,0.04416712503244857,0.16666666666666666
7,candidate,0.9955159876517243,crime,"D=1,Y=0",43,0.04416712503244857,0.16666666666666666
8,selected,1.0000000000000024,crime,"D=1,Y=0",43,0.04416712503244857,0.19047619047619047
8,candidate,0.9573134229211364,crime,"D=1,Y=0",43,0.04416712503244857,0.19047619047619047
8,candidate,1.000000000000002,crime,"D=1,Y=0",43,0.04416712503244857,0.19047619047619047
8,candidate,1.0000000000000007,crime,"D=1,Y=0",43,0.04416712503244857,0.19047619047619047
8,candidate,0.9724021223531283,crime,"D=1,Y=0",43,0.04416712503244857,0.19047619047619047
8,candidate,0.9599053389706045,crime,"D=1,Y=0",43,0.04416712503244857,0.19047619047619047
8,candidate,1.0000000000000007,crime,"D=1,Y=0",43,0.04416712503244857,0.19047619047619047
8,candidate,1.000000000000001,crime,"D=1,Y=0",43,0.04416712503244857,0.19047619047619047
8,candidate,0.9576746343467705,crime,"D=1,Y=0",43,0.04416712503244857,0.19047619047619047
8,candidate,1.0000000000000018,crime,"D=1,Y=0",43,0.04416712503244857,0.19047619047619047
8,candidate,1.0000000000000016,crime,"D=1,Y=0",43,0.04416712503244857,0.19047619047619047
8,candidate,0.9988099570735802,crime,"D=1,Y=0",43,0.04416712503244857,0.19047619047619047
8,candidate,0.9944611243697226,crime,"D=1,Y=0",43,0.04416712503244857,0.19047619047619047
8,candidate,0.929725583626846,crime,"D=1,Y=0",43,0.04416712503244857,0.19047619047619047
8,candidate,0.9986794406830508,crime,"D=1,Y=0",43,0.04416712503244857,0.19047619047619047
8,candidate,1.0000000000000009,crime,"D=1,Y=0",43,0.04416712503244857,0.19047619047619047
8,candidate,1.0000000000000022,crime,"D=1,Y=0",43,0.04416712503244857,0.19047619047619047
8,candidate,1.000000000000002,crime,"D=1,Y=0",43,0.04416712503244857,0.19047619047619047
8,candidate,1.0000000000000024,crime,"D=1,Y=0",43,0.04416712503244857,0.19047619047619047
8,candidate,1.000000000000002,crime,"D=1,Y=0",43,0.04416712503244857,0.19047619047619047
8,candidate,0.991656785640911,crime,"D=1,Y=0",43,0.04416712503244857,0.19047619047619047
9,selected,0.998526732844327,crime,"D=1,Y=0",43,0.04416712503244857,0.21428571428571427
9,candidate,0.9999999999999989,crime,"D=1,Y=0",43,0.04416712503244857,0.21428571428571427
9,candidate,0.9999999999999974,crime,"D=1,Y=0",43,0.04416712503244857,0.21428571428571427
9,candidate,0.9938671816084188,crime,"D=1,Y=0",43,0.04416712503244857,0.21428571428571427
9,candidate,0.9999999999999988,crime,"D=1,Y=0",43,0.04416712503244857,0.21428571428571427
9,candidate,0.999999999999999,crime,"D=1,Y=0",43,0.04416712503244857,0.21428571428571427
9,candidate,0.9999999999999981,crime,"D=1,Y=0",43,0.04416712503244857,0.21428571428571427
9,candidate,0.9887233313153895,crime,"D=1,Y=0",43,0.04416712503244857,0.21428571428571427
9,candidate,0.999999999999998,crime,"D=1,Y=0",43,0.04416712503244857,0.21428571428571427
9,candidate,0.9999999999999984,crime,"D=1,Y=0",43,0.04416712503244857,0.21428571428571427
9,candidate,0.9452761175598692,crime,"D=1,Y=0",43,0.04416712503244857,0.21428571428571427
9,candidate,0.9899844360298256,crime,"D=1,Y=0",43,0.04416712503244857,0.21428571428571427
9,candidate,0.9999999999999984,crime,"D=1,Y=0",43,0.04416712503244857,0.21428571428571427
9,candidate,0.993611102727529,crime,"D=1,Y=0",43,0.04416712503244857,0.21428571428571427
9,candidate,0.9630675673322578,crime,"D=1,Y=0",43,0.04416712503244857,0.21428571428571427
9,candidate,0.9935993102173202,crime,"D=1,Y=0",43,0.04416712503244857,0.21428571428571427
9,candidate,0.9999999999999984,crime,"D=1,Y=0",43,0.04416712503244857,0.21428571428571427
9,candidate,0.9999999999999992,crime,"D=1,Y=0",43,0.04416712503244857,0.21428571428571427
9,candidate,0.9961684034161115,crime,"D=1,Y=0",43,0.04416712503244857,0.21428571428571427
9,candidate,0.9999999999999989,crime,"D=1,Y=0",43,0.04416712503244857,0.21428571428571427
9,candidate,0.9985407838746965,crime,"D=1,Y=0",43,0.04416712503244857,0.21428571428571427
10,selected,1.0000000000000004,crime,"D=1,Y=0",43,0.04416712503244857,0.23809523809523808
10,candidate,0.9796878509012406,crime,"D=1,Y=0",43,0.04416712503244857,0.23809523809523808
10,candidate,0.9625304982685444,crime,"D=1,Y=0",43,0.04416712503244857,0.23809523809523808
10,candidate,0.9348200426453934,crime,"D=1,Y=0",43,0.04416712503244857,0.23809523809523808
10,candidate,0.9991165101703726,crime,"D=1,Y=0",43,0.04416712503244857,0.23809523809523808
10,candidate,0.9947420862467818,crime,"D=1,Y=0",43,0.04416712503244857,0.23809523809523808
10,candidate,0.959905338970603,crime,"D=1,Y=0",43,0.04416712503244857,0.23809523809523808
10,candidate,1.0000000000000004,crime,"D=1,Y=0",43,0.04416712503244857,0.23809523809523808
10,candidate,0.9825016420839988,crime,"D=1,Y=0",43,0.04416712503244857,0.23809523809523808
10,candidate,1.0000000000000004,crime,"D=1,Y=0",43,0.04416712503244857,0.23809523809523808
10,candidate,1.000000000000001,crime,"D=1,Y=0",43,0.04416712503244857,0.23809523809523808
10,candidate,0.9885115293064348,crime,"D=1,Y=0",43,0.04416712503244857,0.23809523809523808
10,candidate,0.9998366589240079,crime,"D=1,Y=0",43,0.04416712503244857,0.23809523809523808
10,candidate,1.0000000000000007,crime,"D=1,Y=0",43,0.04416712503244857,0.23809523809523808
10,candidate,0.9988224205232183,crime,"D=1,Y=0",43,0.04416712503244857,0.23809523809523808
10,candidate,1.0,crime,"D=1,Y=0",43,0.04416712503244857,0.23809523809523808
10,candidate,0.9400535652746618,crime,"D=1,Y=0",43,0.04416712503244857,0.23809523809523808
10,candidate,0.990601780294388,crime,"D=1,Y=0",43,0.04416712503244857,0.23809523809523808
10,candidate,1.000000000000001,crime,"D=1,Y=0",43,0.04416712503244857,0.23809523809523808
10,candidate,0.9968153485413577,crime,"D=1,Y=0",43,0.04416712503244857,0.23809523809523808
10,candidate,0.9885839648174372,crime,"D=1,Y=0",43,0.04416712503244857,0.23809523809523808
11,selected,0.9936111027275318,crime,"D=1,Y=0",43,0.04416712503244857,0.2619047619047619
11,candidate,0.9627662109258468,crime,"D=1,Y=0",43,0.04416712503244857,0.2619047619047619
11,candidate,0.9953738379903622,crime,"D=1,Y=0",43,0.04416712503244857,0.2619047619047619
11,candidate,0.9956275685385662,crime,"D=1,Y=0",43,0.04416712503244857,0.2619047619047619
11,candidate,0.9334733758711328,crime,"D=1,Y=0",43,0.04416712503244857,0.2619047619047619
11,candidate,1.0000000000000009,crime,"D=1,Y=0",43,0.04416712503244857,0.2619047619047619
11,candidate,0.9973449824432049,crime,"D=1,Y=0",43,0.04416712503244857,0.2619047619047619
11,candidate,0.9974020725963489,crime,"D=1,Y=0",43,0.04416712503244857,0.2619047619047619
11,candidate,0.948496304332147,crime,"D=1,Y=0",43,0.04416712503244857,0.2619047619047619
11,candidate,0.9870915126293754,crime,"D=1,Y=0",43,0.04416712503244857,0.2619047619047619
11,candidate,1.000000000000001,crime,"D=1,Y=0",43,0.04416712503244857,0.2619047619047619
11,candidate,0.9999419130739474,crime,"D=1,Y=0",43,0.04416712503244857,0.2619047619047619
11,candidate,0.9906794490300986,crime,"D=1,Y=0",43,0.04416712503244857,0.2619047619047619
11,candidate,0.999637787530505,crime,"D=1,Y=0",43,0.04416712503244857,0.2619047619047619
11,candidate,1.0000000000000004,crime,"D=1,Y=0",43,0.04416712503244857,0.2619047619047619
11,candidate,0.9970422891259993,crime,"D=1,Y=0",43,0.04416712503244857,0.2619047619047619
11,candidate,1.0000000000000013,crime,"D=1,Y=0",43,0.04416712503244857,0.2619047619047619
11,candidate,0.9724021223531283,crime,"D=1,Y=0",43,0.04416712503244857,0.2619047619047619
11,candidate,1.0000000000000007,crime,"D=1,Y=0",43,0.04416712503244857,0.2619047619047619
11,candidate,1.0000000000000004,crime,"D=1,Y=0",43,0.04416712503244857,0.2619047619047619
11,candidate,0.9866132245525037,crime,"D=1,Y=0",43,0.04416712503244857,0.2619047619047619
12,selected,1.0,crime,"D=1,Y=0",43,0.04416712503244857,0.2857142857142857
12,candidate,0.930954999105929,crime,"D=1,Y=0",43,0.04416712503244857,0.2857142857142857
12,candidate,0.9998612866408849,crime,"D=1,Y=0",43,0.04416712503244857,0.2857142857142857
12,candidate,0.9941247548583038,crime,"D=1,Y=0",43,0.04416712503244857,0.2857142857142857
12,candidate,0.9803882524488405,crime,"D=1,Y=0",43,0.04416712503244857,0.2857142857142857
12,candidate,0.9522550978785842,crime,"D=1,Y=0",43,0.04416712503244857,0.2857142857142857
12,candidate,0.998671261584755,crime,"D=1,Y=0",43,0.04416712503244857,0.2857142857142857
12,candidate,0.9755023717358683,crime,"D=1,Y=0",43,0.04416712503244857,0.2857142857142857
12,candidate,0.9999999999999989,crime,"D=1,Y=0",43,0.04416712503244857,0.2857142857142857
12,candidate,0.9400535652746604,crime,"D=1,Y=0",43,0.04416712503244857,0.2857142857142857
12,candidate,0.9927245402272167,crime,"D=1,Y=0",43,0.04416712503244857,0.2857142857142857
12,candidate,0.9996066754965659,crime,"D=1,Y=0",43,0.04416712503244857,0.2857142857142857
12,candidate,0.9956275685385662,crime,"D=1,Y=0",43,0.04416712503244857,0.2857142857142857
12,candidate,0.9994581459548,crime,"D=1,Y=0",43,0.04416712503244857,0.2857142857142857
12,candidate,0.9281778911112952,crime,"D=1,Y=0",43,0.04416712503244857,0.2857142857142857
12,candidate,0.9489316492138469,crime,"D=1,Y=0",43,0.04416712503244857,0.2857142857142857
12,candidate,0.999702457842601,crime,"D=1,Y=0",43,0.04416712503244857,0.2857142857142857
12,candidate,0.9489882423838197,crime,"D=1,Y=0",43,0.04416712503244857,0.2857142857142857
12,candidate,0.9999999999999989,crime,"D=1,Y=0",43,0.04416712503244857,0.2857142857142857
12,candidate,0.9805665470141381,crime,"D=1,Y=0",43,0.04416712503244857,0.2857142857142857
12,candidate,0.9991979900872124,crime,"D=1,Y=0",43,0.04416712503244857,0.2857142857142857
13,selected,0.999734529608852,crime,"D=1,Y=0",43,0.04416712503244857,0.30952380952380953
13,candidate,1.0000000000000004,crime,"D=1,Y=0",43,0.04416712503244857,0.30952380952380953
13,candidate,0.9991165101703726,crime,"D=1,Y=0",43,0.04416712503244857,0.30952380952380953
13,candidate,0.9999999999999991,crime,"D=1,Y=0",43,0.04416712503244857,0.30952380952380953
13,candidate,0.9562427903247065,crime,"D=1,Y=0",43,0.04416712503244857,0.30952380952380953
13,candidate,1.0000000000000004,crime,"D=1,Y=0",43,0.04416712503244857,0.30952380952380953
13,candidate,0.9969655717082092,crime,"D=1,Y=0",43,0.04416712503244857,0.30952380952380953
13,candidate,0.9927245402272149,crime,"D=1,Y=0",43,0.04416712503244857,0.30952380952380953
13,candidate,0.9956005936252514,crime,"D=1,Y=0",43,0.04416712503244857,0.30952380952380953
13,candidate,1.0000000000000004,crime,"D=1,Y=0",43,0.04416712503244857,0.30952380952380953
13,candidate,0.9545251379734345,crime,"D=1,Y=0",43,0.04416712503244857,0.30952380952380953
13,candidate,0.9996066754965659,crime,"D=1,Y=0",43,0.04416712503244857,0.30952380952380953
13,candidate,0.9610707273712902,crime,"D=1,Y=0",43,0.04416712503244857,0.30952380952380953
13,candidate,0.9999999999999989,crime,"D=1,Y=0",43,0.04416712503244857,0.30952380952380953
13,candidate,0.9999999999999981,crime,"D=1,Y=0",43,0.04416712503244857,0.30952380952380953
13,candidate,0.9635295679480143,crime,"D=1,Y=0",43,0.04416712503244857,0.30952380952380953
13,candidate,0.9940604684038367,crime,"D=1,Y=0",43,0.04416712503244857,0.30952380952380953
13,candidate,1.0000000000000002,crime,"D=1,Y=0",43,0.04416712503244857,0.30952380952380953
13,candidate,1.0000000000000007,crime,"D=1,Y=0",43,0.04416712503244857,0.30952380952380953
13,candidate,0.9455356083533903,crime,"D=1,Y=0",43,0.04416712503244857,0.30952380952380953
13,candidate,0.9825016420839988,crime,"D=1,Y=0",43,0.04416712503244857,0.30952380952380953
14,selected,0.9965440227843231,crime,"D=1,Y=0",43,0.04416712503244857,0.3333333333333333
14,candidate,0.9540052117194171,crime,"D=1,Y=0",43,0.04416712503244857,0.3333333333333333
14,candidate,0.9902448011813463,crime,"D=1,Y=0",43,0.04416712503244857,0.3333333333333333
14,candidate,0.9927369696691514,crime,"D=1,Y=0",43,0.04416712503244857,0.3333333333333333
14,candidate,0.9884876819061338,crime,"D=1,Y=0",43,0.04416712503244857,0.3333333333333333
14,candidate,0.9522550978785842,crime,"D=1,Y=0",43,0.04416712503244857,0.3333333333333333
14,candidate,0.9579026727197582,crime,"D=1,Y=0",43,0.04416712503244857,0.3333333333333333
14,candidate,0.9999999999999992,crime,"D=1,Y=0",43,0.04416712503244857,0.3333333333333333
14,candidate,0.9398400495262035,crime,"D=1,Y=0",43,0.04416712503244857,0.3333333333333333
14,candidate,0.9999415069504096,crime,"D=1,Y=0",43,0.04416712503244857,0.3333333333333333
14,candidate,0.9803882524488405,crime,"D=1,Y=0",43,0.04416712503244857,0.3333333333333333
14,candidate,0.9956318738312419,crime,"D=1,Y=0",43,0.04416712503244857,0.3333333333333333
14,candidate,0.9950659849532896,crime,"D=1,Y=0",43,0.04416712503244857,0.3333333333333333
14,candidate,0.9991979900872093,crime,"D=1,Y=0",43,0.04416712503244857,0.3333333333333333
14,candidate,0.9970978511229743,crime,"D=1,Y=0",43,0.04416712503244857,0.3333333333333333
14,candidate,0.9953210283988402,crime,"D=1,Y=0",43,0.04416712503244857,0.3333333333333333
14,candidate,0.9866132245525022,crime,"D=1,Y=0",43,0.04416712503244857,0.3333333333333333
14,candidate,0.9597042768924787,crime,"D=1,Y=0",43,0.04416712503244857,0.3333333333333333
14,candidate,0.9386835060968584,crime,"D=1,Y=0",43,0.04416712503244857,0.3333333333333333
14,candidate,0.9393944314791771,crime,"D=1,Y=0",43,0.04416712503244857,0.3333333333333333
14,candidate,0.9999999999999996,crime,"D=1,Y=0",43,0.04416712503244857,0.3333333333333333
15,selected,0.9936816124738456,crime,"D=1,Y=0",43,0.04416712503244857,0.35714285714285715
15,candidate,1.0000000000000007,crime,"D=1,Y=0",43,0.04416712503244857,0.35714285714285715
15,candidate,1.0000000000000027,crime,"D=1,Y=0",43,0.04416712503244857,0.35714285714285715
15,candidate,0.9998795068623583,crime,"D=1,Y=0",43,0.04416712503244857,0.35714285714285715
15,candidate,0.9444778478694296,crime,"D=1,Y=0",43,0.04416712503244857,0.35714285714285715
15,candidate,0.9948397003497985,crime,"D=1,Y=0",43,0.04416712503244857,0.35714285714285715
15,candidate,1.0000000000000004,crime,"D=1,Y=0",43,0.04416712503244857,0.35714285714285715
15,candidate,0.9528352394858343,crime,"D=1,Y=0",43,0.04416712503244857,0.35714285714285715
15,candidate,0.945798010610396,crime,"D=1,Y=0",43,0.04416712503244857,0.35714285714285715
15,candidate,0.9654694984423137,crime,"D=1,Y=0",43,0.04416712503244857,0.35714285714285715
15,candidate,1.0,crime,"D=1,Y=0",43,0.04416712503244857,0.35714285714285715
15,candidate,0.9985924215447644,crime,"D=1,Y=0",43,0.04416712503244857,0.35714285714285715
15,candidate,0.9375903610297667,crime,"D=1,Y=0",43,0.04416712503244857,0.35714285714285715
15,candidate,0.9862797107564625,crime,"D=1,Y=0",43,0.04416712503244857,0.35714285714285715
15,candidate,0.9933321590985051,crime,"D=1,Y=0",43,0.04416712503244857,0.35714285714285715
15,candidate,1.000000000000002,crime,"D=1,Y=0",43,0.04416712503244857,0.35714285714285715
15,candidate,0.9362353346281884,crime,"D=1,Y=0",43,0.04416712503244857,0.35714285714285715
15,candidate,0.9999999999999987,crime,"D=1,Y=0",43,0.04416712503244857,0.35714285714285715
15,candidate,0.9961302041456411,crime,"D=1,Y=0",43,0.04416712503244857,0.35714285714285715
15,candidate,0.9997024578425991,crime,"D=1,Y=0",43,0.04416712503244857,0.35714285714285715
15,candidate,0.9999999999999998,crime,"D=1,Y=0",43,0.04416712503244857,0.35714285714285715
16,selected,0.9922363325510383,crime,"D=1,Y=0",43,0.04416712503244857,0.38095238095238093
16,candidate,0.957611896120258,crime,"D=1,Y=0",43,0.04416712503244857,0.38095238095238093
16,candidate,0.9329707368916642,crime,"D=1,Y=0",43,0.04416712503244857,0.38095238095238093
16,candidate,0.9977995796861276,crime,"D=1,Y=0",43,0.04416712503244857,0.38095238095238093
16,candidate,0.9330251265012337,crime,"D=1,Y=0",43,0.04416712503244857,0.38095238095238093
16,candidate,0.9963000054627921,crime,"D=1,Y=0",43,0.04416712503244857,0.38095238095238093
16,candidate,0.9294086257593882,crime,"D=1,Y=0",43,0.04416712503244857,0.38095238095238093
16,candidate,0.9566252517957948,crime,"D=1,Y=0",43,0.04416712503244857,0.38095238095238093
16,candidate,0.9434928396990712,crime,"D=1,Y=0",43,0.04416712503244857,0.38095238095238093
16,candidate,0.9999999999999977,crime,"D=1,Y=0",43,0.04416712503244857,0.38095238095238093
16,candidate,0.9231771917725461,crime,"D=1,Y=0",43,0.04416712503244857,0.38095238095238093
16,candidate,0.9301406227495983,crime,"D=1,Y=0",43,0.04416712503244857,0.38095238095238093
16,candidate,0.9994264688884972,crime,"D=1,Y=0",43,0.04416712503244857,0.38095238095238093
16,candidate,0.9928385206129913,crime,"D=1,Y=0",43,0.04416712503244857,0.38095238095238093
16,candidate,0.9876897031960042,crime,"D=1,Y=0",43,0.04416712503244857,0.38095238095238093
16,candidate,0.9840908444146576,crime,"D=1,Y=0",43,0.04416712503244857,0.38095238095238093
16,candidate,0.9905654423223867,crime,"D=1,Y=0",43,0.04416712503244857,0.38095238095238093
16,candidate,0.9964321765406307,crime,"D=1,Y=0",43,0.04416712503244857,0.38095238095238093
16,candidate,0.9979588119435685,crime,"D=1,Y=0",43,0.04416712503244857,0.38095238095238093
16,candidate,0.9950365204797355,crime,"D=1,Y=0",43,0.04416712503244857,0.38095238095238093
16,candidate,0.934346081543823,crime,"D=1,Y=0",43,0.04416712503244857,0.38095238095238093
17,selected,0.998027036892495,crime,"D=1,Y=0",43,0.04416712503244857,0.40476190476190477
17,candidate,0.9773318495791251,crime,"D=1,Y=0",43,0.04416712503244857,0.40476190476190477
17,candidate,0.9616150160509558,crime,"D=1,Y=0",43,0.04416712503244857,0.40476190476190477
17,candidate,0.9566252517957978,crime,"D=1,Y=0",43,0.04416712503244857,0.40476190476190477
17,candidate,0.9999999999999996,crime,"D=1,Y=0",43,0.04416712503244857,0.40476190476190477
17,candidate,0.9992710148384103,crime,"D=1,Y=0",43,0.04416712503244857,0.40476190476190477
17,candidate,0.9931059974132332,crime,"D=1,Y=0",43,0.04416712503244857,0.40476190476190477
17,candidate,0.9921579960261951,crime,"D=1,Y=0",43,0.04416712503244857,0.40476190476190477
17,candidate,0.9999999999999972,crime,"D=1,Y=0",43,0.04416712503244857,0.40476190476190477
17,candidate,0.9225501852715572,crime,"D=1,Y=0",43,0.04416712503244857,0.40476190476190477
17,candidate,0.9969171413248042,crime,"D=1,Y=0",43,0.04416712503244857,0.40476190476190477
17,candidate,0.999999999999999,crime,"D=1,Y=0",43,0.04416712503244857,0.40476190476190477
17,candidate,0.9857276525144489,crime,"D=1,Y=0",43,0.04416712503244857,0.40476190476190477
17,candidate,0.9330251265012368,crime,"D=1,Y=0",43,0.04416712503244857,0.40476190476190477
17,candidate,0.9840908444146544,crime,"D=1,Y=0",43,0.04416712503244857,0.40476190476190477
17,candidate,0.9999999999999974,crime,"D=1,Y=0",43,0.04416712503244857,0.40476190476190477
17,candidate,0.9495646288622237,crime,"D=1,Y=0",43,0.04416712503244857,0.40476190476190477
17,candidate,0.9490418569155068,crime,"D=1,Y=0",43,0.04416712503244857,0.40476190476190477
17,candidate,0.9759214792205644,crime,"D=1,Y=0",43,0.04416712503244857,0.40476190476190477
17,candidate,0.934346081543823,crime,"D=1,Y=0",43,0.04416712503244857,0.40476190476190477
17,candidate,0.99988815873211,crime,"D=1,Y=0",43,0.04416712503244857,0.40476190476190477
18,selected,0.9999999999999978,crime,"D=1,Y=0",43,0.04416712503244857,0.42857142857142855
18,candidate,0.9329707368916642,crime,"D=1,Y=0",43,0.04416712503244857,0.42857142857142855
18,candidate,0.9470926114448118,crime,"D=1,Y=0",43,0.04416712503244857,0.42857142857142855
18,candidate,0.9338827997804698,crime,"D=1,Y=0",43,0.04416712503244857,0.42857142857142855
18,candidate,0.9999999999999998,crime,"D=1,Y=0",43,0.04416712503244857,0.42857142857142855
18,candidate,0.9349850718836664,crime,"D=1,Y=0",43,0.04416712503244857,0.42857142857142855
18,candidate,0.9992589064384874,crime,"D=1,Y=0",43,0.04416712503244857,0.42857142857142855
18,candidate,0.9999999999999974,crime,"D=1,Y=0",43,0.04416712503244857,0.42857142857142855
18,candidate,0.951234700790062,crime,"D=1,Y=0",43,0.04416712503244857,0.42857142857142855
18,candidate,0.9998135138044287,crime,"D=1,Y=0",43,0.04416712503244857,0.42857142857142855
18,candidate,0.9920703647531199,crime,"D=1,Y=0",43,0.04416712503244857,0.42857142857142855
18,candidate,0.9999999999999972,crime,"D=1,Y=0",43,0.04416712503244857,0.42857142857142855
18,candidate,0.9460718667824743,crime,"D=1,Y=0",43,0.04416712503244857,0.42857142857142855
18,candidate,0.9906162970021305,crime,"D=1,Y=0",43,0.04416712503244857,0.42857142857142855
18,candidate,1.0000000000000029,crime,"D=1,Y=0",43,0.04416712503244857,0.42857142857142855
18,candidate,0.9382680679845671,crime,"D=1,Y=0",43,0.04416712503244857,0.42857142857142855
18,candidate,0.9616150160509558,crime,"D=1,Y=0",43,0.04416712503244857,0.42857142857142855
18,candidate,0.9999999999999977,crime,"D=1,Y=0",43,0.04416712503244857,0.42857142857142855
18,candidate,0.9856580584907022,crime,"D=1,Y=0",43,0.04416712503244857,0.42857142857142855
18,candidate,0.9483145361455608,crime,"D=1,Y=0",43,0.04416712503244857,0.42857142857142855
18,candidate,0.950540688592079,crime,"D=1,Y=0",43,0.04416712503244857,0.42857142857142855
19,selected,0.995210936618405,crime,"D=1,Y=0",43,0.04416712503244857,0.4523809523809524
19,candidate,0.9976446463629238,crime,"D=1,Y=0",43,0.04416712503244857,0.4523809523809524
19,candidate,0.9512178465093173,crime,"D=1,Y=0",43,0.04416712503244857,0.4523809523809524
19,candidate,0.9521917661022085,crime,"D=1,Y=0",43,0.04416712503244857,0.4523809523809524
19,candidate,0.9179245165844929,crime,"D=1,Y=0",43,0.04416712503244857,0.4523809523809524
19,candidate,0.9583702851480888,crime,"D=1,Y=0",43,0.04416712503244857,0.4523809523809524
19,candidate,1.000000000000003,crime,"D=1,Y=0",43,0.04416712503244857,0.4523809523809524
19,candidate,0.9297150435822482,crime,"D=1,Y=0",43,0.04416712503244857,0.4523809523809524
19,candidate,0.9582969466288096,crime,"D=1,Y=0",43,0.04416712503244857,0.4523809523809524
19,candidate,0.9537641905537808,crime,"D=1,Y=0",43,0.04416712503244857,0.4523809523809524
19,candidate,1.0000000000000056,crime,"D=1,Y=0",43,0.04416712503244857,0.4523809523809524
19,candidate,0.9453871733015643,crime,"D=1,Y=0",43,0.04416712503244857,0.4523809523809524
19,candidate,0.956181880749398,crime,"D=1,Y=0",43,0.04416712503244857,0.4523809523809524
19,candidate,0.9567444106078764,crime,"D=1,Y=0",43,0.04416712503244857,0.4523809523809524
19,candidate,1.0000000000000038,crime,"D=1,Y=0",43,0.04416712503244857,0.4523809523809524
19,candidate,0.9979711838891228,crime,"D=1,Y=0",43,0.04416712503244857,0.4523809523809524
19,candidate,0.9998492928629098,crime,"D=1,Y=0",43,0.04416712503244857,0.4523809523809524
19,candidate,1.0000000000000038,crime,"D=1,Y=0",43,0.04416712503244857,0.4523809523809524
19,candidate,0.9839062973347615,crime,"D=1,Y=0",43,0.04416712503244857,0.4523809523809524
19,candidate,1.000000000000006,crime,"D=1,Y=0",43,0.04416712503244857,0.4523809523809524
19,candidate,0.946263101080804,crime,"D=1,Y=0",43,0.04416712503244857,0.4523809523809524
20,selected,0.9986624190788268,crime,"D=1,Y=0",43,0.04416712503244857,0.47619047619047616
20,candidate,0.9812354534926115,crime,"D=1,Y=0",43,0.04416712503244857,0.47619047619047616
20,candidate,0.994917276785557,crime,"D=1,Y=0",43,0.04416712503244857,0.47619047619047616
20,candidate,0.9089140307427175,crime,"D=1,Y=0",43,0.04416712503244857,0.47619047619047616
20,candidate,0.951234700790065,crime,"D=1,Y=0",43,0.04416712503244857,0.47619047619047616
20,candidate,0.9349635781497211,crime,"D=1,Y=0",43,0.04416712503244857,0.47619047619047616
20,candidate,0.9316390045967048,crime,"D=1,Y=0",43,0.04416712503244857,0.47619047619047616
20,candidate,0.9992589064384906,crime,"D=1,Y=0",43,0.04416712503244857,0.47619047619047616
20,candidate,0.9446482233648347,crime,"D=1,Y=0",43,0.04416712503244857,0.47619047619047616
20,candidate,0.9810632413847146,crime,"D=1,Y=0",43,0.04416712503244857,0.47619047619047616
20,candidate,0.9936877542848898,crime,"D=1,Y=0",43,0.04416712503244857,0.47619047619047616
20,candidate,0.9453928074080815,crime,"D=1,Y=0",43,0.04416712503244857,0.47619047619047616
20,candidate,1.0000000000000009,crime,"D=1,Y=0",43,0.04416712503244857,0.47619047619047616
20,candidate,0.9840908444146576,crime,"D=1,Y=0",43,0.04416712503244857,0.47619047619047616
20,candidate,0.9214200816344585,crime,"D=1,Y=0",43,0.04416712503244857,0.47619047619047616
20,candidate,0.9568225476223197,crime,"D=1,Y=0",43,0.04416712503244857,0.47619047619047616
20,candidate,0.9887924509297382,crime,"D=1,Y=0",43,0.04416712503244857,0.47619047619047616
20,candidate,1.0000000000000004,crime,"D=1,Y=0",43,0.04416712503244857,0.47619047619047616
20,candidate,0.9925062856372143,crime,"D=1,Y=0",43,0.04416712503244857,0.47619047619047616
20,candidate,0.9379958530719897,crime,"D=1,Y=0",43,0.04416712503244857,0.47619047619047616
20,candidate,0.9481603320675401,crime,"D=1,Y=0",43,0.04416712503244857,0.47619047619047616
21,selected,0.9992710148384133,crime,"D=1,Y=0",43,0.04416712503244857,0.5
21,candidate,0.9976446463629176,crime,"D=1,Y=0",43,0.04416712503244857,0.5
21,candidate,0.9472094273145087,crime,"D=1,Y=0",43,0.04416712503244857,0.5
21,candidate,0.9981388176418116,crime,"D=1,Y=0",43,0.04416712503244857,0.5
21,candidate,0.9409954345243668,crime,"D=1,Y=0",43,0.04416712503244857,0.5
21,candidate,0.9997476203683442,crime,"D=1,Y=0",43,0.04416712503244857,0.5
21,candidate,0.9859840365641621,crime,"D=1,Y=0",43,0.04416712503244857,0.5
21,candidate,0.9367950712575965,crime,"D=1,Y=0",43,0.04416712503244857,0.5
21,candidate,0.9999999999999971,crime,"D=1,Y=0",43,0.04416712503244857,0.5
21,candidate,0.9818492900393025,crime,"D=1,Y=0",43,0.04416712503244857,0.5
21,candidate,0.9840908444146544,crime,"D=1,Y=0",43,0.04416712503244857,0.5
21,candidate,0.9490418569155039,crime,"D=1,Y=0",43,0.04416712503244857,0.5
21,candidate,0.9943479901018762,crime,"D=1,Y=0",43,0.04416712503244857,0.5
21,candidate,0.9999999999999988,crime,"D=1,Y=0",43,0.04416712503244857,0.5
21,candidate,0.9518596296386227,crime,"D=1,Y=0",43,0.04416712503244857,0.5
21,candidate,0.9972315835570873,crime,"D=1,Y=0",43,0.04416712503244857,0.5
21,candidate,0.9610058624427333,crime,"D=1,Y=0",43,0.04416712503244857,0.5
21,candidate,0.9999999999999984,crime,"D=1,Y=0",43,0.04416712503244857,0.5
21,candidate,0.9016060622537343,crime,"D=1,Y=0",43,0.04416712503244857,0.5
21,candidate,0.934865462274291,crime,"D=1,Y=0",43,0.04416712503244857,0.5
21,candidate,0.9999999999999989,crime,"D=1,Y=0",43,0.04416712503244857,0.5
22,selected,1.000000000000002,crime,"D=1,Y=0",43,0.04416712503244857,0.5238095238095238
22,candidate,0.997365893092381,crime,"D=1,Y=0",43,0.04416712503244857,0.5238095238095238
22,candidate,1.0000000000000024,crime,"D=1,Y=0",43,0.04416712503244857,0.5238095238095238
22,candidate,0.9907865305147856,crime,"D=1,Y=0",43,0.04416712503244857,0.5238095238095238
22,candidate,0.9614507522793978,crime,"D=1,Y=0",43,0.04416712503244857,0.5238095238095238
22,candidate,0.9870486143477546,crime,"D=1,Y=0",43,0.04416712503244857,0.5238095238095238
22,candidate,0.9610282818312956,crime,"D=1,Y=0",43,0.04416712503244857,0.5238095238095238
22,candidate,0.9121713922846252,crime,"D=1,Y=0",43,0.04416712503244857,0.5238095238095238
22,candidate,0.9333367581876307,crime,"D=1,Y=0",43,0.04416712503244857,0.5238095238095238
22,candidate,0.9265285554688959,crime,"D=1,Y=0",43,0.04416712503244857,0.5238095238095238
22,candidate,0.9439108891329522,crime,"D=1,Y=0",43,0.04416712503244857,0.5238095238095238
22,candidate,0.9960045652871892,crime,"D=1,Y=0",43,0.04416712503244857,0.5238095238095238
22,candidate,0.9473862808828983,crime,"D=1,Y=0",43,0.04416712503244857,0.5238095238095238
22,candidate,0.9226033836147123,crime,"D=1,Y=0",43,0.04416712503244857,0.5238095238095238
22,candidate,0.9360586736055608,crime,"D=1,Y=0",43,0.04416712503244857,0.5238095238095238
22,candidate,0.9940029421360697,crime,"D=1,Y=0",43,0.04416712503244857,0.5238095238095238
22,candidate,0.9569000734509305,crime,"D=1,Y=0",43,0.04416712503244857,0.5238095238095238
22,candidate,0.99255913360309,crime,"D=1,Y=0",43,0.04416712503244857,0.5238095238095238
22,candidate,0.9339137748690651,crime,"D=1,Y=0",43,0.04416712503244857,0.5238095238095238
22,candidate,0.9515592386461617,crime,"D=1,Y=0",43,0.04416712503244857,0.5238095238095238
22,candidate,0.9791871792574443,crime,"D=1,Y=0",43,0.04416712503244857,0.5238095238095238
23,selected,0.9759214792205615,crime,"D=1,Y=0",43,0.04416712503244857,0.5476190476190477
23,candidate,0.9313231086237979,crime,"D=1,Y=0",43,0.04416712503244857,0.5476190476190477
23,candidate,0.9228287125347806,crime,"D=1,Y=0",43,0.04416712503244857,0.5476190476190477
23,candidate,0.9314777339373844,crime,"D=1,Y=0",43,0.04416712503244857,0.5476190476190477
23,candidate,0.9496478514333998,crime,"D=1,Y=0",43,0.04416712503244857,0.5476190476190477
23,candidate,0.9999999999999974,crime,"D=1,Y=0",43,0.04416712503244857,0.5476190476190477
23,candidate,0.9955125193001099,crime,"D=1,Y=0",43,0.04416712503244857,0.5476190476190477
23,candidate,0.9318889258757506,crime,"D=1,Y=0",43,0.04416712503244857,0.5476190476190477
23,candidate,0.9999999999999971,crime,"D=1,Y=0",43,0.04416712503244857,0.5476190476190477
23,candidate,0.9427477424302833,crime,"D=1,Y=0",43,0.04416712503244857,0.5476190476190477
23,candidate,0.9825158063207242,crime,"D=1,Y=0",43,0.04416712503244857,0.5476190476190477
23,candidate,0.9229167830107645,crime,"D=1,Y=0",43,0.04416712503244857,0.5476190476190477
23,candidate,0.9143154950483994,crime,"D=1,Y=0",43,0.04416712503244857,0.5476190476190477
23,candidate,0.9791871792574411,crime,"D=1,Y=0",43,0.04416712503244857,0.5476190476190477
23,candidate,0.9143084118368514,crime,"D=1,Y=0",43,0.04416712503244857,0.5476190476190477
23,candidate,0.9941050587792225,crime,"D=1,Y=0",43,0.04416712503244857,0.5476190476190477
23,candidate,0.9314500591720642,crime,"D=1,Y=0",43,0.04416712503244857,0.5476190476190477
23,candidate,0.9849915858723912,crime,"D=1,Y=0",43,0.04416712503244857,0.5476190476190477
23,candidate,0.9757112950953226,crime,"D=1,Y=0",43,0.04416712503244857,0.5476190476190477
23,candidate,0.9999999999999964,crime,"D=1,Y=0",43,0.04416712503244857,0.5476190476190477
23,candidate,0.9174426047986771,crime,"D=1,Y=0",43,0.04416712503244857,0.5476190476190477
24,selected,0.9977178677812689,crime,"D=1,Y=0",43,0.04416712503244857,0.5714285714285714
24,candidate,0.9213876036434611,crime,"D=1,Y=0",43,0.04416712503244857,0.5714285714285714
24,candidate,0.9120285084814065,crime,"D=1,Y=0",43,0.04416712503244857,0.5714285714285714
24,candidate,0.9976787210275203,crime,"D=1,Y=0",43,0.04416712503244857,0.5714285714285714
24,candidate,0.9632328311108141,crime,"D=1,Y=0",43,0.04416712503244857,0.5714285714285714
24,candidate,0.9604100354255416,crime,"D=1,Y=0",43,0.04416712503244857,0.5714285714285714
24,candidate,0.9999999999999996,crime,"D=1,Y=0",43,0.04416712503244857,0.5714285714285714
24,candidate,0.9873872045234093,crime,"D=1,Y=0",43,0.04416712503244857,0.5714285714285714
24,candidate,0.9028840240547934,crime,"D=1,Y=0",43,0.04416712503244857,0.5714285714285714
24,candidate,0.9550474849377025,crime,"D=1,Y=0",43,0.04416712503244857,0.5714285714285714
24,candidate,0.9614507522793978,crime,"D=1,Y=0",43,0.04416712503244857,0.5714285714285714
24,candidate,0.9966030483116018,crime,"D=1,Y=0",43,0.04416712503244857,0.5714285714285714
24,candidate,1.0000000000000044,crime,"D=1,Y=0",43,0.04416712503244857,0.5714285714285714
24,candidate,0.9805185467305,crime,"D=1,Y=0",43,0.04416712503244857,0.5714285714285714
24,candidate,0.9149713501470402,crime,"D=1,Y=0",43,0.04416712503244857,0.5714285714285714
24,candidate,0.9253948351917989,crime,"D=1,Y=0",43,0.04416712503244857,0.5714285714285714
24,candidate,0.984453244482222,crime,"D=1,Y=0",43,0.04416712503244857,0.5714285714285714
24,candidate,0.9265285554688959,crime,"D=1,Y=0",43,0.04416712503244857,0.5714285714285714
24,candidate,0.914315495048405,crime,"D=1,Y=0",43,0.04416712503244857,0.5714285714285714
24,candidate,0.9924466818448733,crime,"D=1,Y=0",43,0.04416712503244857,0.5714285714285714
24,candidate,0.942919779723111,crime,"D=1,Y=0",43,0.04416712503244857,0.5714285714285714
25,selected,0.9809124492850657,crime,"D=1,Y=0",43,0.04416712503244857,0.5952380952380952
25,candidate,0.9999999999999991,crime,"D=1,Y=0",43,0.04416712503244857,0.5952380952380952
25,candidate,0.9896906146118133,crime,"D=1,Y=0",43,0.04416712503244857,0.5952380952380952
25,candidate,0.9161192532152349,crime,"D=1,Y=0",43,0.04416712503244857,0.5952380952380952
25,candidate,0.9783653368916981,crime,"D=1,Y=0",43,0.04416712503244857,0.5952380952380952
25,candidate,0.926528555468893,crime,"D=1,Y=0",43,0.04416712503244857,0.5952380952380952
25,candidate,0.976457352102256,crime,"D=1,Y=0",43,0.04416712503244857,0.5952380952380952
25,candidate,0.9296441334266666,crime,"D=1,Y=0",43,0.04416712503244857,0.5952380952380952
25,candidate,0.9390165549125462,crime,"D=1,Y=0",43,0.04416712503244857,0.5952380952380952
25,candidate,0.9369033805836376,crime,"D=1,Y=0",43,0.04416712503244857,0.5952380952380952
25,candidate,0.9930480570993321,crime,"D=1,Y=0",43,0.04416712503244857,0.5952380952380952
25,candidate,0.9550321200388652,crime,"D=1,Y=0",43,0.04416712503244857,0.5952380952380952
25,candidate,0.9436916539738298,crime,"D=1,Y=0",43,0.04416712503244857,0.5952380952380952
25,candidate,0.9877609442235874,crime,"D=1,Y=0",43,0.04416712503244857,0.5952380952380952
25,candidate,0.92893288198069,crime,"D=1,Y=0",43,0.04416712503244857,0.5952380952380952
25,candidate,0.9965074704309469,crime,"D=1,Y=0",43,0.04416712503244857,0.5952380952380952
25,candidate,1.0000000000000024,crime,"D=1,Y=0",43,0.04416712503244857,0.5952380952380952
25,candidate,0.9508481369953798,crime,"D=1,Y=0",43,0.04416712503244857,0.5952380952380952
25,candidate,0.9160348636470437,crime,"D=1,Y=0",43,0.04416712503244857,0.5952380952380952
25,candidate,0.9195084708384429,crime,"D=1,Y=0",43,0.04416712503244857,0.5952380952380952
25,candidate,0.9409954345243668,crime,"D=1,Y=0",43,0.04416712503244857,0.5952380952380952
26,selected,0.9876510177365276,crime,"D=1,Y=0",43,0.04416712503244857,0.6190476190476191
26,candidate,0.9886583212188312,crime,"D=1,Y=0",43,0.04416712503244857,0.6190476190476191
26,candidate,0.9235647774888035,crime,"D=1,Y=0",43,0.04416712503244857,0.6190476190476191
26,candidate,0.9300949891342684,crime,"D=1,Y=0",43,0.04416712503244857,0.6190476190476191
26,candidate,0.9811756763731564,crime,"D=1,Y=0",43,0.04416712503244857,0.6190476190476191
26,candidate,0.9227553192978942,crime,"D=1,Y=0",43,0.04416712503244857,0.6190476190476191
26,candidate,0.9227452543640204,crime,"D=1,Y=0",43,0.04416712503244857,0.6190476190476191
26,candidate,0.8987687463031208,crime,"D=1,Y=0",43,0.04416712503244857,0.6190476190476191
26,candidate,0.9128219062462941,crime,"D=1,Y=0",43,0.04416712503244857,0.6190476190476191
26,candidate,0.9318467498864883,crime,"D=1,Y=0",43,0.04416712503244857,0.6190476190476191
26,candidate,0.9999999999999959,crime,"D=1,Y=0",43,0.04416712503244857,0.6190476190476191
26,candidate,0.9448466294639962,crime,"D=1,Y=0",43,0.04416712503244857,0.6190476190476191
26,candidate,0.9387098242300232,crime,"D=1,Y=0",43,0.04416712503244857,0.6190476190476191
26,candidate,0.9313436989996401,crime,"D=1,Y=0",43,0.04416712503244857,0.6190476190476191
26,candidate,0.9504964512660112,crime,"D=1,Y=0",43,0.04416712503244857,0.6190476190476191
26,candidate,0.9881692024472822,crime,"D=1,Y=0",43,0.04416712503244857,0.6190476190476191
26,candidate,0.9265256843976474,crime,"D=1,Y=0",43,0.04416712503244857,0.6190476190476191
26,candidate,0.914421248666772,crime,"D=1,Y=0",43,0.04416712503244857,0.6190476190476191
26,candidate,0.9322126111595614,crime,"D=1,Y=0",43,0.04416712503244857,0.6190476190476191
26,candidate,0.9805716776447694,crime,"D=1,Y=0",43,0.04416712503244857,0.6190476190476191
26,candidate,0.9999999999999983,crime,"D=1,Y=0",43,0.04416712503244857,0.6190476190476191
27,selected,0.9951352708583802,crime,"D=1,Y=0",43,0.04416712503244857,0.6428571428571429
27,candidate,0.9104731168575277,crime,"D=1,Y=0",43,0.04416712503244857,0.6428571428571429
27,candidate,0.9743202109708603,crime,"D=1,Y=0",43,0.04416712503244857,0.6428571428571429
27,candidate,0.9311394010172306,crime,"D=1,Y=0",43,0.04416712503244857,0.6428571428571429
27,candidate,0.9679054627931217,crime,"D=1,Y=0",43,0.04416712503244857,0.6428571428571429
27,candidate,0.9639337018546675,crime,"D=1,Y=0",43,0.04416712503244857,0.6428571428571429
27,candidate,1.0000000000000016,crime,"D=1,Y=0",43,0.04416712503244857,0.6428571428571429
27,candidate,0.9809120429915806,crime,"D=1,Y=0",43,0.04416712503244857,0.6428571428571429
27,candidate,0.9194878521907776,crime,"D=1,Y=0",43,0.04416712503244857,0.6428571428571429
27,candidate,0.949148172149389,crime,"D=1,Y=0",43,0.04416712503244857,0.6428571428571429
27,candidate,0.9942251364253151,crime,"D=1,Y=0",43,0.04416712503244857,0.6428571428571429
27,candidate,0.9159577539708992,crime,"D=1,Y=0",43,0.04416712503244857,0.6428571428571429
27,candidate,0.9846782841535034,crime,"D=1,Y=0",43,0.04416712503244857,0.6428571428571429
27,candidate,0.9929703674556268,crime,"D=1,Y=0",43,0.04416712503244857,0.6428571428571429
27,candidate,0.9841720224574587,crime,"D=1,Y=0",43,0.04416712503244857,0.6428571428571429
27,candidate,0.9733451584483049,crime,"D=1,Y=0",43,0.04416712503244857,0.6428571428571429
27,candidate,1.0000000000000013,crime,"D=1,Y=0",43,0.04416712503244857,0.6428571428571429
27,candidate,0.9069838910969336,crime,"D=1,Y=0",43,0.04416712503244857,0.6428571428571429
27,candidate,0.9210947260057241,crime,"D=1,Y=0",43,0.04416712503244857,0.6428571428571429
27,candidate,0.9729050618152989,crime,"D=1,Y=0",43,0.04416712503244857,0.6428571428571429
27,candidate,0.9107143672903015,crime,"D=1,Y=0",43,0.04416712503244857,0.6428571428571429
28,selected,0.9809120429915746,crime,"D=1,Y=0",43,0.04416712503244857,0.6666666666666666
28,candidate,0.9542379693136676,crime,"D=1,Y=0",43,0.04416712503244857,0.6666666666666666
28,candidate,0.9143154950483994,crime,"D=1,Y=0",43,0.04416712503244857,0.6666666666666666
28,candidate,0.9825158063207274,crime,"D=1,Y=0",43,0.04416712503244857,0.6666666666666666
28,candidate,0.9941785843205322,crime,"D=1,Y=0",43,0.04416712503244857,0.6666666666666666
28,candidate,0.9928758667148212,crime,"D=1,Y=0",43,0.04416712503244857,0.6666666666666666
28,candidate,0.9999999999999953,crime,"D=1,Y=0",43,0.04416712503244857,0.6666666666666666
28,candidate,0.9380303443225851,crime,"D=1,Y=0",43,0.04416712503244857,0.6666666666666666
28,candidate,0.9409954345243668,crime,"D=1,Y=0",43,0.04416712503244857,0.6666666666666666
28,candidate,0.8810989490260176,crime,"D=1,Y=0",43,0.04416712503244857,0.6666666666666666
28,candidate,0.9702982538387303,crime,"D=1,Y=0",43,0.04416712503244857,0.6666666666666666
28,candidate,0.9504582064015015,crime,"D=1,Y=0",43,0.04416712503244857,0.6666666666666666
28,candidate,0.9923280286346894,crime,"D=1,Y=0",43,0.04416712503244857,0.6666666666666666
28,candidate,0.8945661689234663,crime,"D=1,Y=0",43,0.04416712503244857,0.6666666666666666
28,candidate,0.9829760938352365,crime,"D=1,Y=0",43,0.04416712503244857,0.6666666666666666
28,candidate,0.9309002990865481,crime,"D=1,Y=0",43,0.04416712503244857,0.6666666666666666
28,candidate,0.9089330828048798,crime,"D=1,Y=0",43,0.04416712503244857,0.6666666666666666
28,candidate,0.9453821510336387,crime,"D=1,Y=0",43,0.04416712503244857,0.6666666666666666
28,candidate,0.9172630676205685,crime,"D=1,Y=0",43,0.04416712503244857,0.6666666666666666
28,candidate,0.9149713501470345,crime,"D=1,Y=0",43,0.04416712503244857,0.6666666666666666
28,candidate,0.941093811862263,crime,"D=1,Y=0",43,0.04416712503244857,0.6666666666666666
29,selected,1.0000000000000016,crime,"D=1,Y=0",43,0.04416712503244857,0.6904761904761905
29,candidate,0.9956763936348965,crime,"D=1,Y=0",43,0.04416712503244857,0.6904761904761905
29,candidate,0.9295030542658173,crime,"D=1,Y=0",43,0.04416712503244857,0.6904761904761905
29,candidate,0.9298847853388298,crime,"D=1,Y=0",43,0.04416712503244857,0.6904761904761905
29,candidate,0.9812236382036604,crime,"D=1,Y=0",43,0.04416712503244857,0.6904761904761905
29,candidate,0.9846857090495782,crime,"D=1,Y=0",43,0.04416712503244857,0.6904761904761905
29,candidate,0.9997528074643847,crime,"D=1,Y=0",43,0.04416712503244857,0.6904761904761905
29,candidate,0.9147552373478524,crime,"D=1,Y=0",43,0.04416712503244857,0.6904761904761905
29,candidate,0.9117863846236075,crime,"D=1,Y=0",43,0.04416712503244857,0.6904761904761905
29,candidate,0.9947926928854813,crime,"D=1,Y=0",43,0.04416712503244857,0.6904761904761905
29,candidate,0.9016112948241066,crime,"D=1,Y=0",43,0.04416712503244857,0.6904761904761905
29,candidate,0.978872821444961,crime,"D=1,Y=0",43,0.04416712503244857,0.6904761904761905
29,candidate,0.9167156696929654,crime,"D=1,Y=0",43,0.04416712503244857,0.6904761904761905
29,candidate,0.875914315549376,crime,"D=1,Y=0",43,0.04416712503244857,0.6904761904761905
29,candidate,0.9286222564904013,crime,"D=1,Y=0",43,0.04416712503244857,0.6904761904761905
29,candidate,0.9377454043853547,crime,"D=1,Y=0",43,0.04416712503244857,0.6904761904761905
29,candidate,0.9069642892832591,crime,"D=1,Y=0",43,0.04416712503244857,0.6904761904761905
29,candidate,0.9149560081723805,crime,"D=1,Y=0",43,0.04416712503244857,0.6904761904761905
29,candidate,0.9942598420023488,crime,"D=1,Y=0",43,0.04416712503244857,0.6904761904761905
29,candidate,0.9385542008943669,crime,"D=1,Y=0",43,0.04416712503244857,0.6904761904761905
29,candidate,0.8730485834092624,crime,"D=1,Y=0",43,0.04416712503244857,0.6904761904761905
30,selected,0.9923499981339842,crime,"D=1,Y=0",43,0.04416712503244857,0.7142857142857143
30,candidate,0.978872821444961,crime,"D=1,Y=0",43,0.04416712503244857,0.7142857142857143
30,candidate,0.9432082939784251,crime,"D=1,Y=0",43,0.04416712503244857,0.7142857142857143
30,candidate,0.9106454850181464,crime,"D=1,Y=0",43,0.04416712503244857,0.7142857142857143
30,candidate,0.9764625468842688,crime,"D=1,Y=0",43,0.04416712503244857,0.7142857142857143
30,candidate,0.9281626018849556,crime,"D=1,Y=0",43,0.04416712503244857,0.7142857142857143
30,candidate,0.9658635129799401,crime,"D=1,Y=0",43,0.04416712503244857,0.7142857142857143
30,candidate,0.9570192077321409,crime,"D=1,Y=0",43,0.04416712503244857,0.7142857142857143
30,candidate,0.9315607065172673,crime,"D=1,Y=0",43,0.04416712503244857,0.7142857142857143
30,candidate,0.9459193354859892,crime,"D=1,Y=0",43,0.04416712503244857,0.7142857142857143
30,candidate,0.9220726270214346,crime,"D=1,Y=0",43,0.04416712503244857,0.7142857142857143
30,candidate,0.9488578776854181,crime,"D=1,Y=0",43,0.04416712503244857,0.7142857142857143
30,candidate,0.9016112948241066,crime,"D=1,Y=0",43,0.04416712503244857,0.7142857142857143
30,candidate,0.9672211643080822,crime,"D=1,Y=0",43,0.04416712503244857,0.7142857142857143
30,candidate,0.9510271160839173,crime,"D=1,Y=0",43,0.04416712503244857,0.7142857142857143
30,candidate,0.9079922368340257,crime,"D=1,Y=0",43,0.04416712503244857,0.7142857142857143
30,candidate,0.9927670094497663,crime,"D=1,Y=0",43,0.04416712503244857,0.7142857142857143
30,candidate,0.8891035009783234,crime,"D=1,Y=0",43,0.04416712503244857,0.7142857142857143
30,candidate,0.9455422282676202,crime,"D=1,Y=0",43,0.04416712503244857,0.7142857142857143
30,candidate,0.9349168954458993,crime,"D=1,Y=0",43,0.04416712503244857,0.7142857142857143
30,candidate,0.9313283598425506,crime,"D=1,Y=0",43,0.04416712503244857,0.7142857142857143
31,selected,0.9807119421566283,crime,"D=1,Y=0",43,0.04416712503244857,0.7380952380952381
31,candidate,0.9423174074445386,crime,"D=1,Y=0",43,0.04416712503244857,0.7380952380952381
31,candidate,0.9073765247129563,crime,"D=1,Y=0",43,0.04416712503244857,0.7380952380952381
31,candidate,0.9176719400415543,crime,"D=1,Y=0",43,0.04416712503244857,0.7380952380952381
31,candidate,0.8827099478599079,crime,"D=1,Y=0",43,0.04416712503244857,0.7380952380952381
31,candidate,0.8699299362625649,crime,"D=1,Y=0",43,0.04416712503244857,0.7380952380952381
31,candidate,0.999999999999989,crime,"D=1,Y=0",43,0.04416712503244857,0.7380952380952381
31,candidate,0.8373085864283837,crime,"D=1,Y=0",43,0.04416712503244857,0.7380952380952381
31,candidate,0.9422995348799584,crime,"D=1,Y=0",43,0.04416712503244857,0.7380952380952381
31,candidate,0.9000837545917622,crime,"D=1,Y=0",43,0.04416712503244857,0.7380952380952381
31,candidate,0.982488062771432,crime,"D=1,Y=0",43,0.04416712503244857,0.7380952380952381
31,candidate,0.9059845494601485,crime,"D=1,Y=0",43,0.04416712503244857,0.7380952380952381
31,candidate,0.9196709636482334,crime,"D=1,Y=0",43,0.04416712503244857,0.7380952380952381
31,candidate,0.9847243483782971,crime,"D=1,Y=0",43,0.04416712503244857,0.7380952380952381
31,candidate,0.8818231651909216,crime,"D=1,Y=0",43,0.04416712503244857,0.7380952380952381
31,candidate,0.9395475181170657,crime,"D=1,Y=0",43,0.04416712503244857,0.7380952380952381
31,candidate,0.9898486263184821,crime,"D=1,Y=0",43,0.04416712503244857,0.7380952380952381
31,candidate,0.9889872122813597,crime,"D=1,Y=0",43,0.04416712503244857,0.7380952380952381
31,candidate,0.9417897916578941,crime,"D=1,Y=0",43,0.04416712503244857,0.7380952380952381
31,candidate,0.9179849699339729,crime,"D=1,Y=0",43,0.04416712503244857,0.7380952380952381
31,candidate,0.9405670183142365,crime,"D=1,Y=0",43,0.04416712503244857,0.7380952380952381
32,selected,0.9835339719986079,crime,"D=1,Y=0",43,0.04416712503244857,0.7619047619047619
32,candidate,0.9099055737102454,crime,"D=1,Y=0",43,0.04416712503244857,0.7619047619047619
32,candidate,0.9167871910457634,crime,"D=1,Y=0",43,0.04416712503244857,0.7619047619047619
32,candidate,0.9349933585577394,crime,"D=1,Y=0",43,0.04416712503244857,0.7619047619047619
32,candidate,0.8932198401227355,crime,"D=1,Y=0",43,0.04416712503244857,0.7619047619047619
32,candidate,0.9322728583829106,crime,"D=1,Y=0",43,0.04416712503244857,0.7619047619047619
32,candidate,0.8714392997718657,crime,"D=1,Y=0",43,0.04416712503244857,0.7619047619047619
32,candidate,0.8583009959863331,crime,"D=1,Y=0",43,0.04416712503244857,0.7619047619047619
32,candidate,0.9186153585042857,crime,"D=1,Y=0",43,0.04416712503244857,0.7619047619047619
32,candidate,0.8706946082713203,crime,"D=1,Y=0",43,0.04416712503244857,0.7619047619047619
32,candidate,0.8133618663956861,crime,"D=1,Y=0",43,0.04416712503244857,0.7619047619047619
32,candidate,0.8966714494405226,crime,"D=1,Y=0",43,0.04416712503244857,0.7619047619047619
32,candidate,0.853748728796203,crime,"D=1,Y=0",43,0.04416712503244857,0.7619047619047619
32,candidate,0.8900570917138669,crime,"D=1,Y=0",43,0.04416712503244857,0.7619047619047619
32,candidate,0.9231924163119818,crime,"D=1,Y=0",43,0.04416712503244857,0.7619047619047619
32,candidate,0.914940646465097,crime,"D=1,Y=0",43,0.04416712503244857,0.7619047619047619
32,candidate,0.8711977603086832,crime,"D=1,Y=0",43,0.04416712503244857,0.7619047619047619
32,candidate,0.9207949648536454,crime,"D=1,Y=0",43,0.04416712503244857,0.7619047619047619
32,candidate,0.8889319397724528,crime,"D=1,Y=0",43,0.04416712503244857,0.7619047619047619
32,candidate,0.9030526978991468,crime,"D=1,Y=0",43,0.04416712503244857,0.7619047619047619
32,candidate,0.9409390731487132,crime,"D=1,Y=0",43,0.04416712503244857,0.7619047619047619
33,selected,0.9878046699403402,crime,"D=1,Y=0",43,0.04416712503244857,0.7857142857142857
33,candidate,0.904096790957457,crime,"D=1,Y=0",43,0.04416712503244857,0.7857142857142857
33,candidate,0.936446246559843,crime,"D=1,Y=0",43,0.04416712503244857,0.7857142857142857
33,candidate,0.9034827981702639,crime,"D=1,Y=0",43,0.04416712503244857,0.7857142857142857
33,candidate,0.8586191339973496,crime,"D=1,Y=0",43,0.04416712503244857,0.7857142857142857
33,candidate,0.8936443856417151,crime,"D=1,Y=0",43,0.04416712503244857,0.7857142857142857
33,candidate,0.8863055974667952,crime,"D=1,Y=0",43,0.04416712503244857,0.7857142857142857
33,candidate,0.9764811480774186,crime,"D=1,Y=0",43,0.04416712503244857,0.7857142857142857
33,candidate,0.9930444065860162,crime,"D=1,Y=0",43,0.04416712503244857,0.7857142857142857
33,candidate,0.9208621389828814,crime,"D=1,Y=0",43,0.04416712503244857,0.7857142857142857
33,candidate,0.8732824195033182,crime,"D=1,Y=0",43,0.04416712503244857,0.7857142857142857
33,candidate,0.9181626339158102,crime,"D=1,Y=0",43,0.04416712503244857,0.7857142857142857
33,candidate,0.929519008255399,crime,"D=1,Y=0",43,0.04416712503244857,0.7857142857142857
33,candidate,0.9125575542318062,crime,"D=1,Y=0",43,0.04416712503244857,0.7857142857142857
33,candidate,0.8942135847025651,crime,"D=1,Y=0",43,0.04416712503244857,0.7857142857142857
33,candidate,0.9857237576301474,crime,"D=1,Y=0",43,0.04416712503244857,0.7857142857142857
33,candidate,0.899192024466583,crime,"D=1,Y=0",43,0.04416712503244857,0.7857142857142857
33,candidate,0.9001507126324393,crime,"D=1,Y=0",43,0.04416712503244857,0.7857142857142857
33,candidate,0.8565813622370697,crime,"D=1,Y=0",43,0.04416712503244857,0.7857142857142857
33,candidate,0.9955986541383337,crime,"D=1,Y=0",43,0.04416712503244857,0.7857142857142857
33,candidate,0.8784301576694109,crime,"D=1,Y=0",43,0.04416712503244857,0.7857142857142857
34,selected,0.9878307536118032,crime,"D=1,Y=0",43,0.04416712503244857,0.8095238095238095
34,candidate,0.9042483068680865,crime,"D=1,Y=0",43,0.04416712503244857,0.8095238095238095
34,candidate,0.9052671290772443,crime,"D=1,Y=0",43,0.04416712503244857,0.8095238095238095
34,candidate,0.9061826536228336,crime,"D=1,Y=0",43,0.04416712503244857,0.8095238095238095
34,candidate,0.8767191060008583,crime,"D=1,Y=0",43,0.04416712503244857,0.8095238095238095
34,candidate,0.926807647404744,crime,"D=1,Y=0",43,0.04416712503244857,0.8095238095238095
34,candidate,0.8862167968550162,crime,"D=1,Y=0",43,0.04416712503244857,0.8095238095238095
34,candidate,0.8567364715575092,crime,"D=1,Y=0",43,0.04416712503244857,0.8095238095238095
34,candidate,0.980985818989508,crime,"D=1,Y=0",43,0.04416712503244857,0.8095238095238095
34,candidate,0.9106972187808446,crime,"D=1,Y=0",43,0.04416712503244857,0.8095238095238095
34,candidate,0.8869416939976227,crime,"D=1,Y=0",43,0.04416712503244857,0.8095238095238095
34,candidate,0.9186488707954487,crime,"D=1,Y=0",43,0.04416712503244857,0.8095238095238095
34,candidate,0.9566890262747232,crime,"D=1,Y=0",43,0.04416712503244857,0.8095238095238095
34,candidate,0.9281709884640106,crime,"D=1,Y=0",43,0.04416712503244857,0.8095238095238095
34,candidate,0.8634809042428652,crime,"D=1,Y=0",43,0.04416712503244857,0.8095238095238095
34,candidate,0.9830612873247162,crime,"D=1,Y=0",43,0.04416712503244857,0.8095238095238095
34,candidate,0.8908113414504625,crime,"D=1,Y=0",43,0.04416712503244857,0.8095238095238095
34,candidate,0.8427646190841751,crime,"D=1,Y=0",43,0.04416712503244857,0.8095238095238095
34,candidate,0.9862679389602127,crime,"D=1,Y=0",43,0.04416712503244857,0.8095238095238095
34,candidate,0.8852522505448437,crime,"D=1,Y=0",43,0.04416712503244857,0.8095238095238095
34,candidate,0.8687115511209904,crime,"D=1,Y=0",43,0.04416712503244857,0.8095238095238095
35,selected,0.9864326881453854,crime,"D=1,Y=0",43,0.04416712503244857,0.8333333333333334
35,candidate,0.8781270139354572,crime,"D=1,Y=0",43,0.04416712503244857,0.8333333333333334
35,candidate,0.8395767737535516,crime,"D=1,Y=0",43,0.04416712503244857,0.8333333333333334
35,candidate,0.8681430600536987,crime,"D=1,Y=0",43,0.04416712503244857,0.8333333333333334
35,candidate,0.8512452985459311,crime,"D=1,Y=0",43,0.04416712503244857,0.8333333333333334
35,candidate,0.9317355418894829,crime,"D=1,Y=0",43,0.04416712503244857,0.8333333333333334
35,candidate,0.9145342554960051,crime,"D=1,Y=0",43,0.04416712503244857,0.8333333333333334
35,candidate,0.9119343986084485,crime,"D=1,Y=0",43,0.04416712503244857,0.8333333333333334
35,candidate,0.8428798816535966,crime,"D=1,Y=0",43,0.04416712503244857,0.8333333333333334
35,candidate,0.8879114171117919,crime,"D=1,Y=0",43,0.04416712503244857,0.8333333333333334
35,candidate,0.8661705897740596,crime,"D=1,Y=0",43,0.04416712503244857,0.8333333333333334
35,candidate,0.880429859705055,crime,"D=1,Y=0",43,0.04416712503244857,0.8333333333333334
35,candidate,0.9535006786808075,crime,"D=1,Y=0",43,0.04416712503244857,0.8333333333333334
35,candidate,0.9294736978392888,crime,"D=1,Y=0",43,0.04416712503244857,0.8333333333333334
35,candidate,0.8735686045676238,crime,"D=1,Y=0",43,0.04416712503244857,0.8333333333333334
35,candidate,0.9894860927047826,crime,"D=1,Y=0",43,0.04416712503244857,0.8333333333333334
35,candidate,0.9958929935667516,crime,"D=1,Y=0",43,0.04416712503244857,0.8333333333333334
35,candidate,0.8900776010578936,crime,"D=1,Y=0",43,0.04416712503244857,0.8333333333333334
35,candidate,0.8656426494270936,crime,"D=1,Y=0",43,0.04416712503244857,0.8333333333333334
35,candidate,0.939672374029251,crime,"D=1,Y=0",43,0.04416712503244857,0.8333333333333334
35,candidate,0.8713383724784239,crime,"D=1,Y=0",43,0.04416712503244857,0.8333333333333334
36,selected,0.9560964652634504,crime,"D=1,Y=0",43,0.04416712503244857,0.8571428571428571
36,candidate,0.872540432250542,crime,"D=1,Y=0",43,0.04416712503244857,0.8571428571428571
36,candidate,0.8654734869350316,crime,"D=1,Y=0",43,0.04416712503244857,0.8571428571428571
36,candidate,0.9217764079957219,crime,"D=1,Y=0",43,0.04416712503244857,0.8571428571428571
36,candidate,0.9719067280765767,crime,"D=1,Y=0",43,0.04416712503244857,0.8571428571428571
36,candidate,0.8440093858350132,crime,"D=1,Y=0",43,0.04416712503244857,0.8571428571428571
36,candidate,0.8696107720286924,crime,"D=1,Y=0",43,0.04416712503244857,0.8571428571428571
36,candidate,0.9148594884338985,crime,"D=1,Y=0",43,0.04416712503244857,0.8571428571428571
36,candidate,0.9622914945417889,crime,"D=1,Y=0",43,0.04416712503244857,0.8571428571428571
36,candidate,0.8595927717644049,crime,"D=1,Y=0",43,0.04416712503244857,0.8571428571428571
36,candidate,0.9150578108613248,crime,"D=1,Y=0",43,0.04416712503244857,0.8571428571428571
36,candidate,0.8642955839741163,crime,"D=1,Y=0",43,0.04416712503244857,0.8571428571428571
36,candidate,0.8896175309346855,crime,"D=1,Y=0",43,0.04416712503244857,0.8571428571428571
36,candidate,0.9179113794420135,crime,"D=1,Y=0",43,0.04416712503244857,0.8571428571428571
36,candidate,0.8990771230231771,crime,"D=1,Y=0",43,0.04416712503244857,0.8571428571428571
36,candidate,0.8542009305577127,crime,"D=1,Y=0",43,0.04416712503244857,0.8571428571428571
36,candidate,0.9252107192585961,crime,"D=1,Y=0",43,0.04416712503244857,0.8571428571428571
36,candidate,0.9190923727682908,crime,"D=1,Y=0",43,0.04416712503244857,0.8571428571428571
36,candidate,0.8704765251193092,crime,"D=1,Y=0",43,0.04416712503244857,0.8571428571428571
36,candidate,0.8707896421017794,crime,"D=1,Y=0",43,0.04416712503244857,0.8571428571428571
36,candidate,0.8441515383574406,crime,"D=1,Y=0",43,0.04416712503244857,0.8571428571428571
37,selected,0.9981476989987941,crime,"D=1,Y=0",43,0.04416712503244857,0.8809523809523809
37,candidate,0.8918658701560963,crime,"D=1,Y=0",43,0.04416712503244857,0.8809523809523809
37,candidate,0.8744695936028629,crime,"D=1,Y=0",43,0.04416712503244857,0.8809523809523809
37,candidate,0.990246395676891,crime,"D=1,Y=0",43,0.04416712503244857,0.8809523809523809
37,candidate,0.8995126018074298,crime,"D=1,Y=0",43,0.04416712503244857,0.8809523809523809
37,candidate,0.8767310260275039,crime,"D=1,Y=0",43,0.04416712503244857,0.8809523809523809
37,candidate,0.9761605336563162,crime,"D=1,Y=0",43,0.04416712503244857,0.8809523809523809
37,candidate,0.8910031530378129,crime,"D=1,Y=0",43,0.04416712503244857,0.8809523809523809
37,candidate,0.8121850779434278,crime,"D=1,Y=0",43,0.04416712503244857,0.8809523809523809
37,candidate,0.797830577278498,crime,"D=1,Y=0",43,0.04416712503244857,0.8809523809523809
37,candidate,0.8913805136413088,crime,"D=1,Y=0",43,0.04416712503244857,0.8809523809523809
37,candidate,0.8755249367823605,crime,"D=1,Y=0",43,0.04416712503244857,0.8809523809523809
37,candidate,0.8614846873699525,crime,"D=1,Y=0",43,0.04416712503244857,0.8809523809523809
37,candidate,0.8737776959300123,crime,"D=1,Y=0",43,0.04416712503244857,0.8809523809523809
37,candidate,0.8761689927360292,crime,"D=1,Y=0",43,0.04416712503244857,0.8809523809523809
37,candidate,0.8843370367125434,crime,"D=1,Y=0",43,0.04416712503244857,0.8809523809523809
37,candidate,0.8575755324626764,crime,"D=1,Y=0",43,0.04416712503244857,0.8809523809523809
37,candidate,0.8956849372084925,crime,"D=1,Y=0",43,0.04416712503244857,0.8809523809523809
37,candidate,0.9865793506288837,crime,"D=1,Y=0",43,0.04416712503244857,0.8809523809523809
37,candidate,0.9181220964109338,crime,"D=1,Y=0",43,0.04416712503244857,0.8809523809523809
37,candidate,0.8723925022489781,crime,"D=1,Y=0",43,0.04416712503244857,0.8809523809523809
38,selected,0.9866489131590302,crime,"D=1,Y=0",43,0.04416712503244857,0.9047619047619048
38,candidate,0.8581877820213794,crime,"D=1,Y=0",43,0.04416712503244857,0.9047619047619048
38,candidate,0.8219683306261589,crime,"D=1,Y=0",43,0.04416712503244857,0.9047619047619048
38,candidate,0.8434055613569584,crime,"D=1,Y=0",43,0.04416712503244857,0.9047619047619048
38,candidate,0.8426320611776278,crime,"D=1,Y=0",43,0.04416712503244857,0.9047619047619048
38,candidate,0.8256441382767636,crime,"D=1,Y=0",43,0.04416712503244857,0.9047619047619048
38,candidate,0.9249451568392698,crime,"D=1,Y=0",43,0.04416712503244857,0.9047619047619048
38,candidate,0.897160197620282,crime,"D=1,Y=0",43,0.04416712503244857,0.9047619047619048
38,candidate,0.8669884932764069,crime,"D=1,Y=0",43,0.04416712503244857,0.9047619047619048
38,candidate,0.8704964296857207,crime,"D=1,Y=0",43,0.04416712503244857,0.9047619047619048
38,candidate,0.8003731669627169,crime,"D=1,Y=0",43,0.04416712503244857,0.9047619047619048
38,candidate,0.8566863161217366,crime,"D=1,Y=0",43,0.04416712503244857,0.9047619047619048
38,candidate,0.8980950712496244,crime,"D=1,Y=0",43,0.04416712503244857,0.9047619047619048
38,candidate,0.861839484552032,crime,"D=1,Y=0",43,0.04416712503244857,0.9047619047619048
38,candidate,0.8549436190373803,crime,"D=1,Y=0",43,0.04416712503244857,0.9047619047619048
38,candidate,0.9833168475144017,crime,"D=1,Y=0",43,0.04416712503244857,0.9047619047619048
38,candidate,0.8364238138728891,crime,"D=1,Y=0",43,0.04416712503244857,0.9047619047619048
38,candidate,0.8866709526456432,crime,"D=1,Y=0",43,0.04416712503244857,0.9047619047619048
38,candidate,0.7773178711283647,crime,"D=1,Y=0",43,0.04416712503244857,0.9047619047619048
38,candidate,0.8703539600646706,crime,"D=1,Y=0",43,0.04416712503244857,0.9047619047619048
38,candidate,0.9215108058819194,crime,"D=1,Y=0",43,0.04416712503244857,0.9047619047619048
39,selected,0.9408067106930866,crime,"D=1,Y=0",43,0.04416712503244857,0.9285714285714286
39,candidate,0.8532002778112894,crime,"D=1,Y=0",43,0.04416712503244857,0.9285714285714286
39,candidate,0.9048757019357863,crime,"D=1,Y=0",43,0.04416712503244857,0.9285714285714286
39,candidate,0.8676330881073351,crime,"D=1,Y=0",43,0.04416712503244857,0.9285714285714286
39,candidate,0.9248195369957344,crime,"D=1,Y=0",43,0.04416712503244857,0.9285714285714286
39,candidate,0.8104829215506668,crime,"D=1,Y=0",43,0.04416712503244857,0.9285714285714286
39,candidate,0.8951311362016814,crime,"D=1,Y=0",43,0.04416712503244857,0.9285714285714286
39,candidate,0.8918347138777613,crime,"D=1,Y=0",43,0.04416712503244857,0.9285714285714286
39,candidate,0.8716700122651718,crime,"D=1,Y=0",43,0.04416712503244857,0.9285714285714286
39,candidate,0.8778099708855852,crime,"D=1,Y=0",43,0.04416712503244857,0.9285714285714286
39,candidate,0.8220987873759753,crime,"D=1,Y=0",43,0.04416712503244857,0.9285714285714286
39,candidate,0.8888132030925622,crime,"D=1,Y=0",43,0.04416712503244857,0.9285714285714286
39,candidate,0.7930811529844602,crime,"D=1,Y=0",43,0.04416712503244857,0.9285714285714286
39,candidate,0.9146898939757631,crime,"D=1,Y=0",43,0.04416712503244857,0.9285714285714286
39,candidate,0.9042071138370724,crime,"D=1,Y=0",43,0.04416712503244857,0.9285714285714286
39,candidate,0.878651886437928,crime,"D=1,Y=0",43,0.04416712503244857,0.9285714285714286
39,candidate,0.8593441233030964,crime,"D=1,Y=0",43,0.04416712503244857,0.9285714285714286
39,candidate,0.8748704664298115,crime,"D=1,Y=0",43,0.04416712503244857,0.9285714285714286
39,candidate,0.8297105182297219,crime,"D=1,Y=0",43,0.04416712503244857,0.9285714285714286
39,candidate,0.798506533089416,crime,"D=1,Y=0",43,0.04416712503244857,0.9285714285714286
39,candidate,0.8244278259727674,crime,"D=1,Y=0",43,0.04416712503244857,0.9285714285714286
40,selected,0.9200811550788867,crime,"D=1,Y=0",43,0.04416712503244857,0.9523809523809523
40,candidate,0.7844677113571921,crime,"D=1,Y=0",43,0.04416712503244857,0.9523809523809523
40,candidate,0.8378605416135595,crime,"D=1,Y=0",43,0.04416712503244857,0.9523809523809523
40,candidate,0.849388397091069,crime,"D=1,Y=0",43,0.04416712503244857,0.9523809523809523
40,candidate,0.737775308561379,crime,"D=1,Y=0",43,0.04416712503244857,0.9523809523809523
40,candidate,0.8429829248689735,crime,"D=1,Y=0",43,0.04416712503244857,0.9523809523809523
40,candidate,0.8099906103048838,crime,"D=1,Y=0",43,0.04416712503244857,0.9523809523809523
40,candidate,0.8703901923023645,crime,"D=1,Y=0",43,0.04416712503244857,0.9523809523809523
40,candidate,0.7978667442584071,crime,"D=1,Y=0",43,0.04416712503244857,0.9523809523809523
40,candidate,0.7747021456951134,crime,"D=1,Y=0",43,0.04416712503244857,0.9523809523809523
40,candidate,0.6976511601250045,crime,"D=1,Y=0",43,0.04416712503244857,0.9523809523809523
40,candidate,0.8311757885264579,crime,"D=1,Y=0",43,0.04416712503244857,0.9523809523809523
40,candidate,0.9443620094830159,crime,"D=1,Y=0",43,0.04416712503244857,0.9523809523809523
40,candidate,0.8571540504385782,crime,"D=1,Y=0",43,0.04416712503244857,0.9523809523809523
40,candidate,0.7227398142276165,crime,"D=1,Y=0",43,0.04416712503244857,0.9523809523809523
40,candidate,0.839270008999072,crime,"D=1,Y=0",43,0.04416712503244857,0.9523809523809523
40,candidate,0.7693116740732285,crime,"D=1,Y=0",43,0.04416712503244857,0.9523809523809523
40,candidate,0.8415477315524912,crime,"D=1,Y=0",43,0.04416712503244857,0.9523809523809523
40,candidate,0.8759527315150997,crime,"D=1,Y=0",43,0.04416712503244857,0.9523809523809523
40,candidate,0.8725614684468653,crime,"D=1,Y=0",43,0.04416712503244857,0.9523809523809523
40,candidate,0.8848739210374968,crime,"D=1,Y=0",43,0.04416712503244857,0.9523809523809523
41,selected,0.8316186471155138,crime,"D=1,Y=0",43,0.04416712503244857,0.9761904761904762
41,candidate,0.722537225453178,crime,"D=1,Y=0",43,0.04416712503244857,0.9761904761904762
41,candidate,0.7919536854412608,crime,"D=1,Y=0",43,0.04416712503244857,0.9761904761904762
41,candidate,0.7405508904087389,crime,"D=1,Y=0",43,0.04416712503244857,0.9761904761904762
41,candidate,0.8156776039362762,crime,"D=1,Y=0",43,0.04416712503244857,0.9761904761904762
41,candidate,0.7634511404859858,crime,"D=1,Y=0",43,0.04416712503244857,0.9761904761904762
41,candidate,0.758761045393868,crime,"D=1,Y=0",43,0.04416712503244857,0.9761904761904762
41,candidate,0.6933600568648292,crime,"D=1,Y=0",43,0.04416712503244857,0.9761904761904762
41,candidate,0.7661772744583925,crime,"D=1,Y=0",43,0.04416712503244857,0.9761904761904762
41,candidate,0.738480035503742,crime,"D=1,Y=0",43,0.04416712503244857,0.9761904761904762
41,candidate,0.7165610223131551,crime,"D=1,Y=0",43,0.04416712503244857,0.9761904761904762
41,candidate,0.6808227929344932,crime,"D=1,Y=0",43,0.04416712503244857,0.9761904761904762
41,candidate,0.7293728655303211,crime,"D=1,Y=0",43,0.04416712503244857,0.9761904761904762
41,candidate,0.7271179648625378,crime,"D=1,Y=0",43,0.04416712503244857,0.9761904761904762
41,candidate,0.7629701401083814,crime,"D=1,Y=0",43,0.04416712503244857,0.9761904761904762
41,candidate,0.7136892022869125,crime,"D=1,Y=0",43,0.04416712503244857,0.9761904761904762
41,candidate,0.6842315255019745,crime,"D=1,Y=0",43,0.04416712503244857,0.9761904761904762
41,candidate,0.800478183880028,crime,"D=1,Y=0",43,0.04416712503244857,0.9761904761904762
41,candidate,0.7222615769983792,crime,"D=1,Y=0",43,0.04416712503244857,0.9761904761904762
41,candidate,0.739222066880741,crime,"D=1,Y=0",43,0.04416712503244857,0.9761904761904762
41,candidate,0.7065744516066385,crime,"D=1,Y=0",43,0.04416712503244857,0.9761904761904762
42,selected,0.8483063346753205,crime,"D=1,Y=0",43,0.04416712503244857,1.0
42,candidate,0.5726803485642373,crime,"D=1,Y=0",43,0.04416712503244857,1.0
42,candidate,0.5868682121624342,crime,"D=1,Y=0",43,0.04416712503244857,1.0
42,candidate,0.6831263626736548,crime,"D=1,Y=0",43,0.04416712503244857,1.0
42,candidate,0.5909446575476565,crime,"D=1,Y=0",43,0.04416712503244857,1.0
42,candidate,0.5379332724929287,crime,"D=1,Y=0",43,0.04416712503244857,1.0
42,candidate,0.7285383718864318,crime,"D=1,Y=0",43,0.04416712503244857,1.0
42,candidate,0.6121093708174882,crime,"D=1,Y=0",43,0.04416712503244857,1.0
42,candidate,0.43832441698143004,crime,"D=1,Y=0",43,0.04416712503244857,1.0
42,candidate,0.5374731764893053,crime,"D=1,Y=0",43,0.04416712503244857,1.0
42,candidate,0.5784678079453929,crime,"D=1,Y=0",43,0.04416712503244857,1.0
42,candidate,0.5686356345234246,crime,"D=1,Y=0",43,0.04416712503244857,1.0
42,candidate,0.586073028774846,crime,"D=1,Y=0",43,0.04416712503244857,1.0
42,candidate,0.6436924175687496,crime,"D=1,Y=0",43,0.04416712503244857,1.0
42,candidate,0.659007782376773,crime,"D=1,Y=0",43,0.04416712503244857,1.0
42,candidate,0.5581335634523404,crime,"D=1,Y=0",43,0.04416712503244857,1.0
42,candidate,0.6637761455920338,crime,"D=1,Y=0",43,0.04416712503244857,1.0
42,candidate,0.5832364189963436,crime,"D=1,Y=0",43,0.04416712503244857,1.0
42,candidate,0.6395201510877567,crime,"D=1,Y=0",43,0.04416712503244857,1.0
42,candidate,0.6053895726816424,crime,"D=1,Y=0",43,0.04416712503244857,1.0
42,candidate,0.39398462792098105,crime,"D=1,Y=0",43,0.04416712503244857,1.0
0,selected,1.0,adult,"D=0,Y=1",26,0.34525153857429464,0.0
1,selected,1.0,adult,"D=0,Y=1",26,0.34525153857429464,0.04
2,selected,0.9946004471165498,adult,"D=0,Y=1",26,0.34525153857429464,0.08
3,selected,0.9998716024339286,adult,"D=0,Y=1",26,0.34525153857429464,0.12
4,selected,0.9934422462678503,adult,"D=0,Y=1",26,0.34525153857429464,0.16
5,selected,0.9999999999999996,adult,"D=0,Y=1",26,0.34525153857429464,0.2
6,selected,1.0,adult,"D=0,Y=1",26,0.34525153857429464,0.24
7,selected,0.9869752458798553,adult,"D=0,Y=1",26,0.34525153857429464,0.28
8,selected,0.996188444611144,adult,"D=0,Y=1",26,0.34525153857429464,0.32
9,selected,0.9966461934443948,adult,"D=0,Y=1",26,0.34525153857429464,0.36
10,selected,0.9996670595549283,adult,"D=0,Y=1",26,0.34525153857429464,0.4
11,selected,0.9941261755843754,adult,"D=0,Y=1",26,0.34525153857429464,0.44
12,selected,0.9897593493064152,adult,"D=0,Y=1",26,0.34525153857429464,0.48
13,selected,0.982569890413302,adult,"D=0,Y=1",26,0.34525153857429464,0.52
14,selected,0.9853251961853701,adult,"D=0,Y=1",26,0.34525153857429464,0.56
15,selected,0.9839111508284732,adult,"D=0,Y=1",26,0.34525153857429464,0.6
16,selected,0.9873691776099615,adult,"D=0,Y=1",26,0.34525153857429464,0.64
17,selected,0.9766010444535869,adult,"D=0,Y=1",26,0.34525153857429464,0.68
18,selected,0.9826073522174695,adult,"D=0,Y=1",26,0.34525153857429464,0.72
19,selected,0.9719895815408561,adult,"D=0,Y=1",26,0.34525153857429464,0.76
20,selected,0.9729800209547126,adult,"D=0,Y=1",26,0.34525153857429464,0.8
21,selected,0.9519168464906719,adult,"D=0,Y=1",26,0.34525153857429464,0.84
22,selected,0.9445008794907295,adult,"D=0,Y=1",26,0.34525153857429464,0.88
23,selected,0.9366047023897383,adult,"D=0,Y=1",26,0.34525153857429464,0.92
24,selected,0.9369212468654223,adult,"D=0,Y=1",26,0.34525153857429464,0.96
25,selected,0.9094548640503994,adult,"D=0,Y=1",26,0.34525153857429464,1.0
0,selected,0.9999999999999997,adult,"D=0,Y=0",84,0.33005561178188775,0.0
1,selected,0.9999999999999999,adult,"D=0,Y=0",84,0.33005561178188775,0.012048192771084338
2,selected,1.0,adult,"D=0,Y=0",84,0.33005561178188775,0.024096385542168676
3,selected,0.9999999999999996,adult,"D=0,Y=0",84,0.33005561178188775,0.03614457831325301
4,selected,1.0000000000000004,adult,"D=0,Y=0",84,0.33005561178188775,0.04819277108433735
5,selected,1.0000000000000004,adult,"D=0,Y=0",84,0.33005561178188775,0.060240963855421686
6,selected,0.9999999999999993,adult,"D=0,Y=0",84,0.33005561178188775,0.07228915662650602
7,selected,1.0000000000000009,adult,"D=0,Y=0",84,0.33005561178188775,0.08433734939759036
8,selected,0.9963206662165058,adult,"D=0,Y=0",84,0.33005561178188775,0.0963855421686747
9,selected,1.0,adult,"D=0,Y=0",84,0.33005561178188775,0.10843373493975904
10,selected,0.9999583322222256,adult,"D=0,Y=0",84,0.33005561178188775,0.12048192771084337
11,selected,0.9981160233297771,adult,"D=0,Y=0",84,0.33005561178188775,0.13253012048192772
12,selected,0.9999999999999997,adult,"D=0,Y=0",84,0.33005561178188775,0.14457831325301204
13,selected,1.0000000000000004,adult,"D=0,Y=0",84,0.33005561178188775,0.1566265060240964
14,selected,0.9999999999999997,adult,"D=0,Y=0",84,0.33005561178188775,0.1686746987951807
15,selected,0.9973629608636078,adult,"D=0,Y=0",84,0.33005561178188775,0.18072289156626506
16,selected,0.9999999999999984,adult,"D=0,Y=0",84,0.33005561178188775,0.1927710843373494
17,selected,0.999419631551846,adult,"D=0,Y=0",84,0.33005561178188775,0.20481927710843373
18,selected,0.9999805720720621,adult,"D=0,Y=0",84,0.33005561178188775,0.21686746987951808
19,selected,0.999999999999999,adult,"D=0,Y=0",84,0.33005561178188775,0.2289156626506024
20,selected,0.9973546765684449,adult,"D=0,Y=0",84,0.33005561178188775,0.24096385542168675
21,selected,1.000000000000001,adult,"D=0,Y=0",84,0.33005561178188775,0.25301204819277107
22,selected,0.9999999999999969,adult,"D=0,Y=0",84,0.33005561178188775,0.26506024096385544
23,selected,1.0000000000000013,adult,"D=0,Y=0",84,0.33005561178188775,0.27710843373493976
24,selected,1.000000000000002,adult,"D=0,Y=0",84,0.33005561178188775,0.2891566265060241
25,selected,0.9953211422875683,adult,"D=0,Y=0",84,0.33005561178188775,0.30120481927710846
26,selected,0.9990058417198852,adult,"D=0,Y=0",84,0.33005561178188775,0.3132530120481928
27,selected,0.9997960867719395,adult,"D=0,Y=0",84,0.33005561178188775,0.3253012048192771
28,selected,0.9883536443385779,adult,"D=0,Y=0",84,0.33005561178188775,0.3373493975903614
29,selected,1.0000000000000033,adult,"D=0,Y=0",84,0.33005561178188775,0.3493975903614458
30,selected,0.9924888209524934,adult,"D=0,Y=0",84,0.33005561178188775,0.3614457831325301
31,selected,0.98721805248532,adult,"D=0,Y=0",84,0.33005561178188775,0.37349397590361444
32,selected,0.9981667523630448,adult,"D=0,Y=0",84,0.33005561178188775,0.3855421686746988
33,selected,0.9999066005873332,adult,"D=0,Y=0",84,0.33005561178188775,0.39759036144578314
34,selected,1.0000000000000056,adult,"D=0,Y=0",84,0.33005561178188775,0.40963855421686746
35,selected,0.9992193500201596,adult,"D=0,Y=0",84,0.33005561178188775,0.42168674698795183
36,selected,0.991969284768487,adult,"D=0,Y=0",84,0.33005561178188775,0.43373493975903615
37,selected,0.998246269733274,adult,"D=0,Y=0",84,0.33005561178188775,0.4457831325301205
38,selected,1.000000000000003,adult,"D=0,Y=0",84,0.33005561178188775,0.4578313253012048
39,selected,0.9991684905764999,adult,"D=0,Y=0",84,0.33005561178188775,0.46987951807228917
40,selected,0.997712266373237,adult,"D=0,Y=0",84,0.33005561178188775,0.4819277108433735
41,selected,0.9977178059546237,adult,"D=0,Y=0",84,0.33005561178188775,0.4939759036144578
42,selected,0.9901615551970544,adult,"D=0,Y=0",84,0.33005561178188775,0.5060240963855421
43,selected,0.9887845450638005,adult,"D=0,Y=0",84,0.33005561178188775,0.5180722891566265
44,selected,0.9941714373536851,adult,"D=0,Y=0",84,0.33005561178188775,0.5301204819277109
45,selected,0.9951874777433483,adult,"D=0,Y=0",84,0.33005561178188775,0.5421686746987951
46,selected,0.9960822768348144,adult,"D=0,Y=0",84,0.33005561178188775,0.5542168674698795
47,selected,0.9976468710509443,adult,"D=0,Y=0",84,0.33005561178188775,0.5662650602409639
48,selected,0.9763639521220295,adult,"D=0,Y=0",84,0.33005561178188775,0.5783132530120482
49,selected,0.9791261355149442,adult,"D=0,Y=0",84,0.33005561178188775,0.5903614457831325
50,selected,0.9829681962233663,adult,"D=0,Y=0",84,0.33005561178188775,0.6024096385542169
51,selected,0.9981327049509119,adult,"D=0,Y=0",84,0.33005561178188775,0.6144578313253012
52,selected,0.9969907336060251,adult,"D=0,Y=0",84,0.33005561178188775,0.6265060240963856
53,selected,0.9876056294011036,adult,"D=0,Y=0",84,0.33005561178188775,0.6385542168674698
54,selected,0.9912206852567247,adult,"D=0,Y=0",84,0.33005561178188775,0.6506024096385542
55,selected,0.9887975167314084,adult,"D=0,Y=0",84,0.33005561178188775,0.6626506024096386
56,selected,0.9913845518784344,adult,"D=0,Y=0",84,0.33005561178188775,0.6746987951807228
57,selected,0.9883715046624848,adult,"D=0,Y=0",84,0.33005561178188775,0.6867469879518072
58,selected,0.9877613099864017,adult,"D=0,Y=0",84,0.33005561178188775,0.6987951807228916
59,selected,0.9936376104599708,adult,"D=0,Y=0",84,0.33005561178188775,0.7108433734939759
60,selected,0.9905835159513621,adult,"D=0,Y=0",84,0.33005561178188775,0.7228915662650602
61,selected,0.9789859929495904,adult,"D=0,Y=0",84,0.33005561178188775,0.7349397590361446
62,selected,0.9945166041139737,adult,"D=0,Y=0",84,0.33005561178188775,0.7469879518072289
63,selected,0.9845534088498973,adult,"D=0,Y=0",84,0.33005561178188775,0.7590361445783133
64,selected,0.9755742115756447,adult,"D=0,Y=0",84,0.33005561178188775,0.7710843373493976
65,selected,0.9777804996764833,adult,"D=0,Y=0",84,0.33005561178188775,0.7831325301204819
66,selected,0.965758284270475,adult,"D=0,Y=0",84,0.33005561178188775,0.7951807228915663
67,selected,0.9647066348270994,adult,"D=0,Y=0",84,0.33005561178188775,0.8072289156626506
68,selected,0.9580639118608617,adult,"D=0,Y=0",84,0.33005561178188775,0.8192771084337349
69,selected,0.9663219274862276,adult,"D=0,Y=0",84,0.33005561178188775,0.8313253012048193
70,selected,0.9740402298219124,adult,"D=0,Y=0",84,0.33005561178188775,0.8433734939759037
71,selected,0.9656397824100997,adult,"D=0,Y=0",84,0.33005561178188775,0.8554216867469879
72,selected,0.9702952248272122,adult,"D=0,Y=0",84,0.33005561178188775,0.8674698795180723
73,selected,0.9557298927204992,adult,"D=0,Y=0",84,0.33005561178188775,0.8795180722891566
74,selected,0.9566650618580875,adult,"D=0,Y=0",84,0.33005561178188775,0.891566265060241
75,selected,0.9815635195934598,adult,"D=0,Y=0",84,0.33005561178188775,0.9036144578313253
76,selected,0.9437492272669579,adult,"D=0,Y=0",84,0.33005561178188775,0.9156626506024096
77,selected,0.9397100850091458,adult,"D=0,Y=0",84,0.33005561178188775,0.927710843373494
78,selected,0.9548499417092285,adult,"D=0,Y=0",84,0.33005561178188775,0.9397590361445783
79,selected,0.9271509666949324,adult,"D=0,Y=0",84,0.33005561178188775,0.9518072289156626
80,selected,0.9322128567203342,adult,"D=0,Y=0",84,0.33005561178188775,0.963855421686747
81,selected,0.9291047338518612,adult,"D=0,Y=0",84,0.33005561178188775,0.9759036144578314
82,selected,0.9048358258424548,adult,"D=0,Y=0",84,0.33005561178188775,0.9879518072289156
83,selected,0.9089170086813411,adult,"D=0,Y=0",84,0.33005561178188775,1.0
0,selected,1.0,adult,"D=1,Y=1",53,0.2510013333211567,0.0
1,selected,0.9999999999999996,adult,"D=1,Y=1",53,0.2510013333211567,0.019230769230769232
2,selected,1.0000000000000007,adult,"D=1,Y=1",53,0.2510013333211567,0.038461538461538464
3,selected,0.9999999999999994,adult,"D=1,Y=1",53,0.2510013333211567,0.057692307692307696
4,selected,1.0000000000000002,adult,"D=1,Y=1",53,0.2510013333211567,0.07692307692307693
5,selected,1.0,adult,"D=1,Y=1",53,0.2510013333211567,0.09615384615384616
6,selected,0.9989786830590626,adult,"D=1,Y=1",53,0.2510013333211567,0.11538461538461539
7,selected,0.999999999999999,adult,"D=1,Y=1",53,0.2510013333211567,0.1346153846153846
8,selected,1.0000000000000004,adult,"D=1,Y=1",53,0.2510013333211567,0.15384615384615385
9,selected,1.0000000000000004,adult,"D=1,Y=1",53,0.2510013333211567,0.17307692307692307
10,selected,0.9999999999999982,adult,"D=1,Y=1",53,0.2510013333211567,0.19230769230769232
11,selected,0.9986952570046453,adult,"D=1,Y=1",53,0.2510013333211567,0.21153846153846154
12,selected,0.9979331830066552,adult,"D=1,Y=1",53,0.2510013333211567,0.23076923076923078
13,selected,0.9983267367775575,adult,"D=1,Y=1",53,0.2510013333211567,0.25
14,selected,0.999999999999999,adult,"D=1,Y=1",53,0.2510013333211567,0.2692307692307692
15,selected,0.9982787446360059,adult,"D=1,Y=1",53,0.2510013333211567,0.28846153846153844
16,selected,0.9913792919877594,adult,"D=1,Y=1",53,0.2510013333211567,0.3076923076923077
17,selected,1.0000000000000033,adult,"D=1,Y=1",53,0.2510013333211567,0.3269230769230769
18,selected,0.9999999999999992,adult,"D=1,Y=1",53,0.2510013333211567,0.34615384615384615
19,selected,0.9929924176271882,adult,"D=1,Y=1",53,0.2510013333211567,0.36538461538461536
20,selected,0.9999381698827365,adult,"D=1,Y=1",53,0.2510013333211567,0.38461538461538464
21,selected,0.9995169792023626,adult,"D=1,Y=1",53,0.2510013333211567,0.40384615384615385
22,selected,0.9999999999999982,adult,"D=1,Y=1",53,0.2510013333211567,0.4230769230769231
23,selected,0.9999999999999996,adult,"D=1,Y=1",53,0.2510013333211567,0.4423076923076923
24,selected,1.0000000000000016,adult,"D=1,Y=1",53,0.2510013333211567,0.46153846153846156
25,selected,0.9982147256564784,adult,"D=1,Y=1",53,0.2510013333211567,0.4807692307692308
26,selected,0.9996998590296904,adult,"D=1,Y=1",53,0.2510013333211567,0.5
27,selected,0.9855216442077037,adult,"D=1,Y=1",53,0.2510013333211567,0.5192307692307693
28,selected,0.9882097130641413,adult,"D=1,Y=1",53,0.2510013333211567,0.5384615384615384
29,selected,0.999669711278194,adult,"D=1,Y=1",53,0.2510013333211567,0.5576923076923077
30,selected,0.9991635090389429,adult,"D=1,Y=1",53,0.2510013333211567,0.5769230769230769
31,selected,0.9957428340982588,adult,"D=1,Y=1",53,0.2510013333211567,0.5961538461538461
32,selected,0.9922391649069244,adult,"D=1,Y=1",53,0.2510013333211567,0.6153846153846154
33,selected,0.9976265897457012,adult,"D=1,Y=1",53,0.2510013333211567,0.6346153846153846
34,selected,0.9984148192043403,adult,"D=1,Y=1",53,0.2510013333211567,0.6538461538461539
35,selected,0.9992604917846791,adult,"D=1,Y=1",53,0.2510013333211567,0.6730769230769231
36,selected,0.9869094707065936,adult,"D=1,Y=1",53,0.2510013333211567,0.6923076923076923
37,selected,0.9940809277283846,adult,"D=1,Y=1",53,0.2510013333211567,0.7115384615384616
38,selected,0.9832321870440736,adult,"D=1,Y=1",53,0.2510013333211567,0.7307692307692307
39,selected,0.9998291228401308,adult,"D=1,Y=1",53,0.2510013333211567,0.75
40,selected,0.9824787597201784,adult,"D=1,Y=1",53,0.2510013333211567,0.7692307692307693
41,selected,0.9764024458842697,adult,"D=1,Y=1",53,0.2510013333211567,0.7884615384615384
42,selected,0.9709767938136489,adult,"D=1,Y=1",53,0.2510013333211567,0.8076923076923077
43,selected,0.9773991968592048,adult,"D=1,Y=1",53,0.2510013333211567,0.8269230769230769
44,selected,0.9642034075249123,adult,"D=1,Y=1",53,0.2510013333211567,0.8461538461538461
45,selected,0.9574086677840488,adult,"D=1,Y=1",53,0.2510013333211567,0.8653846153846154
46,selected,0.9585361115566858,adult,"D=1,Y=1",53,0.2510013333211567,0.8846153846153846
47,selected,0.9635999759432072,adult,"D=1,Y=1",53,0.2510013333211567,0.9038461538461539
48,selected,0.9478560020415345,adult,"D=1,Y=1",53,0.2510013333211567,0.9230769230769231
49,selected,0.9576143473036872,adult,"D=1,Y=1",53,0.2510013333211567,0.9423076923076923
50,selected,0.9349935434512491,adult,"D=1,Y=1",53,0.2510013333211567,0.9615384615384616
51,selected,0.9393618907963643,adult,"D=1,Y=1",53,0.2510013333211567,0.9807692307692307
52,selected,0.8799812499397127,adult,"D=1,Y=1",53,0.2510013333211567,1.0
0,selected,1.0000000000000002,adult,"D=1,Y=0",167,0.1850095832026506,0.0
1,selected,1.0,adult,"D=1,Y=0",167,0.1850095832026506,0.006024096385542169
2,selected,1.0000000000000002,adult,"D=1,Y=0",167,0.1850095832026506,0.012048192771084338
3,selected,1.0,adult,"D=1,Y=0",167,0.1850095832026506,0.018072289156626505
4,selected,1.0000000000000002,adult,"D=1,Y=0",167,0.1850095832026506,0.024096385542168676
5,selected,0.9998867651857225,adult,"D=1,Y=0",167,0.1850095832026506,0.030120481927710843
6,selected,1.0000000000000009,adult,"D=1,Y=0",167,0.1850095832026506,0.03614457831325301
7,selected,1.0,adult,"D=1,Y=0",167,0.1850095832026506,0.04216867469879518
8,selected,1.0000000000000009,adult,"D=1,Y=0",167,0.1850095832026506,0.04819277108433735
9,selected,0.9998840679034262,adult,"D=1,Y=0",167,0.1850095832026506,0.05421686746987952
10,selected,0.9995826933929548,adult,"D=1,Y=0",167,0.1850095832026506,0.060240963855421686
11,selected,1.0000000000000022,adult,"D=1,Y=0",167,0.1850095832026506,0.06626506024096386
12,selected,0.999999999999998,adult,"D=1,Y=0",167,0.1850095832026506,0.07228915662650602
13,selected,1.0000000000000007,adult,"D=1,Y=0",167,0.1850095832026506,0.0783132530120482
14,selected,0.9999999999999992,adult,"D=1,Y=0",167,0.1850095832026506,0.08433734939759036
15,selected,1.000000000000002,adult,"D=1,Y=0",167,0.1850095832026506,0.09036144578313253
16,selected,0.9999999999999986,adult,"D=1,Y=0",167,0.1850095832026506,0.0963855421686747
17,selected,1.0000000000000022,adult,"D=1,Y=0",167,0.1850095832026506,0.10240963855421686
18,selected,0.9999064204436324,adult,"D=1,Y=0",167,0.1850095832026506,0.10843373493975904
19,selected,1.0000000000000007,adult,"D=1,Y=0",167,0.1850095832026506,0.1144578313253012
20,selected,0.999999999999999,adult,"D=1,Y=0",167,0.1850095832026506,0.12048192771084337
21,selected,0.9999999999999966,adult,"D=1,Y=0",167,0.1850095832026506,0.12650602409638553
22,selected,1.0000000000000044,adult,"D=1,Y=0",167,0.1850095832026506,0.13253012048192772
23,selected,0.9999999999999947,adult,"D=1,Y=0",167,0.1850095832026506,0.13855421686746988
24,selected,1.000000000000005,adult,"D=1,Y=0",167,0.1850095832026506,0.14457831325301204
25,selected,0.9978696467135619,adult,"D=1,Y=0",167,0.1850095832026506,0.15060240963855423
26,selected,1.0000000000000044,adult,"D=1,Y=0",167,0.1850095832026506,0.1566265060240964
27,selected,0.999999999999995,adult,"D=1,Y=0",167,0.1850095832026506,0.16265060240963855
28,selected,0.9999965623329276,adult,"D=1,Y=0",167,0.1850095832026506,0.1686746987951807
29,selected,0.9999522101426357,adult,"D=1,Y=0",167,0.1850095832026506,0.1746987951807229
30,selected,1.0,adult,"D=1,Y=0",167,0.1850095832026506,0.18072289156626506
31,selected,0.9999999999999981,adult,"D=1,Y=0",167,0.1850095832026506,0.18674698795180722
32,selected,0.9999999999999991,adult,"D=1,Y=0",167,0.1850095832026506,0.1927710843373494
33,selected,0.9999074640723385,adult,"D=1,Y=0",167,0.1850095832026506,0.19879518072289157
34,selected,1.000000000000002,adult,"D=1,Y=0",167,0.1850095832026506,0.20481927710843373
35,selected,1.000000000000003,adult,"D=1,Y=0",167,0.1850095832026506,0.21084337349397592
36,selected,0.999999999999998,adult,"D=1,Y=0",167,0.1850095832026506,0.21686746987951808
37,selected,1.0000000000000013,adult,"D=1,Y=0",167,0.1850095832026506,0.22289156626506024
38,selected,0.9999999999999977,adult,"D=1,Y=0",167,0.1850095832026506,0.2289156626506024
39,selected,1.0000000000000044,adult,"D=1,Y=0",167,0.1850095832026506,0.23493975903614459
40,selected,0.9999999999999991,adult,"D=1,Y=0",167,0.1850095832026506,0.24096385542168675
41,selected,0.9999052428471762,adult,"D=1,Y=0",167,0.1850095832026506,0.2469879518072289
42,selected,0.999999999999998,adult,"D=1,Y=0",167,0.1850095832026506,0.25301204819277107
43,selected,0.9999999999999983,adult,"D=1,Y=0",167,0.1850095832026506,0.25903614457831325
44,selected,0.9999999999999987,adult,"D=1,Y=0",167,0.1850095832026506,0.26506024096385544
45,selected,0.9993286687390356,adult,"D=1,Y=0",167,0.1850095832026506,0.2710843373493976
46,selected,1.0000000000000004,adult,"D=1,Y=0",167,0.1850095832026506,0.27710843373493976
47,selected,0.9999999999999984,adult,"D=1,Y=0",167,0.1850095832026506,0.28313253012048195
48,selected,0.9999999999999987,adult,"D=1,Y=0",167,0.1850095832026506,0.2891566265060241
49,selected,0.9944562906177059,adult,"D=1,Y=0",167,0.1850095832026506,0.29518072289156627
50,selected,1.0000000000000138,adult,"D=1,Y=0",167,0.1850095832026506,0.30120481927710846
51,selected,0.9999999999999809,adult,"D=1,Y=0",167,0.1850095832026506,0.3072289156626506
52,selected,1.0000000000000127,adult,"D=1,Y=0",167,0.1850095832026506,0.3132530120481928
53,selected,0.9999989433586055,adult,"D=1,Y=0",167,0.1850095832026506,0.3192771084337349
54,selected,0.9999999999999883,adult,"D=1,Y=0",167,0.1850095832026506,0.3253012048192771
55,selected,0.9954853151448059,adult,"D=1,Y=0",167,0.1850095832026506,0.3313253012048193
56,selected,0.9969844714104481,adult,"D=1,Y=0",167,0.1850095832026506,0.3373493975903614
57,selected,1.000000000000007,adult,"D=1,Y=0",167,0.1850095832026506,0.3433734939759036
58,selected,1.0000000000000098,adult,"D=1,Y=0",167,0.1850095832026506,0.3493975903614458
59,selected,0.9999999999999848,adult,"D=1,Y=0",167,0.1850095832026506,0.35542168674698793
60,selected,0.9995923998915976,adult,"D=1,Y=0",167,0.1850095832026506,0.3614457831325301
61,selected,0.9982528319890361,adult,"D=1,Y=0",167,0.1850095832026506,0.3674698795180723
62,selected,0.9999999999999926,adult,"D=1,Y=0",167,0.1850095832026506,0.37349397590361444
63,selected,0.9988366896887881,adult,"D=1,Y=0",167,0.1850095832026506,0.3795180722891566
64,selected,0.9999999999999956,adult,"D=1,Y=0",167,0.1850095832026506,0.3855421686746988
65,selected,0.9957085088597486,adult,"D=1,Y=0",167,0.1850095832026506,0.39156626506024095
66,selected,0.9982164986126171,adult,"D=1,Y=0",167,0.1850095832026506,0.39759036144578314
67,selected,0.9934121244674793,adult,"D=1,Y=0",167,0.1850095832026506,0.4036144578313253
68,selected,0.9989567656676364,adult,"D=1,Y=0",167,0.1850095832026506,0.40963855421686746
69,selected,1.0000000000000004,adult,"D=1,Y=0",167,0.1850095832026506,0.41566265060240964
70,selected,0.9989922557930629,adult,"D=1,Y=0",167,0.1850095832026506,0.42168674698795183
71,selected,0.99999919143428,adult,"D=1,Y=0",167,0.1850095832026506,0.42771084337349397
72,selected,0.9999999999999956,adult,"D=1,Y=0",167,0.1850095832026506,0.43373493975903615
73,selected,0.9993924649877177,adult,"D=1,Y=0",167,0.1850095832026506,0.4397590361445783
74,selected,1.000000000000009,adult,"D=1,Y=0",167,0.1850095832026506,0.4457831325301205
75,selected,0.9999999999999847,adult,"D=1,Y=0",167,0.1850095832026506,0.45180722891566266
76,selected,0.9950711312737464,adult,"D=1,Y=0",167,0.1850095832026506,0.4578313253012048
77,selected,0.9999999999999898,adult,"D=1,Y=0",167,0.1850095832026506,0.463855421686747
78,selected,1.000000000000009,adult,"D=1,Y=0",167,0.1850095832026506,0.46987951807228917
79,selected,0.9946327091094164,adult,"D=1,Y=0",167,0.1850095832026506,0.4759036144578313
80,selected,0.999986340075377,adult,"D=1,Y=0",167,0.1850095832026506,0.4819277108433735
81,selected,0.9999999999999974,adult,"D=1,Y=0",167,0.1850095832026506,0.4879518072289157
82,selected,0.9997182338281045,adult,"D=1,Y=0",167,0.1850095832026506,0.4939759036144578
83,selected,0.9988243779362997,adult,"D=1,Y=0",167,0.1850095832026506,0.5
84,selected,0.99873004458746,adult,"D=1,Y=0",167,0.1850095832026506,0.5060240963855421
85,selected,0.9991328267471145,adult,"D=1,Y=0",167,0.1850095832026506,0.5120481927710844
86,selected,0.9999999999999971,adult,"D=1,Y=0",167,0.1850095832026506,0.5180722891566265
87,selected,0.9994234887141749,adult,"D=1,Y=0",167,0.1850095832026506,0.5240963855421686
88,selected,0.9882113594148049,adult,"D=1,Y=0",167,0.1850095832026506,0.5301204819277109
89,selected,0.9896720341754043,adult,"D=1,Y=0",167,0.1850095832026506,0.536144578313253
90,selected,0.9999985197280802,adult,"D=1,Y=0",167,0.1850095832026506,0.5421686746987951
91,selected,0.9940723740408584,adult,"D=1,Y=0",167,0.1850095832026506,0.5481927710843374
92,selected,0.9962790871353571,adult,"D=1,Y=0",167,0.1850095832026506,0.5542168674698795
93,selected,0.9988899645884135,adult,"D=1,Y=0",167,0.1850095832026506,0.5602409638554217
94,selected,0.998912756992889,adult,"D=1,Y=0",167,0.1850095832026506,0.5662650602409639
95,selected,0.9891940212000669,adult,"D=1,Y=0",167,0.1850095832026506,0.572289156626506
96,selected,0.9995694092312872,adult,"D=1,Y=0",167,0.1850095832026506,0.5783132530120482
97,selected,0.9985146941345602,adult,"D=1,Y=0",167,0.1850095832026506,0.5843373493975904
98,selected,0.9984117914804537,adult,"D=1,Y=0",167,0.1850095832026506,0.5903614457831325
99,selected,0.997449194181303,adult,"D=1,Y=0",167,0.1850095832026506,0.5963855421686747
100,selected,0.9984758970985139,adult,"D=1,Y=0",167,0.1850095832026506,0.6024096385542169
101,selected,1.000000000000018,adult,"D=1,Y=0",167,0.1850095832026506,0.608433734939759
102,selected,0.992529626967944,adult,"D=1,Y=0",167,0.1850095832026506,0.6144578313253012
103,selected,0.9951405901135754,adult,"D=1,Y=0",167,0.1850095832026506,0.6204819277108434
104,selected,1.0000000000000029,adult,"D=1,Y=0",167,0.1850095832026506,0.6265060240963856
105,selected,0.9884691821730796,adult,"D=1,Y=0",167,0.1850095832026506,0.6325301204819277
106,selected,0.9963020057966,adult,"D=1,Y=0",167,0.1850095832026506,0.6385542168674698
107,selected,0.9956954514685048,adult,"D=1,Y=0",167,0.1850095832026506,0.6445783132530121
108,selected,1.0000000000000173,adult,"D=1,Y=0",167,0.1850095832026506,0.6506024096385542
109,selected,0.9999462149096621,adult,"D=1,Y=0",167,0.1850095832026506,0.6566265060240963
110,selected,0.9946572788432841,adult,"D=1,Y=0",167,0.1850095832026506,0.6626506024096386
111,selected,0.9999999999999846,adult,"D=1,Y=0",167,0.1850095832026506,0.6686746987951807
112,selected,0.9919051607438454,adult,"D=1,Y=0",167,0.1850095832026506,0.6746987951807228
113,selected,0.9923023348040334,adult,"D=1,Y=0",167,0.1850095832026506,0.6807228915662651
114,selected,0.991903927751173,adult,"D=1,Y=0",167,0.1850095832026506,0.6867469879518072
115,selected,0.9882780636911788,adult,"D=1,Y=0",167,0.1850095832026506,0.6927710843373494
116,selected,0.9963632610622386,adult,"D=1,Y=0",167,0.1850095832026506,0.6987951807228916
117,selected,0.9985939871578546,adult,"D=1,Y=0",167,0.1850095832026506,0.7048192771084337
118,selected,0.981583438258581,adult,"D=1,Y=0",167,0.1850095832026506,0.7108433734939759
119,selected,0.9943876271775008,adult,"D=1,Y=0",167,0.1850095832026506,0.7168674698795181
120,selected,0.9854031833655585,adult,"D=1,Y=0",167,0.1850095832026506,0.7228915662650602
121,selected,0.9832841491254263,adult,"D=1,Y=0",167,0.1850095832026506,0.7289156626506024
122,selected,0.979896949973197,adult,"D=1,Y=0",167,0.1850095832026506,0.7349397590361446
123,selected,0.9902225917042143,adult,"D=1,Y=0",167,0.1850095832026506,0.7409638554216867
124,selected,0.9830001574409746,adult,"D=1,Y=0",167,0.1850095832026506,0.7469879518072289
125,selected,0.9893121245723261,adult,"D=1,Y=0",167,0.1850095832026506,0.7530120481927711
126,selected,0.9749259841248616,adult,"D=1,Y=0",167,0.1850095832026506,0.7590361445783133
127,selected,0.9999999999999853,adult,"D=1,Y=0",167,0.1850095832026506,0.7650602409638554
128,selected,0.9800852438682074,adult,"D=1,Y=0",167,0.1850095832026506,0.7710843373493976
129,selected,0.9837063977425745,adult,"D=1,Y=0",167,0.1850095832026506,0.7771084337349398
130,selected,0.9812540205797416,adult,"D=1,Y=0",167,0.1850095832026506,0.7831325301204819
131,selected,0.9795819063740516,adult,"D=1,Y=0",167,0.1850095832026506,0.7891566265060241
132,selected,0.997424293404283,adult,"D=1,Y=0",167,0.1850095832026506,0.7951807228915663
133,selected,0.9947291063577433,adult,"D=1,Y=0",167,0.1850095832026506,0.8012048192771084
134,selected,0.9688995461513172,adult,"D=1,Y=0",167,0.1850095832026506,0.8072289156626506
135,selected,0.9981422530315508,adult,"D=1,Y=0",167,0.1850095832026506,0.8132530120481928
136,selected,0.9622037404745423,adult,"D=1,Y=0",167,0.1850095832026506,0.8192771084337349
137,selected,0.965428997155824,adult,"D=1,Y=0",167,0.1850095832026506,0.8253012048192772
138,selected,0.9792083247069783,adult,"D=1,Y=0",167,0.1850095832026506,0.8313253012048193
139,selected,0.99270792018816,adult,"D=1,Y=0",167,0.1850095832026506,0.8373493975903614
140,selected,0.9819433430007914,adult,"D=1,Y=0",167,0.1850095832026506,0.8433734939759037
141,selected,0.9833922080914647,adult,"D=1,Y=0",167,0.1850095832026506,0.8493975903614458
142,selected,0.9991145778919311,adult,"D=1,Y=0",167,0.1850095832026506,0.8554216867469879
143,selected,0.9794303055598242,adult,"D=1,Y=0",167,0.1850095832026506,0.8614457831325302
144,selected,0.9957997090747331,adult,"D=1,Y=0",167,0.1850095832026506,0.8674698795180723
145,selected,0.9545139222441229,adult,"D=1,Y=0",167,0.1850095832026506,0.8734939759036144
146,selected,0.9774223504994922,adult,"D=1,Y=0",167,0.1850095832026506,0.8795180722891566
147,selected,0.9729046019017425,adult,"D=1,Y=0",167,0.1850095832026506,0.8855421686746988
148,selected,0.9724610552097838,adult,"D=1,Y=0",167,0.1850095832026506,0.891566265060241
149,selected,0.9545006912588736,adult,"D=1,Y=0",167,0.1850095832026506,0.8975903614457831
150,selected,0.9779443493353943,adult,"D=1,Y=0",167,0.1850095832026506,0.9036144578313253
151,selected,0.9890237718868139,adult,"D=1,Y=0",167,0.1850095832026506,0.9096385542168675
152,selected,0.9585589756681101,adult,"D=1,Y=0",167,0.1850095832026506,0.9156626506024096
153,selected,0.9533906484151491,adult,"D=1,Y=0",167,0.1850095832026506,0.9216867469879518
154,selected,0.9348279696871172,adult,"D=1,Y=0",167,0.1850095832026506,0.927710843373494
155,selected,0.9691931865980727,adult,"D=1,Y=0",167,0.1850095832026506,0.9337349397590361
156,selected,0.9544259597769823,adult,"D=1,Y=0",167,0.1850095832026506,0.9397590361445783
157,selected,0.9882067079073767,adult,"D=1,Y=0",167,0.1850095832026506,0.9457831325301205
158,selected,0.9623997895093064,adult,"D=1,Y=0",167,0.1850095832026506,0.9518072289156626
159,selected,0.9918321470813438,adult,"D=1,Y=0",167,0.1850095832026506,0.9578313253012049
160,selected,0.9744780020456145,adult,"D=1,Y=0",167,0.1850095832026506,0.963855421686747
161,selected,0.9317279123767291,adult,"D=1,Y=0",167,0.1850095832026506,0.9698795180722891
162,selected,0.9307341128898629,adult,"D=1,Y=0",167,0.1850095832026506,0.9759036144578314
163,selected,0.9534730551761429,adult,"D=1,Y=0",167,0.1850095832026506,0.9819277108433735
164,selected,0.9070083506364314,adult,"D=1,Y=0",167,0.1850095832026506,0.9879518072289156
165,selected,0.9027972890116076,adult,"D=1,Y=0",167,0.1850095832026506,0.9939759036144579
166,selected,0.8526448667686385,adult,"D=1,Y=0",167,0.1850095832026506,1.0
